timestamp,open,high,low,close,volume
2024-06-11 10:00:00,3514.8,3549.36,3506.03,3529.4,24251.3146
2024-06-11 11:00:00,3529.4,3541.69,3522.0,3529.56,11823.4874
2024-06-11 12:00:00,3529.56,3546.47,3524.22,3534.01,11303.1233
2024-06-11 13:00:00,3534.0,3545.82,3508.91,3521.24,15660.5149
2024-06-11 14:00:00,3521.23,3536.38,3512.12,3513.5,13276.3418
2024-06-11 15:00:00,3513.5,3530.0,3432.01,3447.75,61935.2039
2024-06-11 16:00:00,3447.75,3482.07,3443.66,3452.71,28530.9546
2024-06-11 17:00:00,3452.71,3479.98,3432.0,3471.99,17381.1105
2024-06-11 18:00:00,3471.98,3496.62,3465.71,3489.79,12755.9663
2024-06-11 19:00:00,3489.79,3502.44,3477.99,3497.21,13866.3181
2024-06-11 20:00:00,3497.21,3498.14,3483.7,3487.7,6784.7618
2024-06-11 21:00:00,3487.7,3503.03,3485.8,3501.86,4218.6423
2024-06-11 22:00:00,3501.86,3509.0,3497.18,3500.6,6583.617
2024-06-11 23:00:00,3500.61,3509.65,3492.99,3497.33,5821.1106
2024-06-12 00:00:00,3497.33,3505.59,3489.26,3492.99,5904.547
2024-06-12 01:00:00,3492.99,3495.77,3462.07,3482.67,10370.7214
2024-06-12 02:00:00,3482.66,3507.33,3476.38,3498.61,11712.2962
2024-06-12 03:00:00,3498.6,3513.78,3495.27,3509.99,8121.5746
2024-06-12 04:00:00,3509.99,3532.39,3509.06,3521.48,10218.7638
2024-06-12 05:00:00,3521.48,3521.99,3507.02,3508.56,7408.079
2024-06-12 06:00:00,3508.56,3521.5,3507.7,3516.0,5451.3397
2024-06-12 07:00:00,3515.99,3527.67,3514.44,3526.71,5960.007
2024-06-12 08:00:00,3526.7,3531.71,3519.81,3520.2,6557.5425
2024-06-12 09:00:00,3520.2,3542.6,3516.95,3538.86,9129.5565
2024-06-12 10:00:00,3538.85,3563.56,3536.86,3544.15,14820.8389
2024-06-12 11:00:00,3544.16,3549.43,3529.4,3531.72,7725.6011
2024-06-12 12:00:00,3531.73,3642.26,3531.4,3638.4,76240.3552
2024-06-12 13:00:00,3638.41,3659.01,3603.01,3615.07,41274.472
2024-06-12 14:00:00,3615.06,3642.05,3614.74,3635.27,17653.8843
2024-06-12 15:00:00,3635.26,3646.7,3610.76,3618.32,18554.022
2024-06-12 16:00:00,3618.32,3623.2,3588.0,3616.41,13290.1244
2024-06-12 17:00:00,3616.41,3625.7,3607.0,3623.2,7334.264
2024-06-12 18:00:00,3623.2,3623.98,3553.33,3567.15,52171.7793
2024-06-12 19:00:00,3567.15,3594.97,3513.32,3529.01,32117.5101
2024-06-12 20:00:00,3529.01,3562.38,3521.88,3556.05,11477.9055
2024-06-12 21:00:00,3556.05,3574.39,3556.05,3566.01,5474.7854
2024-06-12 22:00:00,3566.01,3572.51,3561.36,3571.5,4223.605
2024-06-12 23:00:00,3571.49,3571.5,3558.96,3560.12,3850.1991
2024-06-13 00:00:00,3560.13,3561.65,3545.1,3558.56,6400.1114
2024-06-13 01:00:00,3558.57,3559.82,3537.0,3539.23,5599.3058
2024-06-13 02:00:00,3539.24,3544.57,3504.35,3512.36,18311.4638
2024-06-13 03:00:00,3512.37,3516.0,3476.21,3503.0,34018.323
2024-06-13 04:00:00,3502.99,3517.32,3495.0,3495.19,7699.1162
2024-06-13 05:00:00,3495.19,3515.54,3495.19,3510.3,6207.826
2024-06-13 06:00:00,3510.3,3511.48,3484.04,3492.76,8872.1454
2024-06-13 07:00:00,3492.75,3507.73,3485.07,3507.53,7858.7866
2024-06-13 08:00:00,3507.53,3511.72,3502.54,3503.69,6669.3815
2024-06-13 09:00:00,3503.69,3503.69,3472.6,3490.51,11005.9194
2024-06-13 10:00:00,3490.51,3511.86,3472.85,3502.98,10497.507
2024-06-13 11:00:00,3502.98,3507.63,3493.41,3497.17,7873.9703
2024-06-13 12:00:00,3497.17,3539.83,3478.65,3493.84,23532.4668
2024-06-13 13:00:00,3493.84,3522.42,3485.42,3500.04,15001.7454
2024-06-13 14:00:00,3500.04,3527.28,3475.05,3507.8,26697.9534
2024-06-13 15:00:00,3507.81,3509.48,3433.0,3441.73,42211.8138
2024-06-13 16:00:00,3441.73,3470.66,3428.0,3470.55,22857.2262
2024-06-13 17:00:00,3470.55,3478.02,3451.19,3470.01,8273.301
2024-06-13 18:00:00,3470.01,3479.34,3462.0,3475.48,4497.936
2024-06-13 19:00:00,3475.48,3491.55,3471.38,3481.43,5145.1051
2024-06-13 20:00:00,3481.43,3491.55,3466.78,3478.27,4936.9135
2024-06-13 21:00:00,3478.27,3485.93,3461.99,3485.93,6139.2907
2024-06-13 22:00:00,3485.93,3485.93,3473.29,3481.79,4314.4344
2024-06-13 23:00:00,3481.79,3481.79,3461.59,3469.4,5608.7872
2024-06-14 00:00:00,3469.4,3479.14,3461.4,3473.47,7072.3545
2024-06-14 01:00:00,3473.47,3488.6,3457.37,3487.04,8548.142
2024-06-14 02:00:00,3487.04,3509.64,3480.39,3505.61,10011.1434
2024-06-14 03:00:00,3505.61,3510.53,3489.13,3490.91,8365.9114
2024-06-14 04:00:00,3490.91,3500.0,3490.46,3496.8,6644.6749
2024-06-14 05:00:00,3496.8,3528.6,3496.29,3522.21,13762.5112
2024-06-14 06:00:00,3522.21,3532.61,3510.62,3518.21,9504.8271
2024-06-14 07:00:00,3518.21,3526.01,3514.4,3516.61,10618.2885
2024-06-14 08:00:00,3516.61,3530.25,3513.7,3522.51,8909.3014
2024-06-14 09:00:00,3522.51,3523.5,3512.7,3513.81,7424.0342
2024-06-14 10:00:00,3513.8,3517.96,3508.21,3512.59,6005.4079
2024-06-14 11:00:00,3512.59,3522.0,3505.69,3515.8,6286.008
2024-06-14 12:00:00,3515.8,3525.56,3508.48,3513.24,7958.2086
2024-06-14 13:00:00,3513.23,3520.51,3506.8,3507.63,6267.6797
2024-06-14 14:00:00,3507.63,3510.39,3466.38,3488.99,21105.2649
2024-06-14 15:00:00,3489.0,3497.55,3460.17,3462.41,10909.6545
2024-06-14 16:00:00,3462.41,3467.4,3390.0,3403.21,58809.7394
2024-06-14 17:00:00,3403.21,3412.37,3380.1,3389.62,16865.3976
2024-06-14 18:00:00,3389.62,3394.4,3362.26,3387.6,17081.3675
2024-06-14 19:00:00,3387.6,3408.5,3374.28,3406.21,10754.5811
2024-06-14 20:00:00,3406.21,3426.96,3404.19,3413.32,8534.9273
2024-06-14 21:00:00,3413.32,3528.93,3411.0,3504.21,37288.0404
2024-06-14 22:00:00,3504.21,3505.0,3463.08,3485.02,17854.259
2024-06-14 23:00:00,3485.02,3490.14,3471.6,3481.8,5734.6969
2024-06-15 00:00:00,3481.8,3500.85,3478.46,3492.56,10546.327
2024-06-15 01:00:00,3492.56,3503.03,3476.9,3477.78,5048.3205
2024-06-15 02:00:00,3477.78,3489.01,3473.1,3485.0,3571.0606
2024-06-15 03:00:00,3485.0,3505.01,3485.0,3504.4,7998.6678
2024-06-15 04:00:00,3504.4,3516.0,3498.29,3509.0,16377.235
2024-06-15 05:00:00,3509.0,3529.7,3508.0,3526.91,16609.2363
2024-06-15 06:00:00,3526.91,3557.81,3526.9,3539.58,24296.7097
2024-06-15 07:00:00,3539.58,3549.62,3526.5,3529.61,13054.5613
2024-06-15 08:00:00,3529.61,3540.25,3527.6,3534.5,6601.5608
2024-06-15 09:00:00,3534.5,3540.8,3519.49,3532.21,10089.6667
2024-06-15 10:00:00,3532.21,3538.65,3527.8,3538.45,5581.2259
2024-06-15 11:00:00,3538.45,3542.3,3533.33,3539.4,7592.6831
2024-06-15 12:00:00,3539.4,3565.88,3537.75,3565.02,14731.0113
2024-06-15 13:00:00,3565.02,3570.79,3549.3,3569.18,13598.3179
2024-06-15 14:00:00,3569.18,3569.65,3550.62,3558.03,11035.3086
2024-06-15 15:00:00,3558.03,3594.39,3556.25,3565.8,26386.7012
2024-06-15 16:00:00,3565.8,3570.6,3555.69,3556.97,9917.8249
2024-06-15 17:00:00,3556.97,3575.73,3552.0,3571.51,8825.4335
2024-06-15 18:00:00,3571.51,3571.98,3557.0,3561.81,8390.8042
2024-06-15 19:00:00,3561.81,3564.5,3553.0,3558.48,5492.8166
2024-06-15 20:00:00,3558.48,3558.48,3536.76,3554.15,8062.499
2024-06-15 21:00:00,3554.15,3568.33,3554.14,3561.14,4756.1575
2024-06-15 22:00:00,3561.14,3570.63,3556.88,3570.63,5058.6728
2024-06-15 23:00:00,3570.63,3575.36,3565.92,3568.74,3026.7872
2024-06-16 00:00:00,3568.75,3569.51,3557.0,3558.81,3295.254
2024-06-16 01:00:00,3558.81,3568.4,3554.16,3568.26,4023.7326
2024-06-16 02:00:00,3568.26,3573.79,3561.55,3561.81,3736.4741
2024-06-16 03:00:00,3561.81,3564.0,3548.04,3555.01,4224.0764
2024-06-16 04:00:00,3555.01,3558.83,3541.05,3554.02,5726.1327
2024-06-16 05:00:00,3554.02,3569.49,3553.29,3568.0,3865.9089
2024-06-16 06:00:00,3568.0,3574.54,3563.5,3570.33,2920.2195
2024-06-16 07:00:00,3570.33,3573.75,3561.2,3561.93,3416.725
2024-06-16 08:00:00,3561.93,3563.0,3547.5,3553.5,4599.5081
2024-06-16 09:00:00,3553.5,3558.89,3546.92,3553.8,5899.2443
2024-06-16 10:00:00,3553.8,3570.99,3549.2,3569.14,7801.0517
2024-06-16 11:00:00,3569.14,3570.3,3553.99,3555.28,4091.48
2024-06-16 12:00:00,3555.28,3564.5,3553.17,3564.0,2626.6159
2024-06-16 13:00:00,3564.0,3593.4,3563.21,3593.0,16052.3245
2024-06-16 14:00:00,3593.0,3611.98,3577.85,3579.49,15885.2053
2024-06-16 15:00:00,3579.49,3595.59,3578.16,3591.88,5906.8134
2024-06-16 16:00:00,3591.88,3604.2,3588.26,3595.6,6659.3207
2024-06-16 17:00:00,3595.6,3608.44,3586.69,3591.55,7196.3141
2024-06-16 18:00:00,3591.55,3599.82,3587.55,3597.39,3481.3413
2024-06-16 19:00:00,3597.39,3604.2,3588.51,3599.03,4458.614
2024-06-16 20:00:00,3599.03,3606.38,3593.56,3601.27,5466.6597
2024-06-16 21:00:00,3601.27,3601.27,3587.86,3596.35,2436.6783
2024-06-16 22:00:00,3596.35,3653.79,3596.35,3628.61,21581.7374
2024-06-16 23:00:00,3628.61,3635.29,3615.52,3624.41,4488.5501
2024-06-17 00:00:00,3624.41,3638.37,3614.85,3617.95,11008.4986
2024-06-17 01:00:00,3617.95,3627.6,3602.2,3611.4,12735.6738
2024-06-17 02:00:00,3611.4,3611.4,3580.0,3595.38,13806.2968
2024-06-17 03:00:00,3595.38,3597.38,3573.83,3582.05,11180.1979
2024-06-17 04:00:00,3582.05,3591.03,3576.0,3590.21,8333.446
2024-06-17 05:00:00,3590.21,3596.0,3564.83,3574.0,10010.4759
2024-06-17 06:00:00,3574.0,3577.3,3547.11,3551.77,16610.8827
2024-06-17 07:00:00,3551.77,3571.09,3538.7,3552.68,13718.5564
2024-06-17 08:00:00,3552.68,3561.1,3535.1,3544.4,12685.7133
2024-06-17 09:00:00,3544.4,3550.4,3510.09,3512.41,16421.7391
2024-06-17 10:00:00,3512.4,3524.43,3490.95,3519.19,30819.846
2024-06-17 11:00:00,3519.19,3533.48,3517.13,3527.63,10492.2092
2024-06-17 12:00:00,3527.63,3530.46,3517.4,3522.75,9315.8934
2024-06-17 13:00:00,3522.75,3539.75,3485.44,3495.0,16548.0064
2024-06-17 14:00:00,3495.01,3547.07,3494.22,3525.5,17373.7255
2024-06-17 15:00:00,3525.49,3540.78,3488.2,3497.26,17012.2223
2024-06-17 16:00:00,3497.26,3534.52,3463.39,3525.51,34498.3319
2024-06-17 17:00:00,3525.51,3555.4,3518.34,3554.2,16605.6942
2024-06-17 18:00:00,3554.21,3577.77,3546.8,3560.98,17690.2805
2024-06-17 19:00:00,3560.97,3562.77,3542.57,3554.01,12148.6335
2024-06-17 20:00:00,3554.01,3556.55,3508.2,3514.81,12122.3164
2024-06-17 21:00:00,3514.81,3530.81,3500.8,3524.2,7233.4761
2024-06-17 22:00:00,3524.2,3532.0,3514.46,3524.01,4246.9105
2024-06-17 23:00:00,3524.0,3525.92,3503.3,3511.46,5186.6138
2024-06-18 00:00:00,3511.47,3517.2,3450.0,3472.68,33527.699
2024-06-18 01:00:00,3472.67,3480.93,3355.0,3408.42,71462.7819
2024-06-18 02:00:00,3408.42,3444.4,3382.88,3429.55,34887.5335
2024-06-18 03:00:00,3429.56,3441.68,3420.92,3441.53,11383.2213
2024-06-18 04:00:00,3441.52,3455.79,3428.78,3446.0,12955.2561
2024-06-18 05:00:00,3445.99,3462.54,3443.65,3444.9,10860.056
2024-06-18 06:00:00,3444.91,3454.05,3432.05,3437.66,9990.9051
2024-06-18 07:00:00,3437.66,3456.7,3437.6,3443.97,7782.1266
2024-06-18 08:00:00,3443.97,3451.84,3440.02,3448.41,8269.9362
2024-06-18 09:00:00,3448.41,3448.41,3428.48,3431.39,8320.8088
2024-06-18 10:00:00,3431.39,3442.15,3413.01,3426.0,13131.375
2024-06-18 11:00:00,3426.0,3428.46,3391.86,3414.11,20876.956
2024-06-18 12:00:00,3414.11,3419.61,3382.64,3407.85,20819.1355
2024-06-18 13:00:00,3407.85,3411.09,3376.48,3392.03,23770.7721
2024-06-18 14:00:00,3392.03,3440.73,3370.92,3401.19,35342.4198
2024-06-18 15:00:00,3401.18,3430.03,3393.6,3424.01,14839.7208
2024-06-18 16:00:00,3424.02,3429.09,3402.69,3423.21,13181.2474
2024-06-18 17:00:00,3423.21,3436.0,3401.5,3409.0,19519.557
2024-06-18 18:00:00,3409.0,3421.64,3391.8,3401.9,8500.6224
2024-06-18 19:00:00,3401.91,3426.41,3386.92,3423.27,14945.6374
2024-06-18 20:00:00,3423.27,3469.41,3412.64,3462.2,20488.1851
2024-06-18 21:00:00,3462.2,3490.0,3452.89,3473.39,21761.2747
2024-06-18 22:00:00,3473.4,3487.24,3466.42,3480.29,6718.3648
2024-06-18 23:00:00,3480.29,3487.25,3472.84,3483.42,6577.7089
2024-06-19 00:00:00,3483.42,3497.72,3465.65,3493.99,17177.146
2024-06-19 01:00:00,3493.99,3547.68,3492.8,3517.8,39093.4822
2024-06-19 02:00:00,3517.8,3546.33,3517.21,3539.69,14825.3764
2024-06-19 03:00:00,3539.69,3573.08,3529.01,3565.93,21167.4515
2024-06-19 04:00:00,3565.93,3585.0,3559.05,3560.68,13510.5862
2024-06-19 05:00:00,3560.68,3568.32,3546.02,3550.17,10503.0804
2024-06-19 06:00:00,3550.17,3562.8,3549.53,3561.5,6823.0817
2024-06-19 07:00:00,3561.5,3566.0,3532.96,3544.3,23468.2938
2024-06-19 08:00:00,3544.31,3548.69,3526.0,3531.27,15946.1781
2024-06-19 09:00:00,3531.27,3539.73,3522.36,3533.9,12198.9303
2024-06-19 10:00:00,3533.9,3561.94,3530.67,3560.0,16623.9606
2024-06-19 11:00:00,3559.99,3564.0,3518.46,3536.94,12275.6498
2024-06-19 12:00:00,3536.95,3549.6,3532.11,3547.0,6968.2445
2024-06-19 13:00:00,3547.0,3550.61,3535.6,3540.49,6557.4041
2024-06-19 14:00:00,3540.49,3541.23,3512.2,3520.41,17106.8682
2024-06-19 15:00:00,3520.4,3533.34,3515.94,3529.29,9098.7633
2024-06-19 16:00:00,3529.3,3553.78,3523.43,3546.87,9433.6339
2024-06-19 17:00:00,3546.86,3590.01,3544.0,3561.8,22825.301
2024-06-19 18:00:00,3561.81,3575.0,3553.73,3554.27,10286.3108
2024-06-19 19:00:00,3554.26,3556.49,3534.03,3546.29,8332.523
2024-06-19 20:00:00,3546.28,3561.5,3532.14,3553.0,10755.2631
2024-06-19 21:00:00,3553.0,3576.69,3550.04,3569.8,7074.3175
2024-06-19 22:00:00,3569.8,3573.51,3556.83,3557.01,5319.2561
2024-06-19 23:00:00,3557.01,3568.52,3551.83,3560.51,4128.9002
2024-06-20 00:00:00,3560.51,3569.79,3550.09,3563.03,6722.5974
2024-06-20 01:00:00,3563.04,3594.47,3550.69,3559.41,18686.4155
2024-06-20 02:00:00,3559.41,3559.58,3533.49,3552.0,11593.1155
2024-06-20 03:00:00,3552.0,3557.14,3544.49,3553.65,4897.0031
2024-06-20 04:00:00,3553.65,3573.79,3544.61,3570.9,7606.9744
2024-06-20 05:00:00,3570.9,3584.79,3567.35,3581.16,16726.5001
2024-06-20 06:00:00,3581.16,3592.33,3575.0,3580.26,13512.4732
2024-06-20 07:00:00,3580.26,3616.06,3580.0,3607.87,19501.8307
2024-06-20 08:00:00,3607.87,3611.5,3583.2,3587.34,12761.1051
2024-06-20 09:00:00,3587.34,3591.45,3572.24,3580.72,12728.9073
2024-06-20 10:00:00,3580.73,3609.5,3575.49,3604.95,13053.961
2024-06-20 11:00:00,3604.95,3625.96,3597.04,3598.94,19630.4088
2024-06-20 12:00:00,3598.94,3611.81,3582.82,3589.4,19326.6689
2024-06-20 13:00:00,3589.4,3592.26,3525.0,3531.36,40853.9107
2024-06-20 14:00:00,3531.36,3534.29,3491.46,3521.24,27727.1688
2024-06-20 15:00:00,3521.24,3532.23,3506.6,3506.61,15236.5144
2024-06-20 16:00:00,3506.61,3523.3,3486.0,3516.15,18041.0528
2024-06-20 17:00:00,3516.15,3524.52,3508.37,3522.93,10125.1437
2024-06-20 18:00:00,3522.93,3542.4,3521.0,3527.21,12533.9796
2024-06-20 19:00:00,3527.22,3538.25,3514.13,3536.61,10757.8109
2024-06-20 20:00:00,3536.61,3538.91,3522.0,3525.97,4220.9858
2024-06-20 21:00:00,3525.97,3530.53,3516.31,3516.8,3621.9384
2024-06-20 22:00:00,3516.8,3522.5,3515.0,3519.53,4332.5501
2024-06-20 23:00:00,3519.53,3523.0,3511.0,3513.08,4918.8291
2024-06-21 00:00:00,3513.08,3517.5,3491.66,3499.6,9041.5969
2024-06-21 01:00:00,3499.6,3529.41,3496.0,3527.8,8190.0312
2024-06-21 02:00:00,3527.8,3536.21,3506.38,3508.65,8696.0579
2024-06-21 03:00:00,3508.64,3513.34,3495.3,3501.2,8085.3996
2024-06-21 04:00:00,3501.2,3517.2,3493.0,3517.2,6494.4009
2024-06-21 05:00:00,3517.2,3521.74,3504.86,3518.92,7716.0617
2024-06-21 06:00:00,3518.91,3520.42,3506.13,3512.08,5208.9394
2024-06-21 07:00:00,3512.08,3519.82,3467.0,3475.0,25603.1459
2024-06-21 08:00:00,3475.0,3489.03,3446.82,3459.34,22632.7448
2024-06-21 09:00:00,3459.33,3532.83,3454.0,3514.5,41472.5746
2024-06-21 10:00:00,3514.49,3522.3,3490.77,3496.44,12323.6404
2024-06-21 11:00:00,3496.44,3510.0,3491.92,3503.22,8104.4658
2024-06-21 12:00:00,3503.21,3512.72,3471.71,3495.81,18420.3082
2024-06-21 13:00:00,3495.8,3498.37,3455.1,3476.0,19664.6578
2024-06-21 14:00:00,3476.0,3519.99,3463.65,3514.22,26450.2907
2024-06-21 15:00:00,3514.22,3519.8,3474.8,3492.78,24495.4415
2024-06-21 16:00:00,3492.78,3495.69,3474.78,3488.96,12825.5791
2024-06-21 17:00:00,3488.95,3510.0,3469.96,3478.74,23664.1586
2024-06-21 18:00:00,3478.73,3526.4,3476.0,3524.01,17808.7901
2024-06-21 19:00:00,3524.01,3537.5,3511.19,3535.45,12021.5391
2024-06-21 20:00:00,3535.44,3547.55,3518.0,3522.5,7026.6894
2024-06-21 21:00:00,3522.5,3525.91,3500.0,3517.71,7728.7362
2024-06-21 22:00:00,3517.7,3528.0,3515.14,3523.57,6331.391
2024-06-21 23:00:00,3523.56,3527.38,3516.87,3518.5,2148.4612
2024-06-22 00:00:00,3518.5,3521.19,3493.24,3501.34,7547.935
2024-06-22 01:00:00,3501.33,3509.47,3496.61,3503.02,3442.2915
2024-06-22 02:00:00,3503.02,3511.29,3501.2,3505.37,4476.86
2024-06-22 03:00:00,3505.37,3512.27,3504.25,3506.77,5651.6299
2024-06-22 04:00:00,3506.77,3509.47,3499.06,3509.0,4327.7994
2024-06-22 05:00:00,3509.0,3509.08,3499.67,3509.08,4045.6764
2024-06-22 06:00:00,3509.08,3509.76,3502.5,3503.5,3699.5541
2024-06-22 07:00:00,3503.49,3504.0,3489.73,3494.0,10634.1763
2024-06-22 08:00:00,3494.0,3494.93,3475.09,3484.6,8326.3309
2024-06-22 09:00:00,3484.6,3495.49,3482.55,3492.62,4059.7101
2024-06-22 10:00:00,3492.61,3498.96,3489.55,3497.16,5321.8323
2024-06-22 11:00:00,3497.16,3497.16,3491.2,3493.2,2151.7598
2024-06-22 12:00:00,3493.19,3495.0,3487.65,3488.61,3866.9323
2024-06-22 13:00:00,3488.62,3502.3,3486.78,3501.4,11328.7659
2024-06-22 14:00:00,3501.4,3511.84,3497.25,3503.2,10247.4561
2024-06-22 15:00:00,3503.19,3505.43,3498.42,3505.43,2830.2267
2024-06-22 16:00:00,3505.43,3506.5,3497.01,3504.5,3618.1244
2024-06-22 17:00:00,3504.5,3508.37,3497.7,3497.71,3040.1982
2024-06-22 18:00:00,3497.71,3501.4,3491.55,3493.0,2403.907
2024-06-22 19:00:00,3493.0,3497.0,3485.56,3491.44,4897.5219
2024-06-22 20:00:00,3491.44,3496.9,3485.8,3496.13,2329.0542
2024-06-22 21:00:00,3496.12,3507.86,3495.19,3506.01,2154.2221
2024-06-22 22:00:00,3506.01,3507.49,3500.43,3502.5,3268.613
2024-06-22 23:00:00,3502.5,3504.5,3493.29,3495.75,2104.0382
2024-06-23 00:00:00,3495.76,3512.0,3494.67,3507.86,4480.5608
2024-06-23 01:00:00,3507.86,3511.4,3502.0,3508.41,2945.1139
2024-06-23 02:00:00,3508.41,3513.49,3504.5,3513.49,2941.1946
2024-06-23 03:00:00,3513.49,3519.0,3509.57,3519.0,3923.0116
2024-06-23 04:00:00,3518.99,3521.45,3512.16,3514.32,3246.7373
2024-06-23 05:00:00,3514.33,3518.6,3508.38,3509.59,2814.4486
2024-06-23 06:00:00,3509.59,3512.18,3506.77,3507.32,1560.3518
2024-06-23 07:00:00,3507.33,3514.38,3506.63,3512.5,2141.5644
2024-06-23 08:00:00,3512.49,3513.0,3503.2,3506.27,3748.0351
2024-06-23 09:00:00,3506.34,3507.8,3498.98,3502.51,6010.9378
2024-06-23 10:00:00,3502.52,3502.52,3491.62,3493.76,3577.844
2024-06-23 11:00:00,3493.76,3498.62,3488.2,3498.29,4838.5941
2024-06-23 12:00:00,3498.29,3503.65,3496.57,3500.39,2315.5823
2024-06-23 13:00:00,3500.38,3504.62,3494.0,3498.2,4636.9323
2024-06-23 14:00:00,3498.2,3499.3,3480.45,3484.7,8224.3784
2024-06-23 15:00:00,3484.7,3489.45,3471.82,3474.54,11314.5678
2024-06-23 16:00:00,3474.54,3482.4,3461.38,3463.32,8124.8882
2024-06-23 17:00:00,3463.32,3480.14,3462.0,3473.32,5485.012
2024-06-23 18:00:00,3473.32,3478.2,3472.48,3477.77,2817.0978
2024-06-23 19:00:00,3477.78,3481.72,3475.63,3479.93,2114.0372
2024-06-23 20:00:00,3479.93,3480.12,3406.38,3435.59,19735.9163
2024-06-23 21:00:00,3435.6,3440.48,3406.89,3434.97,10922.6926
2024-06-23 22:00:00,3434.98,3435.23,3412.6,3425.41,7448.4013
2024-06-23 23:00:00,3425.4,3429.46,3418.0,3420.91,8043.5302
2024-06-24 00:00:00,3420.91,3435.76,3410.0,3424.23,13704.6492
2024-06-24 01:00:00,3424.23,3428.06,3407.62,3424.39,13659.6785
2024-06-24 02:00:00,3424.4,3429.03,3387.05,3404.49,15104.3481
2024-06-24 03:00:00,3404.49,3421.38,3402.6,3402.81,7659.829
2024-06-24 04:00:00,3402.82,3413.56,3383.45,3407.21,9874.2293
2024-06-24 05:00:00,3407.2,3409.71,3354.22,3371.33,27906.7543
2024-06-24 06:00:00,3371.33,3384.39,3364.5,3373.87,10664.7156
2024-06-24 07:00:00,3373.88,3384.12,3362.2,3369.19,10447.7869
2024-06-24 08:00:00,3369.2,3394.36,3355.27,3384.59,17858.9325
2024-06-24 09:00:00,3384.59,3389.74,3240.0,3308.6,101279.436
2024-06-24 10:00:00,3308.6,3326.25,3305.0,3318.5,23960.2483
2024-06-24 11:00:00,3318.5,3332.32,3305.55,3321.19,17070.7051
2024-06-24 12:00:00,3321.18,3337.07,3311.76,3319.12,13644.477
2024-06-24 13:00:00,3319.12,3329.0,3292.18,3324.79,25978.4133
2024-06-24 14:00:00,3324.8,3333.17,3293.42,3308.9,25027.0614
2024-06-24 15:00:00,3308.9,3314.07,3261.72,3280.3,32011.8297
2024-06-24 16:00:00,3280.31,3292.77,3242.44,3260.15,31771.024
2024-06-24 17:00:00,3260.15,3303.5,3246.24,3294.39,33375.831
2024-06-24 18:00:00,3294.4,3312.0,3262.06,3303.77,18988.1649
2024-06-24 19:00:00,3303.76,3314.9,3278.52,3293.07,18263.4063
2024-06-24 20:00:00,3293.06,3330.0,3256.35,3311.64,31485.5188
2024-06-24 21:00:00,3311.63,3355.3,3307.0,3351.77,20615.9165
2024-06-24 22:00:00,3351.95,3353.54,3332.0,3332.67,8716.245
2024-06-24 23:00:00,3332.68,3363.18,3330.13,3352.73,14301.2222
2024-06-25 00:00:00,3352.74,3360.64,3342.24,3347.22,7686.7405
2024-06-25 01:00:00,3347.23,3349.71,3336.76,3349.41,5949.6076
2024-06-25 02:00:00,3349.42,3354.63,3338.98,3345.01,8586.6689
2024-06-25 03:00:00,3344.97,3386.25,3342.24,3371.61,18755.557
2024-06-25 04:00:00,3371.62,3393.99,3371.62,3390.9,12289.23
2024-06-25 05:00:00,3390.9,3394.92,3368.99,3375.18,9124.6091
2024-06-25 06:00:00,3375.18,3379.37,3367.98,3370.74,7603.7072
2024-06-25 07:00:00,3370.62,3378.99,3357.01,3361.0,8116.4042
2024-06-25 08:00:00,3361.0,3366.21,3345.79,3354.41,7778.31
2024-06-25 09:00:00,3354.41,3394.31,3353.85,3383.17,10371.3544
2024-06-25 10:00:00,3383.16,3385.12,3363.93,3377.61,10083.9239
2024-06-25 11:00:00,3377.61,3387.13,3371.2,3376.01,6604.0835
2024-06-25 12:00:00,3376.0,3380.36,3363.81,3366.01,9429.9688
2024-06-25 13:00:00,3366.01,3381.59,3358.2,3367.5,8828.5552
2024-06-25 14:00:00,3367.5,3413.76,3362.66,3402.35,33086.2463
2024-06-25 15:00:00,3402.6,3425.37,3395.5,3419.6,21078.5512
2024-06-25 16:00:00,3419.6,3424.89,3381.68,3383.18,10573.4471
2024-06-25 17:00:00,3383.0,3406.48,3381.73,3388.79,7338.4009
2024-06-25 18:00:00,3388.79,3423.4,3384.9,3417.77,11081.2159
2024-06-25 19:00:00,3417.76,3430.88,3406.89,3415.66,7927.3189
2024-06-25 20:00:00,3415.67,3418.84,3410.3,3411.24,4045.0099
2024-06-25 21:00:00,3411.24,3411.4,3400.0,3401.39,4168.6023
2024-06-25 22:00:00,3401.4,3415.89,3399.36,3403.14,5024.4144
2024-06-25 23:00:00,3403.14,3406.0,3388.88,3394.91,4504.2964
2024-06-26 00:00:00,3394.91,3398.2,3385.22,3388.45,3082.6268
2024-06-26 01:00:00,3388.45,3422.5,3386.0,3415.95,9869.7943
2024-06-26 02:00:00,3415.95,3426.75,3402.39,3404.51,6958.2928
2024-06-26 03:00:00,3404.51,3408.66,3387.64,3395.15,6908.8061
2024-06-26 04:00:00,3395.15,3398.0,3385.8,3387.42,6219.3453
2024-06-26 05:00:00,3387.41,3395.0,3376.81,3388.12,7102.9149
2024-06-26 06:00:00,3388.13,3394.8,3385.95,3388.61,4550.3168
2024-06-26 07:00:00,3388.61,3406.0,3384.11,3401.8,8796.6733
2024-06-26 08:00:00,3401.8,3402.85,3376.4,3384.21,8846.3507
2024-06-26 09:00:00,3384.2,3386.96,3371.0,3379.0,10414.0222
2024-06-26 10:00:00,3378.99,3381.91,3366.37,3374.5,8568.2084
2024-06-26 11:00:00,3374.5,3383.94,3374.43,3381.44,4117.7959
2024-06-26 12:00:00,3381.44,3386.67,3370.0,3372.01,5542.3619
2024-06-26 13:00:00,3372.0,3391.0,3367.75,3388.71,7621.4752
2024-06-26 14:00:00,3388.71,3396.53,3371.36,3378.01,10128.212
2024-06-26 15:00:00,3378.01,3379.8,3346.0,3361.69,14979.4059
2024-06-26 16:00:00,3361.68,3365.62,3347.81,3352.78,8558.8075
2024-06-26 17:00:00,3352.78,3372.34,3325.01,3372.06,19429.5778
2024-06-26 18:00:00,3372.06,3372.32,3354.82,3364.61,8696.293
2024-06-26 19:00:00,3364.6,3410.0,3356.75,3408.08,21235.2985
2024-06-26 20:00:00,3408.08,3417.43,3376.26,3391.59,10885.6629
2024-06-26 21:00:00,3391.59,3394.0,3381.7,3390.17,3213.2317
2024-06-26 22:00:00,3390.18,3393.95,3375.89,3380.34,7366.8757
2024-06-26 23:00:00,3380.34,3381.67,3367.15,3371.44,3856.9922
2024-06-27 00:00:00,3371.77,3375.42,3361.74,3372.35,4541.8407
2024-06-27 01:00:00,3372.36,3382.41,3365.33,3380.2,4858.4503
2024-06-27 02:00:00,3380.2,3388.0,3367.82,3387.21,5744.5371
2024-06-27 03:00:00,3387.21,3393.0,3379.4,3383.8,6162.1319
2024-06-27 04:00:00,3383.79,3388.41,3381.0,3385.44,4230.4326
2024-06-27 05:00:00,3385.45,3387.8,3368.6,3369.21,4766.2571
2024-06-27 06:00:00,3369.21,3377.19,3366.05,3373.23,7169.4535
2024-06-27 07:00:00,3373.23,3380.42,3367.95,3374.98,5930.304
2024-06-27 08:00:00,3374.98,3379.46,3368.7,3376.8,4994.0904
2024-06-27 09:00:00,3376.79,3405.0,3374.21,3398.85,15510.1295
2024-06-27 10:00:00,3398.85,3414.05,3394.37,3394.38,13854.906
2024-06-27 11:00:00,3394.38,3409.5,3392.0,3403.46,7436.4329
2024-06-27 12:00:00,3403.46,3445.12,3403.45,3435.96,24623.1481
2024-06-27 13:00:00,3435.96,3466.69,3433.2,3461.39,23480.2826
2024-06-27 14:00:00,3461.39,3477.0,3446.55,3448.31,16401.5496
2024-06-27 15:00:00,3448.3,3455.97,3442.58,3452.75,9396.3608
2024-06-27 16:00:00,3452.75,3457.0,3439.0,3451.33,6343.4978
2024-06-27 17:00:00,3451.34,3464.23,3450.0,3461.84,4474.7536
2024-06-27 18:00:00,3461.84,3467.5,3451.56,3454.99,5626.3695
2024-06-27 19:00:00,3455.0,3457.58,3445.57,3449.79,7776.3547
2024-06-27 20:00:00,3449.78,3453.11,3440.53,3444.01,8036.8159
2024-06-27 21:00:00,3444.01,3449.68,3440.97,3448.21,3864.5461
2024-06-27 22:00:00,3448.22,3455.06,3445.66,3451.26,3396.7725
2024-06-27 23:00:00,3451.26,3452.8,3446.38,3450.44,2422.2437
2024-06-28 00:00:00,3450.44,3454.33,3435.95,3439.58,5236.5897
2024-06-28 01:00:00,3439.58,3487.7,3436.65,3484.23,14383.9025
2024-06-28 02:00:00,3484.23,3485.28,3445.46,3450.06,9873.5536
2024-06-28 03:00:00,3450.05,3466.34,3446.31,3460.5,6222.1813
2024-06-28 04:00:00,3460.5,3461.07,3445.01,3459.6,6259.4606
2024-06-28 05:00:00,3459.61,3459.61,3445.99,3448.61,5324.5009
2024-06-28 06:00:00,3448.62,3455.79,3446.31,3455.19,4666.9911
2024-06-28 07:00:00,3455.2,3455.2,3427.01,3431.82,10715.7939
2024-06-28 08:00:00,3431.82,3439.2,3420.24,3439.0,9869.7243
2024-06-28 09:00:00,3439.01,3443.96,3433.27,3441.36,5435.1741
2024-06-28 10:00:00,3441.35,3451.27,3438.88,3446.81,8112.5401
2024-06-28 11:00:00,3446.8,3461.39,3443.16,3452.78,7033.4663
2024-06-28 12:00:00,3452.79,3473.21,3438.28,3440.48,21544.4566
2024-06-28 13:00:00,3440.48,3476.73,3431.05,3445.91,13290.7516
2024-06-28 14:00:00,3446.0,3459.94,3403.06,3412.9,21955.2497
2024-06-28 15:00:00,3412.89,3420.0,3404.18,3413.61,10752.9981
2024-06-28 16:00:00,3413.6,3416.6,3373.04,3397.77,21187.2266
2024-06-28 17:00:00,3397.77,3405.2,3380.56,3385.4,7596.0714
2024-06-28 18:00:00,3385.4,3390.31,3378.69,3384.77,3970.6623
2024-06-28 19:00:00,3384.77,3386.9,3365.22,3379.74,11454.1148
2024-06-28 20:00:00,3379.74,3394.15,3378.03,3390.19,4676.1663
2024-06-28 21:00:00,3390.2,3390.2,3373.0,3383.01,3456.7618
2024-06-28 22:00:00,3383.0,3384.54,3368.73,3374.32,4830.5739
2024-06-28 23:00:00,3374.33,3384.25,3371.17,3380.15,3785.432
2024-06-29 00:00:00,3380.15,3391.62,3380.01,3389.92,5753.1085
2024-06-29 01:00:00,3389.91,3399.98,3387.76,3396.18,4735.1342
2024-06-29 02:00:00,3396.18,3399.3,3384.13,3388.96,3551.2926
2024-06-29 03:00:00,3388.97,3391.55,3384.01,3386.07,3706.4455
2024-06-29 04:00:00,3386.06,3391.16,3383.21,3388.62,3093.2501
2024-06-29 05:00:00,3388.63,3390.19,3381.56,3385.65,2396.0782
2024-06-29 06:00:00,3385.66,3388.37,3383.4,3388.0,2600.9139
2024-06-29 07:00:00,3388.0,3408.32,3387.99,3399.72,10862.7173
2024-06-29 08:00:00,3399.72,3400.93,3387.59,3392.45,5012.5341
2024-06-29 09:00:00,3392.45,3394.8,3387.2,3394.79,2846.1267
2024-06-29 10:00:00,3394.8,3401.36,3393.61,3397.2,3188.1074
2024-06-29 11:00:00,3397.21,3406.05,3394.22,3400.45,4302.0378
2024-06-29 12:00:00,3400.45,3403.2,3390.0,3392.63,2628.3418
2024-06-29 13:00:00,3392.62,3400.53,3390.95,3393.55,2949.6218
2024-06-29 14:00:00,3393.56,3395.86,3383.0,3388.0,4630.7707
2024-06-29 15:00:00,3388.0,3395.59,3383.29,3394.62,2743.3223
2024-06-29 16:00:00,3394.62,3396.53,3383.0,3386.66,2424.189
2024-06-29 17:00:00,3386.65,3390.5,3381.56,3389.25,2137.4476
2024-06-29 18:00:00,3389.26,3390.1,3383.66,3390.01,1904.2071
2024-06-29 19:00:00,3390.01,3392.31,3376.81,3387.02,3241.4928
2024-06-29 20:00:00,3387.02,3389.71,3379.69,3384.22,3556.0666
2024-06-29 21:00:00,3384.21,3389.01,3377.88,3389.0,4398.2761
2024-06-29 22:00:00,3389.01,3389.01,3371.86,3376.67,4097.4869
2024-06-29 23:00:00,3376.68,3383.4,3376.0,3378.8,1570.7961
2024-06-30 00:00:00,3378.8,3389.61,3376.32,3385.99,4143.2095
2024-06-30 01:00:00,3385.99,3387.54,3373.07,3376.15,5629.5622
2024-06-30 02:00:00,3376.16,3377.44,3352.66,3362.36,9693.6014
2024-06-30 03:00:00,3362.37,3373.86,3360.01,3371.28,4025.6047
2024-06-30 04:00:00,3371.28,3373.0,3362.96,3363.57,2170.6346
2024-06-30 05:00:00,3363.56,3367.77,3358.49,3367.09,3149.0748
2024-06-30 06:00:00,3367.1,3377.63,3362.0,3377.63,3051.6972
2024-06-30 07:00:00,3377.65,3400.0,3377.0,3394.03,12319.077
2024-06-30 08:00:00,3394.03,3399.38,3389.8,3395.07,4828.3215
2024-06-30 09:00:00,3395.08,3399.23,3389.34,3390.13,3974.1758
2024-06-30 10:00:00,3390.13,3393.48,3386.02,3387.95,4214.7915
2024-06-30 11:00:00,3387.97,3395.72,3387.53,3389.19,3459.8063
2024-06-30 12:00:00,3389.19,3396.38,3379.81,3385.78,4748.0394
2024-06-30 13:00:00,3385.79,3399.66,3385.79,3396.89,5341.6807
2024-06-30 14:00:00,3396.89,3404.88,3391.73,3393.45,8073.4494
2024-06-30 15:00:00,3393.46,3401.91,3393.45,3399.8,4384.757
2024-06-30 16:00:00,3399.81,3402.38,3391.99,3393.0,3854.7296
2024-06-30 17:00:00,3393.01,3421.31,3393.01,3413.39,10034.4893
2024-06-30 18:00:00,3413.4,3427.64,3408.32,3424.36,6158.1908
2024-06-30 19:00:00,3424.37,3434.0,3418.53,3428.41,5350.9924
2024-06-30 20:00:00,3428.4,3435.0,3420.7,3420.7,5924.1914
2024-06-30 21:00:00,3420.71,3422.82,3408.96,3413.22,4950.9261
2024-06-30 22:00:00,3413.21,3460.0,3413.21,3450.65,14657.6942
2024-06-30 23:00:00,3450.61,3456.4,3437.8,3438.16,7082.9217
2024-07-01 00:00:00,3438.16,3445.41,3432.55,3443.02,6813.9913
2024-07-01 01:00:00,3443.02,3520.0,3440.5,3519.4,35324.2734
2024-07-01 02:00:00,3519.4,3524.94,3494.4,3502.28,18288.9898
2024-07-01 03:00:00,3502.36,3508.38,3495.12,3498.23,7796.249
2024-07-01 04:00:00,3498.23,3499.73,3485.04,3486.45,6267.5152
2024-07-01 05:00:00,3486.45,3494.35,3485.03,3490.99,9360.3448
2024-07-01 06:00:00,3490.99,3493.52,3484.44,3488.84,5797.0016
2024-07-01 07:00:00,3488.84,3494.16,3486.13,3490.58,7000.0932
2024-07-01 08:00:00,3490.59,3495.0,3473.0,3483.61,14116.0436
2024-07-01 09:00:00,3483.61,3490.0,3476.06,3481.74,7182.1474
2024-07-01 10:00:00,3481.74,3483.35,3465.93,3469.22,6155.1561
2024-07-01 11:00:00,3469.21,3470.6,3457.59,3459.6,7610.4108
2024-07-01 12:00:00,3459.61,3477.13,3458.61,3472.42,6678.5794
2024-07-01 13:00:00,3472.43,3481.27,3453.0,3460.45,10922.2593
2024-07-01 14:00:00,3460.46,3472.54,3453.71,3469.2,10544.5667
2024-07-01 15:00:00,3469.21,3479.07,3465.38,3474.35,8422.5181
2024-07-01 16:00:00,3474.35,3476.69,3463.81,3467.33,6975.8667
2024-07-01 17:00:00,3467.33,3493.11,3462.09,3491.03,9890.5626
2024-07-01 18:00:00,3491.03,3499.0,3472.14,3482.14,9135.1841
2024-07-01 19:00:00,3482.15,3486.38,3467.02,3471.47,5601.7632
2024-07-01 20:00:00,3471.47,3475.91,3465.25,3466.44,2984.603
2024-07-01 21:00:00,3466.44,3468.31,3453.78,3459.8,3535.6688
2024-07-01 22:00:00,3459.81,3461.79,3423.78,3443.54,12552.9328
2024-07-01 23:00:00,3443.55,3447.0,3436.4,3442.2,5316.4913
2024-07-02 00:00:00,3442.2,3446.46,3434.02,3443.95,5373.9292
2024-07-02 01:00:00,3443.96,3449.94,3441.61,3448.6,3320.8507
2024-07-02 02:00:00,3448.6,3456.6,3445.98,3450.84,3551.5341
2024-07-02 03:00:00,3450.84,3464.12,3450.41,3457.03,4800.6248
2024-07-02 04:00:00,3457.03,3463.95,3453.04,3454.22,5515.3904
2024-07-02 05:00:00,3454.21,3460.94,3454.21,3458.61,3217.6745
2024-07-02 06:00:00,3458.62,3459.01,3447.0,3448.72,5077.5919
2024-07-02 07:00:00,3448.72,3448.72,3434.17,3439.0,9038.8152
2024-07-02 08:00:00,3439.01,3447.0,3431.6,3441.71,7711.4884
2024-07-02 09:00:00,3441.7,3451.79,3440.69,3446.2,3975.2557
2024-07-02 10:00:00,3446.21,3454.0,3441.81,3451.9,5319.0755
2024-07-02 11:00:00,3451.9,3454.73,3447.2,3453.26,2835.1644
2024-07-02 12:00:00,3453.26,3459.51,3447.4,3451.28,4517.7231
2024-07-02 13:00:00,3451.29,3462.5,3431.18,3438.39,11750.6852
2024-07-02 14:00:00,3438.38,3442.4,3402.0,3410.76,22775.8092
2024-07-02 15:00:00,3410.6,3420.0,3407.05,3415.65,5917.0589
2024-07-02 16:00:00,3415.66,3417.88,3408.89,3415.72,6235.4693
2024-07-02 17:00:00,3415.72,3424.55,3413.68,3424.54,3654.3627
2024-07-02 18:00:00,3424.55,3433.65,3424.54,3430.0,3944.7524
2024-07-02 19:00:00,3430.01,3432.16,3412.41,3415.37,4346.3504
2024-07-02 20:00:00,3415.38,3422.75,3413.39,3420.8,2582.0663
2024-07-02 21:00:00,3420.8,3428.58,3418.0,3420.9,4400.9386
2024-07-02 22:00:00,3420.9,3425.95,3418.44,3424.69,5029.1383
2024-07-02 23:00:00,3424.69,3428.5,3421.23,3421.35,3040.9522
2024-07-03 00:00:00,3421.35,3432.1,3421.0,3424.43,4289.5041
2024-07-03 01:00:00,3424.42,3425.94,3380.13,3393.99,16144.801
2024-07-03 02:00:00,3394.15,3395.08,3371.7,3382.28,12220.7231
2024-07-03 03:00:00,3382.28,3382.87,3331.23,3360.33,23821.7743
2024-07-03 04:00:00,3360.34,3362.92,3352.96,3361.24,5159.0568
2024-07-03 05:00:00,3361.24,3368.65,3359.08,3368.65,4191.15
2024-07-03 06:00:00,3368.65,3373.2,3366.32,3371.4,5359.0206
2024-07-03 07:00:00,3371.4,3371.41,3352.2,3352.2,5817.7466
2024-07-03 08:00:00,3352.21,3356.98,3333.0,3338.8,17594.6657
2024-07-03 09:00:00,3338.8,3351.93,3334.91,3341.44,8764.659
2024-07-03 10:00:00,3341.44,3342.19,3281.63,3313.99,34800.7621
2024-07-03 11:00:00,3313.99,3316.2,3291.74,3307.5,11812.6392
2024-07-03 12:00:00,3307.51,3307.58,3275.48,3290.13,19514.9769
2024-07-03 13:00:00,3290.12,3320.0,3281.14,3317.77,19073.0547
2024-07-03 14:00:00,3317.77,3326.36,3306.48,3307.07,13589.0289
2024-07-03 15:00:00,3307.06,3317.91,3294.02,3304.26,9598.1867
2024-07-03 16:00:00,3304.16,3322.09,3297.0,3315.12,9938.6866
2024-07-03 17:00:00,3315.13,3317.01,3292.4,3303.16,9011.4979
2024-07-03 18:00:00,3303.15,3309.13,3293.66,3308.3,12422.7383
2024-07-03 19:00:00,3308.3,3309.52,3254.49,3266.29,39076.4581
2024-07-03 20:00:00,3266.2,3283.69,3251.0,3258.86,10633.1666
2024-07-03 21:00:00,3259.08,3306.17,3251.46,3298.38,10032.4399
2024-07-03 22:00:00,3298.38,3304.4,3293.77,3301.99,4610.9467
2024-07-03 23:00:00,3302.0,3304.48,3295.0,3295.48,2930.7672
2024-07-04 00:00:00,3295.49,3313.45,3295.49,3307.41,5459.0977
2024-07-04 01:00:00,3307.41,3307.8,3203.24,3210.6,53250.1876
2024-07-04 02:00:00,3210.59,3233.2,3155.0,3228.46,41353.4924
2024-07-04 03:00:00,3228.47,3244.39,3223.5,3243.2,9982.3606
2024-07-04 04:00:00,3243.2,3246.28,3226.77,3236.38,6379.5302
2024-07-04 05:00:00,3236.38,3237.18,3223.1,3224.4,5753.0618
2024-07-04 06:00:00,3224.4,3226.6,3192.73,3204.34,21110.3825
2024-07-04 07:00:00,3204.34,3208.54,3170.22,3182.21,21019.3768
2024-07-04 08:00:00,3182.21,3195.99,3144.14,3168.83,28171.2753
2024-07-04 09:00:00,3168.84,3173.32,3126.6,3163.17,34159.6387
2024-07-04 10:00:00,3163.17,3170.33,3132.57,3169.83,14530.395
2024-07-04 11:00:00,3169.83,3178.85,3154.2,3159.45,9007.7068
2024-07-04 12:00:00,3159.45,3160.8,3125.61,3132.59,15076.0264
2024-07-04 13:00:00,3132.58,3147.44,3088.25,3126.4,48565.117
2024-07-04 14:00:00,3126.4,3130.51,3091.0,3123.01,27277.9831
2024-07-04 15:00:00,3123.01,3148.74,3108.61,3138.79,17965.4984
2024-07-04 16:00:00,3138.79,3145.18,3113.18,3140.94,18075.3078
2024-07-04 17:00:00,3140.94,3146.59,3134.08,3143.61,8664.702
2024-07-04 18:00:00,3143.6,3146.5,3126.2,3130.96,7354.1282
2024-07-04 19:00:00,3130.97,3152.64,3128.32,3133.82,6506.6329
2024-07-04 20:00:00,3133.83,3144.2,3128.23,3144.19,5013.1039
2024-07-04 21:00:00,3144.2,3168.35,3139.87,3163.0,5112.9929
2024-07-04 22:00:00,3163.0,3169.79,3125.6,3128.09,7393.0921
2024-07-04 23:00:00,3128.09,3129.18,3050.34,3059.7,33221.4791
2024-07-05 00:00:00,3059.7,3110.0,3040.0,3105.32,49430.7138
2024-07-05 01:00:00,3105.33,3108.6,3062.28,3095.78,15501.4766
2024-07-05 02:00:00,3095.66,3095.66,2905.0,2930.08,88048.6605
2024-07-05 03:00:00,2930.21,2957.57,2890.0,2920.99,137003.4474
2024-07-05 04:00:00,2920.99,2928.47,2810.0,2866.0,120848.802
2024-07-05 05:00:00,2866.0,2905.0,2853.42,2901.6,50151.193
2024-07-05 06:00:00,2901.59,2902.15,2843.76,2862.35,45546.023
2024-07-05 07:00:00,2862.36,2884.35,2847.67,2882.21,37453.7864
2024-07-05 08:00:00,2882.21,2885.4,2849.2,2851.95,28628.5042
2024-07-05 09:00:00,2851.95,2888.88,2820.0,2883.6,47478.2223
2024-07-05 10:00:00,2883.6,2931.26,2873.29,2915.7,37856.1983
2024-07-05 11:00:00,2915.7,2956.93,2913.99,2947.42,29805.6623
2024-07-05 12:00:00,2947.42,2992.74,2923.16,2935.85,45845.7754
2024-07-05 13:00:00,2935.85,2978.79,2922.7,2971.51,23137.0117
2024-07-05 14:00:00,2971.52,2975.12,2936.65,2956.0,17236.3781
2024-07-05 15:00:00,2956.0,3005.42,2949.54,2990.99,28947.1574
2024-07-05 16:00:00,2990.99,3001.63,2961.99,2967.59,22520.7086
2024-07-05 17:00:00,2967.6,2996.65,2960.91,2990.67,16133.5901
2024-07-05 18:00:00,2990.68,2996.2,2958.15,2992.79,14720.3215
2024-07-05 19:00:00,2992.78,2996.32,2980.04,2987.99,7394.0769
2024-07-05 20:00:00,2987.98,2988.19,2963.86,2974.0,6763.446
2024-07-05 21:00:00,2974.0,2988.12,2969.7,2978.0,4866.4706
2024-07-05 22:00:00,2978.0,2989.22,2965.96,2977.34,6297.4634
2024-07-05 23:00:00,2977.35,2993.2,2975.87,2981.78,5379.2858
2024-07-06 00:00:00,2981.79,3026.45,2970.55,2987.22,17413.7262
2024-07-06 01:00:00,2987.38,2988.78,2961.28,2962.4,10202.8157
2024-07-06 02:00:00,2962.41,2986.52,2955.06,2980.23,7192.9269
2024-07-06 03:00:00,2980.22,2984.27,2970.6,2980.01,5099.5409
2024-07-06 04:00:00,2980.0,2982.58,2962.0,2962.37,5517.8116
2024-07-06 05:00:00,2962.36,2978.4,2961.65,2971.89,5390.9876
2024-07-06 06:00:00,2971.9,2998.6,2970.52,2991.64,7499.724
2024-07-06 07:00:00,2991.63,3016.37,2989.72,3004.69,14616.0206
2024-07-06 08:00:00,3004.69,3016.0,2997.8,3002.66,12650.3914
2024-07-06 09:00:00,3002.66,3006.55,2985.06,3004.31,22262.7138
2024-07-06 10:00:00,3004.31,3014.08,2998.39,3008.76,5681.2396
2024-07-06 11:00:00,3008.77,3012.37,3003.32,3005.65,4234.4449
2024-07-06 12:00:00,3005.66,3009.85,2989.49,3001.76,6289.9107
2024-07-06 13:00:00,3001.76,3020.0,2995.45,3007.73,9046.3154
2024-07-06 14:00:00,3007.73,3016.25,2995.32,3011.93,8353.6931
2024-07-06 15:00:00,3011.92,3030.0,3007.64,3020.0,9867.6095
2024-07-06 16:00:00,3020.0,3065.94,3016.31,3051.04,19866.7961
2024-07-06 17:00:00,3051.03,3055.59,3040.29,3050.72,7810.6341
2024-07-06 18:00:00,3050.73,3060.56,3045.6,3055.05,6174.8783
2024-07-06 19:00:00,3055.05,3064.0,3048.0,3058.21,6283.5024
2024-07-06 20:00:00,3058.2,3075.49,3056.47,3063.39,7531.8432
2024-07-06 21:00:00,3063.39,3081.78,3057.0,3057.02,7291.1911
2024-07-06 22:00:00,3057.01,3066.94,3057.01,3064.37,3382.642
2024-07-06 23:00:00,3064.38,3078.89,3061.8,3066.83,4826.6122
2024-07-07 00:00:00,3066.83,3068.94,3046.69,3047.81,8097.7693
2024-07-07 01:00:00,3047.81,3059.06,3039.4,3053.36,5202.5314
2024-07-07 02:00:00,3053.35,3073.08,3052.75,3066.99,4081.1705
2024-07-07 03:00:00,3067.0,3067.4,3041.4,3050.76,6517.5206
2024-07-07 04:00:00,3050.76,3050.77,3027.44,3029.79,7842.4729
2024-07-07 05:00:00,3029.79,3036.38,3016.25,3030.14,8395.5511
2024-07-07 06:00:00,3030.13,3038.93,3028.47,3028.69,3369.934
2024-07-07 07:00:00,3028.7,3031.98,2993.51,3004.42,10378.0187
2024-07-07 08:00:00,3004.42,3013.81,3004.12,3012.99,6660.4298
2024-07-07 09:00:00,3012.99,3019.3,3006.96,3014.99,5083.7032
2024-07-07 10:00:00,3014.99,3032.18,3008.68,3014.77,4208.7978
2024-07-07 11:00:00,3014.77,3019.82,3009.35,3015.51,3891.0255
2024-07-07 12:00:00,3015.52,3024.05,2997.0,3009.71,4666.0637
2024-07-07 13:00:00,3009.7,3009.71,2967.7,2973.8,18798.1082
2024-07-07 14:00:00,2973.81,2974.51,2955.12,2962.58,10595.749
2024-07-07 15:00:00,2962.57,2978.59,2960.4,2970.99,7750.5235
2024-07-07 16:00:00,2970.99,2992.04,2963.89,2990.79,5496.582
2024-07-07 17:00:00,2990.8,2999.16,2976.65,2995.18,4820.3991
2024-07-07 18:00:00,2995.17,3009.58,2984.02,2988.11,7910.5298
2024-07-07 19:00:00,2988.1,2990.0,2981.43,2985.19,3033.0789
2024-07-07 20:00:00,2985.2,3000.72,2978.94,2999.0,4413.7824
2024-07-07 21:00:00,2999.01,2999.48,2928.61,2959.72,17603.0533
2024-07-07 22:00:00,2959.71,2969.15,2937.02,2937.6,9298.7507
2024-07-07 23:00:00,2937.6,2948.76,2922.24,2931.0,11777.2158
2024-07-08 00:00:00,2930.99,2951.89,2883.82,2887.0,27980.8408
2024-07-08 01:00:00,2887.0,2889.47,2822.8,2856.94,56040.8292
2024-07-08 02:00:00,2856.94,2895.45,2840.0,2889.52,17740.0459
2024-07-08 03:00:00,2889.52,2896.97,2866.0,2879.71,9838.6427
2024-07-08 04:00:00,2879.71,2917.11,2875.22,2913.99,11928.0009
2024-07-08 05:00:00,2914.0,2921.51,2902.11,2917.01,10008.7746
2024-07-08 06:00:00,2917.01,2932.79,2902.9,2912.63,9587.4002
2024-07-08 07:00:00,2912.63,2928.3,2902.16,2927.0,8992.8521
2024-07-08 08:00:00,2927.02,3065.56,2922.71,3057.26,48794.514
2024-07-08 09:00:00,3057.25,3097.06,3042.0,3051.02,32565.8714
2024-07-08 10:00:00,3051.02,3070.0,3007.14,3014.06,21256.557
2024-07-08 11:00:00,3014.06,3064.83,3009.52,3053.97,15579.4708
2024-07-08 12:00:00,3053.98,3064.71,3038.0,3049.59,10797.6519
2024-07-08 13:00:00,3049.59,3060.68,3018.81,3038.0,20973.4707
2024-07-08 14:00:00,3038.0,3046.96,2890.0,2982.41,86306.4827
2024-07-08 15:00:00,2982.41,3036.17,2966.11,2969.21,37949.4683
2024-07-08 16:00:00,2969.21,2993.61,2945.4,2971.94,15084.3646
2024-07-08 17:00:00,2971.93,2988.78,2952.91,2984.77,9525.4719
2024-07-08 18:00:00,2984.78,3001.18,2974.11,2991.58,7602.13
2024-07-08 19:00:00,2991.58,3009.88,2982.63,3004.59,6389.6579
2024-07-08 20:00:00,3004.6,3015.6,2992.4,2997.59,8934.6989
2024-07-08 21:00:00,2997.59,3028.6,2981.82,3026.06,16044.797
2024-07-08 22:00:00,3026.05,3046.0,3020.49,3024.69,6783.9852
2024-07-08 23:00:00,3024.68,3034.15,3015.2,3019.01,3739.0318
2024-07-09 00:00:00,3019.01,3035.63,3004.0,3023.83,7826.2032
2024-07-09 01:00:00,3023.83,3076.74,3017.52,3028.92,21707.308
2024-07-09 02:00:00,3028.93,3074.77,3013.55,3074.09,10979.1313
2024-07-09 03:00:00,3074.08,3074.31,3043.8,3064.45,10660.1096
2024-07-09 04:00:00,3064.45,3085.76,3058.72,3070.54,12446.4072
2024-07-09 05:00:00,3070.54,3074.8,3054.14,3068.08,5591.3537
2024-07-09 06:00:00,3068.08,3090.38,3061.6,3074.69,9534.7657
2024-07-09 07:00:00,3074.69,3080.42,3058.19,3061.93,12336.6223
2024-07-09 08:00:00,3061.94,3115.2,3054.99,3083.79,21706.9093
2024-07-09 09:00:00,3083.79,3100.7,3080.66,3088.16,7207.5383
2024-07-09 10:00:00,3088.16,3098.64,3073.32,3081.6,5760.199
2024-07-09 11:00:00,3081.61,3092.5,3063.13,3083.47,6373.7989
2024-07-09 12:00:00,3083.45,3087.51,3068.72,3070.33,5062.3323
2024-07-09 13:00:00,3070.64,3078.28,3049.38,3068.55,18712.2109
2024-07-09 14:00:00,3068.55,3108.72,3031.06,3045.32,33501.1998
2024-07-09 15:00:00,3045.32,3069.4,3036.13,3067.83,15720.2526
2024-07-09 16:00:00,3067.83,3089.34,3061.33,3076.32,28665.5795
2024-07-09 17:00:00,3076.32,3079.64,3046.99,3052.03,7518.7129
2024-07-09 18:00:00,3052.04,3081.68,3047.05,3060.25,13302.3371
2024-07-09 19:00:00,3060.25,3070.0,3054.6,3068.99,4221.1723
2024-07-09 20:00:00,3069.0,3079.2,3064.0,3071.99,4999.7439
2024-07-09 21:00:00,3072.0,3073.17,3057.77,3060.88,3940.0413
2024-07-09 22:00:00,3060.89,3077.02,3046.32,3059.72,8971.1544
2024-07-09 23:00:00,3059.72,3070.0,3056.39,3066.65,3613.0589
2024-07-10 00:00:00,3066.65,3066.84,3026.32,3033.2,10578.0807
2024-07-10 01:00:00,3033.19,3069.0,3024.0,3059.04,8748.5049
2024-07-10 02:00:00,3059.05,3072.4,3049.43,3071.08,6209.016
2024-07-10 03:00:00,3071.09,3082.46,3068.04,3080.0,4190.8393
2024-07-10 04:00:00,3080.0,3129.89,3080.0,3118.8,26910.6963
2024-07-10 05:00:00,3118.79,3124.19,3097.22,3102.3,11241.6441
2024-07-10 06:00:00,3102.29,3113.82,3094.4,3110.42,8997.6282
2024-07-10 07:00:00,3110.42,3111.82,3088.12,3097.08,7597.9871
2024-07-10 08:00:00,3097.07,3099.82,3079.41,3087.52,6769.323
2024-07-10 09:00:00,3087.52,3091.13,3078.43,3088.22,6264.3282
2024-07-10 10:00:00,3088.33,3109.1,3081.57,3103.01,8959.0679
2024-07-10 11:00:00,3102.96,3106.34,3088.89,3102.22,5646.5012
2024-07-10 12:00:00,3102.22,3112.86,3077.76,3109.79,14665.6973
2024-07-10 13:00:00,3109.79,3121.95,3091.31,3106.25,22345.8095
2024-07-10 14:00:00,3106.27,3120.4,3092.67,3100.77,19415.6904
2024-07-10 15:00:00,3100.78,3129.61,3090.0,3122.76,21221.3814
2024-07-10 16:00:00,3122.76,3151.51,3114.32,3120.01,24356.3301
2024-07-10 17:00:00,3120.01,3123.2,3095.99,3102.8,14259.4778
2024-07-10 18:00:00,3102.79,3110.0,3094.0,3102.0,5727.4927
2024-07-10 19:00:00,3101.84,3110.65,3090.17,3107.03,4719.2768
2024-07-10 20:00:00,3107.03,3112.1,3090.25,3096.01,12333.5272
2024-07-10 21:00:00,3096.01,3102.78,3080.21,3096.0,11557.7329
2024-07-10 22:00:00,3096.0,3108.24,3095.6,3100.94,5476.3988
2024-07-10 23:00:00,3100.95,3107.54,3097.13,3101.05,2634.6526
2024-07-11 00:00:00,3101.06,3103.38,3085.7,3100.9,4686.6054
2024-07-11 01:00:00,3100.91,3130.0,3089.08,3121.79,9145.1223
2024-07-11 02:00:00,3121.79,3125.12,3096.6,3104.03,7872.2155
2024-07-11 03:00:00,3104.03,3107.74,3054.76,3077.2,13207.3988
2024-07-11 04:00:00,3077.2,3088.78,3073.99,3084.7,3606.8987
2024-07-11 05:00:00,3084.74,3100.0,3082.45,3098.22,4394.3563
2024-07-11 06:00:00,3098.21,3110.0,3093.79,3105.54,6007.4883
2024-07-11 07:00:00,3105.55,3124.15,3103.12,3118.22,8662.4603
2024-07-11 08:00:00,3118.22,3130.5,3114.52,3122.85,6259.9607
2024-07-11 09:00:00,3122.85,3146.91,3119.8,3143.79,12698.3438
2024-07-11 10:00:00,3143.8,3156.88,3136.75,3145.0,12364.2273
2024-07-11 11:00:00,3145.0,3156.93,3132.89,3147.04,9268.9688
2024-07-11 12:00:00,3147.04,3217.24,3127.53,3192.5,60428.4026
2024-07-11 13:00:00,3192.49,3192.58,3157.29,3180.68,16736.2239
2024-07-11 14:00:00,3180.68,3185.0,3127.74,3149.21,22349.3996
2024-07-11 15:00:00,3149.21,3157.49,3104.52,3117.95,17441.8668
2024-07-11 16:00:00,3117.95,3137.55,3097.3,3125.75,14697.2997
2024-07-11 17:00:00,3125.75,3141.28,3120.04,3131.19,5626.2458
2024-07-11 18:00:00,3131.19,3148.58,3129.34,3138.0,17255.8385
2024-07-11 19:00:00,3137.99,3139.32,3106.25,3107.11,5687.8089
2024-07-11 20:00:00,3107.11,3116.58,3088.98,3115.5,11679.5068
2024-07-11 21:00:00,3115.5,3123.7,3101.72,3109.76,8035.4087
2024-07-11 22:00:00,3109.76,3110.86,3094.36,3102.98,5146.3823
2024-07-11 23:00:00,3102.99,3105.69,3086.0,3099.57,5970.8902
2024-07-12 00:00:00,3099.57,3117.92,3090.51,3093.68,6115.1494
2024-07-12 01:00:00,3093.68,3106.31,3055.11,3088.51,12836.827
2024-07-12 02:00:00,3088.32,3109.84,3085.22,3107.21,7810.3999
2024-07-12 03:00:00,3107.21,3108.78,3081.51,3085.74,5621.82
2024-07-12 04:00:00,3085.62,3089.87,3064.62,3083.55,5149.8341
2024-07-12 05:00:00,3083.55,3087.94,3075.43,3082.72,3659.3311
2024-07-12 06:00:00,3082.65,3098.46,3081.2,3092.16,3182.1468
2024-07-12 07:00:00,3092.15,3098.67,3057.87,3072.3,8239.1909
2024-07-12 08:00:00,3072.3,3086.24,3067.67,3081.09,9622.4977
2024-07-12 09:00:00,3081.09,3081.4,3048.0,3058.47,9191.2075
2024-07-12 10:00:00,3058.48,3072.71,3045.58,3071.16,8451.5334
2024-07-12 11:00:00,3071.15,3074.56,3064.32,3070.0,5241.6553
2024-07-12 12:00:00,3070.0,3081.84,3057.58,3075.37,11881.2062
2024-07-12 13:00:00,3075.37,3125.42,3074.0,3119.15,13208.2209
2024-07-12 14:00:00,3119.16,3127.9,3110.3,3118.26,9788.4814
2024-07-12 15:00:00,3118.27,3139.74,3115.42,3131.34,7754.6728
2024-07-12 16:00:00,3131.34,3147.21,3116.5,3139.0,6658.1146
2024-07-12 17:00:00,3139.01,3157.89,3132.3,3143.3,11633.5641
2024-07-12 18:00:00,3143.3,3153.87,3132.44,3142.08,5616.093
2024-07-12 19:00:00,3141.97,3144.0,3112.47,3116.1,8774.4593
2024-07-12 20:00:00,3116.1,3120.32,3090.0,3109.38,11315.6438
2024-07-12 21:00:00,3109.37,3127.64,3108.0,3119.56,7104.2608
2024-07-12 22:00:00,3119.44,3131.79,3116.84,3127.28,4440.8922
2024-07-12 23:00:00,3127.28,3135.4,3125.05,3133.88,2447.9803
2024-07-13 00:00:00,3133.89,3138.05,3126.26,3132.96,2838.2449
2024-07-13 01:00:00,3132.96,3140.4,3129.2,3129.65,2831.5941
2024-07-13 02:00:00,3129.65,3129.65,3122.33,3127.79,4549.0151
2024-07-13 03:00:00,3127.79,3130.32,3120.3,3120.94,3826.9145
2024-07-13 04:00:00,3120.95,3121.0,3113.37,3115.72,1969.0402
2024-07-13 05:00:00,3115.72,3139.06,3113.54,3133.61,6396.9633
2024-07-13 06:00:00,3133.62,3142.62,3130.59,3135.41,4360.2943
2024-07-13 07:00:00,3135.41,3141.49,3134.36,3140.21,2862.2697
2024-07-13 08:00:00,3140.2,3140.84,3129.24,3129.41,3156.5231
2024-07-13 09:00:00,3129.41,3171.0,3128.99,3166.0,14394.765
2024-07-13 10:00:00,3165.99,3169.23,3149.5,3158.4,8016.1293
2024-07-13 11:00:00,3158.4,3160.89,3151.48,3156.84,3139.3175
2024-07-13 12:00:00,3156.84,3165.67,3152.41,3157.41,4766.4397
2024-07-13 13:00:00,3157.41,3159.63,3146.87,3154.28,4256.2572
2024-07-13 14:00:00,3154.28,3154.38,3140.94,3154.37,5629.4888
2024-07-13 15:00:00,3154.37,3160.66,3149.74,3154.87,4110.8819
2024-07-13 16:00:00,3154.86,3162.73,3149.7,3152.1,3647.5939
2024-07-13 17:00:00,3152.1,3156.57,3146.85,3156.57,3045.1955
2024-07-13 18:00:00,3156.58,3160.66,3148.15,3153.21,2999.221
2024-07-13 19:00:00,3153.21,3165.32,3152.5,3163.75,2044.4622
2024-07-13 20:00:00,3163.75,3168.42,3159.18,3162.73,2142.8179
2024-07-13 21:00:00,3162.73,3165.4,3160.43,3165.4,1766.4914
2024-07-13 22:00:00,3165.39,3196.8,3144.26,3191.92,14978.3524
2024-07-13 23:00:00,3191.95,3201.8,3172.09,3175.93,11574.204
2024-07-14 00:00:00,3175.93,3193.61,3172.89,3187.58,8593.4254
2024-07-14 01:00:00,3187.58,3188.47,3173.2,3186.69,6531.2775
2024-07-14 02:00:00,3186.69,3188.49,3163.67,3172.87,4187.9389
2024-07-14 03:00:00,3172.87,3179.9,3169.72,3172.75,3876.7195
2024-07-14 04:00:00,3172.74,3200.0,3171.22,3193.36,9021.2846
2024-07-14 05:00:00,3193.37,3206.7,3185.03,3201.24,11739.1533
2024-07-14 06:00:00,3201.24,3204.56,3186.85,3190.6,4987.5191
2024-07-14 07:00:00,3190.6,3202.01,3187.24,3195.4,5755.945
2024-07-14 08:00:00,3195.4,3220.9,3195.4,3210.47,8126.0996
2024-07-14 09:00:00,3210.47,3225.13,3206.5,3212.97,8969.7764
2024-07-14 10:00:00,3212.98,3217.2,3197.0,3197.78,7034.3815
2024-07-14 11:00:00,3197.79,3206.12,3197.32,3202.84,5285.6739
2024-07-14 12:00:00,3202.85,3203.82,3188.88,3189.51,6160.6878
2024-07-14 13:00:00,3189.52,3195.35,3183.23,3184.05,5384.8037
2024-07-14 14:00:00,3184.06,3204.48,3173.68,3192.01,7645.1373
2024-07-14 15:00:00,3192.01,3196.78,3181.53,3190.48,5518.6766
2024-07-14 16:00:00,3190.47,3197.9,3185.84,3196.29,3655.7097
2024-07-14 17:00:00,3196.29,3197.15,3183.99,3190.28,5510.4887
2024-07-14 18:00:00,3190.28,3191.83,3183.31,3186.26,3565.7551
2024-07-14 19:00:00,3186.27,3191.3,3186.0,3190.9,2440.0456
2024-07-14 20:00:00,3190.9,3206.89,3190.24,3200.22,4212.002
2024-07-14 21:00:00,3200.22,3255.5,3195.61,3254.42,15694.2858
2024-07-14 22:00:00,3254.42,3265.54,3240.49,3245.89,13230.331
2024-07-14 23:00:00,3245.89,3268.72,3238.68,3245.08,8303.6536
2024-07-15 00:00:00,3245.2,3287.6,3233.22,3278.08,13306.1923
2024-07-15 01:00:00,3278.12,3300.0,3270.61,3273.2,12349.8649
2024-07-15 02:00:00,3273.19,3339.55,3268.01,3331.44,26506.225
2024-07-15 03:00:00,3331.44,3342.19,3316.99,3329.37,10005.4884
2024-07-15 04:00:00,3329.37,3339.0,3320.78,3336.43,12866.107
2024-07-15 05:00:00,3336.43,3346.34,3328.8,3335.05,8431.7027
2024-07-15 06:00:00,3335.06,3363.96,3331.27,3349.15,16919.4918
2024-07-15 07:00:00,3349.15,3369.42,3342.8,3355.95,13828.2243
2024-07-15 08:00:00,3355.96,3373.0,3345.8,3352.79,12175.7887
2024-07-15 09:00:00,3352.79,3363.04,3339.84,3348.66,9805.6346
2024-07-15 10:00:00,3348.64,3352.0,3331.53,3335.71,6402.6646
2024-07-15 11:00:00,3335.72,3345.25,3328.0,3339.68,7518.2108
2024-07-15 12:00:00,3339.68,3353.21,3333.33,3343.66,6208.1677
2024-07-15 13:00:00,3343.66,3361.81,3337.25,3356.78,8280.2637
2024-07-15 14:00:00,3356.78,3376.31,3344.32,3372.48,9667.8908
2024-07-15 15:00:00,3372.48,3393.69,3362.2,3367.83,17228.5078
2024-07-15 16:00:00,3367.82,3404.66,3358.21,3389.11,13761.4697
2024-07-15 17:00:00,3389.11,3401.95,3375.11,3383.0,12043.5558
2024-07-15 18:00:00,3383.01,3412.2,3375.88,3396.54,9093.0987
2024-07-15 19:00:00,3396.53,3431.92,3379.0,3406.0,29871.166
2024-07-15 20:00:00,3406.0,3445.6,3403.21,3432.82,13731.3761
2024-07-15 21:00:00,3432.8,3436.68,3417.02,3420.41,8024.0508
2024-07-15 22:00:00,3420.41,3493.63,3420.1,3472.74,23437.7908
2024-07-15 23:00:00,3472.75,3493.0,3464.25,3483.39,12833.9122
2024-07-16 00:00:00,3483.2,3498.59,3462.0,3469.19,13987.3936
2024-07-16 01:00:00,3469.19,3485.42,3461.95,3479.09,9857.9398
2024-07-16 02:00:00,3479.09,3480.0,3453.96,3465.81,11917.479
2024-07-16 03:00:00,3465.81,3472.73,3458.41,3469.51,7427.4667
2024-07-16 04:00:00,3469.51,3478.52,3452.65,3459.36,8734.4912
2024-07-16 05:00:00,3459.36,3465.76,3403.57,3415.96,27162.8748
2024-07-16 06:00:00,3415.97,3434.77,3384.58,3398.99,24372.343
2024-07-16 07:00:00,3398.99,3415.26,3372.2,3376.8,25115.6255
2024-07-16 08:00:00,3376.8,3390.4,3346.55,3374.83,18396.4543
2024-07-16 09:00:00,3374.83,3400.0,3366.52,3394.63,13554.4307
2024-07-16 10:00:00,3394.63,3425.0,3388.64,3409.0,11687.258
2024-07-16 11:00:00,3408.99,3424.29,3397.05,3419.79,9093.0537
2024-07-16 12:00:00,3419.78,3432.46,3396.78,3403.14,14683.0036
2024-07-16 13:00:00,3403.13,3422.2,3392.86,3396.25,10993.5207
2024-07-16 14:00:00,3396.25,3415.95,3375.6,3413.67,14715.5747
2024-07-16 15:00:00,3413.67,3484.73,3412.8,3476.25,32532.1572
2024-07-16 16:00:00,3476.21,3494.38,3441.61,3465.59,34093.309
2024-07-16 17:00:00,3465.59,3469.94,3448.72,3458.84,9386.6527
2024-07-16 18:00:00,3458.85,3470.45,3449.39,3462.22,11611.4578
2024-07-16 19:00:00,3462.22,3484.66,3453.8,3474.4,20262.1766
2024-07-16 20:00:00,3474.4,3475.0,3435.6,3438.14,10864.0358
2024-07-16 21:00:00,3438.13,3445.77,3425.13,3436.52,9519.6873
2024-07-16 22:00:00,3436.51,3439.33,3414.31,3428.67,14849.5734
2024-07-16 23:00:00,3428.66,3460.2,3426.88,3444.13,11310.8278
2024-07-17 00:00:00,3444.14,3470.35,3441.86,3464.9,13632.8833
2024-07-17 01:00:00,3464.91,3517.0,3464.36,3482.34,26741.6569
2024-07-17 02:00:00,3482.33,3493.28,3472.75,3477.94,11037.2153
2024-07-17 03:00:00,3477.94,3488.44,3464.67,3480.25,11775.7632
2024-07-17 04:00:00,3480.25,3496.0,3471.99,3496.0,7519.6127
2024-07-17 05:00:00,3496.0,3514.54,3489.81,3498.41,15655.9081
2024-07-17 06:00:00,3498.38,3508.4,3482.59,3491.62,12203.1165
2024-07-17 07:00:00,3491.63,3495.25,3479.42,3486.22,8958.7393
2024-07-17 08:00:00,3486.23,3500.0,3463.41,3480.81,16952.5625
2024-07-17 09:00:00,3480.81,3498.91,3479.0,3491.68,10079.4484
2024-07-17 10:00:00,3491.68,3491.68,3478.68,3479.61,6192.1551
2024-07-17 11:00:00,3479.61,3481.11,3440.96,3449.03,23543.3594
2024-07-17 12:00:00,3449.03,3463.45,3444.57,3454.75,8621.2288
2024-07-17 13:00:00,3454.75,3475.5,3437.69,3467.8,16012.3423
2024-07-17 14:00:00,3467.81,3473.03,3446.14,3456.85,15315.0257
2024-07-17 15:00:00,3456.85,3467.32,3432.49,3437.17,12750.0267
2024-07-17 16:00:00,3437.18,3438.92,3376.0,3401.78,32673.8955
2024-07-17 17:00:00,3401.77,3418.79,3388.23,3408.49,9048.9411
2024-07-17 18:00:00,3408.49,3420.37,3405.71,3417.49,6093.9991
2024-07-17 19:00:00,3417.5,3427.64,3412.51,3416.79,8177.3285
2024-07-17 20:00:00,3416.79,3428.4,3412.68,3415.93,5154.5242
2024-07-17 21:00:00,3415.93,3419.0,3389.78,3412.39,9062.665
2024-07-17 22:00:00,3412.39,3415.77,3390.27,3395.18,6128.21
2024-07-17 23:00:00,3395.18,3406.2,3385.5,3387.05,4481.9086
2024-07-18 00:00:00,3387.05,3416.77,3383.43,3410.68,9811.0582
2024-07-18 01:00:00,3410.68,3425.36,3408.62,3422.22,5850.0261
2024-07-18 02:00:00,3422.23,3441.49,3394.5,3424.64,12946.5766
2024-07-18 03:00:00,3424.64,3433.5,3418.71,3431.4,8674.5218
2024-07-18 04:00:00,3431.4,3432.16,3415.17,3418.05,6164.1208
2024-07-18 05:00:00,3418.05,3433.03,3408.95,3423.38,8387.1618
2024-07-18 06:00:00,3423.39,3454.08,3419.0,3447.4,9002.3977
2024-07-18 07:00:00,3447.41,3450.0,3432.49,3433.0,6769.5017
2024-07-18 08:00:00,3433.0,3458.84,3431.34,3458.83,10577.418
2024-07-18 09:00:00,3458.82,3461.01,3447.08,3451.66,8906.458
2024-07-18 10:00:00,3451.67,3451.67,3435.04,3444.0,8011.1594
2024-07-18 11:00:00,3444.0,3459.52,3437.36,3458.83,8735.3845
2024-07-18 12:00:00,3458.83,3475.0,3453.89,3472.42,11865.1047
2024-07-18 13:00:00,3472.41,3489.98,3458.85,3467.39,16467.3457
2024-07-18 14:00:00,3467.38,3477.46,3420.2,3431.87,19140.715
2024-07-18 15:00:00,3431.87,3431.87,3385.01,3389.28,23766.8766
2024-07-18 16:00:00,3389.29,3420.6,3367.2,3420.4,17004.7309
2024-07-18 17:00:00,3420.4,3424.24,3398.55,3399.21,16654.0772
2024-07-18 18:00:00,3399.21,3408.84,3388.5,3405.54,9502.9002
2024-07-18 19:00:00,3405.54,3412.73,3385.5,3405.6,8674.6627
2024-07-18 20:00:00,3405.59,3415.57,3397.44,3414.87,3221.5161
2024-07-18 21:00:00,3414.88,3422.54,3412.4,3421.76,2846.5252
2024-07-18 22:00:00,3421.77,3436.73,3420.59,3433.59,5984.272
2024-07-18 23:00:00,3433.6,3437.3,3425.88,3426.5,2985.8348
2024-07-19 00:00:00,3426.49,3428.75,3402.54,3404.71,7013.9161
2024-07-19 01:00:00,3404.72,3416.14,3384.04,3414.87,7318.5686
2024-07-19 02:00:00,3414.87,3419.34,3401.05,3407.14,7080.0073
2024-07-19 03:00:00,3407.14,3432.92,3404.53,3429.59,9589.5082
2024-07-19 04:00:00,3429.59,3434.4,3421.04,3421.05,5344.5837
2024-07-19 05:00:00,3421.05,3428.5,3416.51,3424.2,4078.314
2024-07-19 06:00:00,3424.19,3450.5,3422.8,3439.98,8563.2509
2024-07-19 07:00:00,3439.98,3440.86,3386.69,3391.59,22100.9231
2024-07-19 08:00:00,3391.59,3402.01,3377.0,3394.94,15153.5721
2024-07-19 09:00:00,3394.94,3410.77,3384.0,3387.75,7115.2424
2024-07-19 10:00:00,3387.75,3412.0,3380.85,3400.8,8206.8269
2024-07-19 11:00:00,3400.81,3407.01,3394.77,3404.54,6185.9728
2024-07-19 12:00:00,3404.55,3418.4,3398.88,3414.87,5434.2194
2024-07-19 13:00:00,3414.84,3446.42,3395.99,3437.36,21209.2928
2024-07-19 14:00:00,3437.36,3473.32,3430.66,3468.01,32150.971
2024-07-19 15:00:00,3468.01,3474.99,3439.68,3465.0,17585.4783
2024-07-19 16:00:00,3465.0,3500.0,3464.99,3490.94,31237.2078
2024-07-19 17:00:00,3490.94,3514.7,3484.21,3500.62,19805.4171
2024-07-19 18:00:00,3500.61,3510.0,3491.52,3502.44,8999.5323
2024-07-19 19:00:00,3502.45,3540.27,3502.45,3522.97,22167.4107
2024-07-19 20:00:00,3522.98,3524.11,3492.54,3504.44,14963.1351
2024-07-19 21:00:00,3504.44,3525.96,3504.06,3511.53,8591.9954
2024-07-19 22:00:00,3511.53,3519.57,3505.0,3508.34,5572.676
2024-07-19 23:00:00,3508.35,3515.96,3499.29,3503.53,4043.6202
2024-07-20 00:00:00,3503.53,3508.49,3480.83,3484.9,8058.1316
2024-07-20 01:00:00,3484.9,3496.86,3480.0,3484.43,6362.1077
2024-07-20 02:00:00,3484.43,3495.73,3481.0,3493.73,5839.6395
2024-07-20 03:00:00,3493.74,3502.4,3493.44,3495.01,5034.9162
2024-07-20 04:00:00,3495.01,3508.18,3491.95,3507.84,4791.8825
2024-07-20 05:00:00,3507.84,3507.84,3496.22,3501.61,3498.0476
2024-07-20 06:00:00,3501.62,3504.64,3500.54,3501.6,2718.7531
2024-07-20 07:00:00,3501.61,3503.34,3487.39,3487.4,13373.2528
2024-07-20 08:00:00,3487.39,3494.09,3480.5,3485.85,5861.9318
2024-07-20 09:00:00,3485.84,3494.59,3481.47,3484.4,5076.7322
2024-07-20 10:00:00,3484.41,3490.81,3480.77,3488.93,4941.094
2024-07-20 11:00:00,3488.92,3491.9,3481.25,3484.81,3850.1501
2024-07-20 12:00:00,3484.81,3496.62,3484.43,3492.11,3905.6691
2024-07-20 13:00:00,3492.11,3498.2,3481.2,3490.68,7673.3736
2024-07-20 14:00:00,3490.69,3507.84,3488.81,3497.41,7296.1032
2024-07-20 15:00:00,3497.41,3507.7,3494.66,3503.72,5263.3317
2024-07-20 16:00:00,3503.71,3513.4,3490.53,3498.2,6956.131
2024-07-20 17:00:00,3498.19,3539.65,3492.38,3527.16,20784.9501
2024-07-20 18:00:00,3527.17,3538.0,3517.0,3531.01,6373.3552
2024-07-20 19:00:00,3531.01,3536.5,3508.81,3514.45,6826.1725
2024-07-20 20:00:00,3514.44,3526.22,3514.44,3522.27,2104.3959
2024-07-20 21:00:00,3522.28,3523.0,3500.2,3515.09,4468.0412
2024-07-20 22:00:00,3515.09,3522.78,3508.0,3514.2,3624.8436
2024-07-20 23:00:00,3514.19,3522.02,3513.37,3517.5,2827.8103
2024-07-21 00:00:00,3517.5,3528.8,3503.7,3507.9,5048.9445
2024-07-21 01:00:00,3507.89,3523.09,3507.1,3515.99,3317.101
2024-07-21 02:00:00,3515.98,3522.45,3514.12,3514.25,2563.0157
2024-07-21 03:00:00,3514.25,3520.55,3510.23,3510.47,2678.8735
2024-07-21 04:00:00,3510.47,3513.6,3503.48,3504.87,2854.6251
2024-07-21 05:00:00,3504.87,3505.99,3494.0,3501.0,3591.6965
2024-07-21 06:00:00,3500.99,3503.74,3483.38,3487.04,7559.9828
2024-07-21 07:00:00,3487.04,3490.25,3476.6,3485.01,8400.873
2024-07-21 08:00:00,3485.0,3492.78,3483.8,3488.59,3485.0414
2024-07-21 09:00:00,3488.6,3503.72,3487.13,3501.1,5340.4384
2024-07-21 10:00:00,3501.1,3507.21,3494.45,3494.46,4182.5926
2024-07-21 11:00:00,3494.46,3498.79,3490.35,3498.79,2415.5528
2024-07-21 12:00:00,3498.79,3503.99,3495.15,3500.2,3045.161
2024-07-21 13:00:00,3500.2,3502.63,3482.47,3491.09,4956.8408
2024-07-21 14:00:00,3491.09,3517.1,3484.0,3510.74,9436.8674
2024-07-21 15:00:00,3510.74,3516.79,3495.49,3499.95,8867.6353
2024-07-21 16:00:00,3499.95,3520.0,3487.1,3517.42,10902.3373
2024-07-21 17:00:00,3517.43,3526.12,3450.1,3468.6,24613.7506
2024-07-21 18:00:00,3468.61,3485.89,3411.4,3463.7,42096.9117
2024-07-21 19:00:00,3463.7,3497.64,3458.19,3490.72,12731.3963
2024-07-21 20:00:00,3490.72,3523.73,3482.6,3497.8,17503.085
2024-07-21 21:00:00,3497.8,3520.4,3490.45,3520.4,11803.2514
2024-07-21 22:00:00,3520.39,3547.0,3518.88,3533.49,14570.4414
2024-07-21 23:00:00,3533.48,3545.69,3521.81,3535.92,6924.5501
2024-07-22 00:00:00,3535.93,3562.82,3529.42,3543.32,13230.789
2024-07-22 01:00:00,3543.32,3544.95,3522.67,3527.59,8878.6258
2024-07-22 02:00:00,3527.59,3540.0,3519.33,3534.45,6958.4045
2024-07-22 03:00:00,3534.45,3536.11,3515.27,3517.33,5440.9359
2024-07-22 04:00:00,3517.34,3523.58,3510.6,3516.1,6848.867
2024-07-22 05:00:00,3516.1,3516.81,3485.0,3495.79,9959.0445
2024-07-22 06:00:00,3495.79,3500.84,3459.6,3477.07,12799.2655
2024-07-22 07:00:00,3477.07,3484.6,3465.0,3478.89,7304.0337
2024-07-22 08:00:00,3478.9,3488.0,3470.17,3475.2,6924.3694
2024-07-22 09:00:00,3475.21,3493.09,3469.0,3493.09,5695.9002
2024-07-22 10:00:00,3493.1,3499.28,3488.2,3492.25,3571.2415
2024-07-22 11:00:00,3492.26,3503.85,3486.06,3500.31,4151.5291
2024-07-22 12:00:00,3500.3,3507.35,3492.19,3498.59,6007.0536
2024-07-22 13:00:00,3498.6,3506.0,3462.67,3466.99,14737.0546
2024-07-22 14:00:00,3466.99,3477.77,3443.7,3448.77,19479.1494
2024-07-22 15:00:00,3448.76,3466.4,3435.6,3457.15,11265.5288
2024-07-22 16:00:00,3457.15,3471.52,3444.86,3453.57,7084.4936
2024-07-22 17:00:00,3453.58,3471.6,3450.02,3470.59,6491.6379
2024-07-22 18:00:00,3470.6,3479.47,3463.93,3472.8,6418.325
2024-07-22 19:00:00,3472.81,3498.63,3468.4,3498.14,6572.8033
2024-07-22 20:00:00,3498.18,3499.53,3477.48,3489.15,9234.7849
2024-07-22 21:00:00,3489.16,3489.79,3446.08,3461.51,11196.8848
2024-07-22 22:00:00,3461.52,3462.52,3435.6,3448.18,8875.1818
2024-07-22 23:00:00,3448.18,3450.44,3422.34,3439.6,8733.6005
2024-07-23 00:00:00,3439.61,3479.96,3435.43,3468.91,13750.3379
2024-07-23 01:00:00,3468.91,3490.14,3460.12,3481.01,13547.4415
2024-07-23 02:00:00,3481.01,3489.99,3468.49,3486.88,9939.2855
2024-07-23 03:00:00,3486.87,3488.41,3471.77,3474.99,6465.0006
2024-07-23 04:00:00,3474.99,3483.45,3446.59,3454.81,10085.0611
2024-07-23 05:00:00,3454.81,3459.08,3425.0,3441.67,17756.4743
2024-07-23 06:00:00,3441.67,3461.8,3432.42,3445.39,13655.2076
2024-07-23 07:00:00,3445.4,3457.13,3439.4,3454.84,9549.0264
2024-07-23 08:00:00,3454.85,3532.38,3452.09,3521.47,45068.7747
2024-07-23 09:00:00,3521.48,3541.0,3512.31,3521.99,26167.4226
2024-07-23 10:00:00,3522.0,3529.0,3505.92,3506.01,15634.6536
2024-07-23 11:00:00,3506.01,3521.38,3481.01,3516.0,19726.5134
2024-07-23 12:00:00,3516.01,3518.8,3486.48,3506.27,13141.7933
2024-07-23 13:00:00,3506.28,3513.96,3429.59,3440.26,51233.3124
2024-07-23 14:00:00,3440.27,3496.67,3437.8,3488.62,28669.4858
2024-07-23 15:00:00,3488.62,3488.72,3437.0,3454.38,32063.1713
2024-07-23 16:00:00,3454.38,3469.44,3402.55,3403.49,36921.135
2024-07-23 17:00:00,3403.49,3429.99,3389.0,3427.97,24809.7174
2024-07-23 18:00:00,3427.96,3452.77,3418.89,3446.26,13944.5442
2024-07-23 19:00:00,3446.26,3496.49,3445.27,3457.03,33369.9042
2024-07-23 20:00:00,3457.03,3489.34,3454.94,3481.65,17426.4676
2024-07-23 21:00:00,3481.65,3490.34,3467.24,3467.25,8423.3044
2024-07-23 22:00:00,3467.24,3496.5,3456.9,3482.39,18385.7597
2024-07-23 23:00:00,3482.4,3500.0,3465.01,3482.51,20834.9866
2024-07-24 00:00:00,3482.51,3487.82,3464.33,3464.33,9525.8369
2024-07-24 01:00:00,3464.32,3478.04,3436.85,3443.61,21901.2594
2024-07-24 02:00:00,3443.61,3451.52,3427.4,3449.81,11334.1082
2024-07-24 03:00:00,3449.81,3459.96,3440.42,3448.36,8846.3884
2024-07-24 04:00:00,3448.36,3449.58,3432.4,3440.01,7679.6066
2024-07-24 05:00:00,3440.01,3444.7,3429.61,3441.68,4955.3696
2024-07-24 06:00:00,3441.68,3450.34,3437.09,3440.41,4825.8592
2024-07-24 07:00:00,3440.41,3451.74,3437.4,3446.69,5166.3047
2024-07-24 08:00:00,3446.69,3462.61,3443.17,3460.16,9770.3155
2024-07-24 09:00:00,3460.17,3462.35,3453.2,3459.96,7050.9037
2024-07-24 10:00:00,3459.96,3472.33,3457.68,3469.63,7019.5321
2024-07-24 11:00:00,3469.64,3472.11,3458.56,3459.63,4954.3426
2024-07-24 12:00:00,3459.63,3466.86,3444.05,3447.92,7926.9313
2024-07-24 13:00:00,3447.9,3471.54,3438.55,3441.02,12048.8347
2024-07-24 14:00:00,3441.02,3459.0,3429.82,3435.65,21588.1939
2024-07-24 15:00:00,3435.64,3437.18,3409.01,3414.87,18972.1117
2024-07-24 16:00:00,3414.87,3426.32,3401.53,3420.8,8857.6896
2024-07-24 17:00:00,3420.81,3432.4,3417.08,3418.02,5335.1853
2024-07-24 18:00:00,3418.05,3424.66,3371.0,3383.19,17681.2713
2024-07-24 19:00:00,3383.19,3401.92,3357.4,3363.0,15030.156
2024-07-24 20:00:00,3362.99,3376.48,3360.04,3375.92,8649.6017
2024-07-24 21:00:00,3375.91,3376.23,3300.0,3336.47,32354.0365
2024-07-24 22:00:00,3336.47,3338.85,3314.27,3329.25,14200.7727
2024-07-24 23:00:00,3329.24,3339.09,3311.63,3335.81,9804.439
2024-07-25 00:00:00,3335.82,3342.5,3320.64,3325.01,5588.5777
2024-07-25 01:00:00,3325.0,3325.0,3182.84,3215.24,105307.2188
2024-07-25 02:00:00,3215.24,3215.24,3153.04,3184.31,34442.8332
2024-07-25 03:00:00,3184.32,3184.32,3155.2,3168.3,16809.3612
2024-07-25 04:00:00,3168.31,3189.75,3130.0,3183.4,23509.2068
2024-07-25 05:00:00,3183.4,3194.65,3175.26,3183.16,18962.9402
2024-07-25 06:00:00,3183.17,3185.45,3163.36,3170.78,14587.4983
2024-07-25 07:00:00,3170.78,3183.77,3160.69,3171.84,14241.7191
2024-07-25 08:00:00,3171.84,3181.55,3152.89,3176.79,15425.8588
2024-07-25 09:00:00,3176.8,3187.8,3170.2,3175.56,7807.9301
2024-07-25 10:00:00,3175.57,3176.44,3155.0,3170.0,14181.9887
2024-07-25 11:00:00,3170.01,3180.48,3169.67,3172.5,9434.387
2024-07-25 12:00:00,3172.49,3183.79,3140.79,3151.4,20113.2346
2024-07-25 13:00:00,3151.39,3168.5,3130.0,3155.01,17752.3088
2024-07-25 14:00:00,3155.01,3178.17,3105.35,3172.0,34874.145
2024-07-25 15:00:00,3172.0,3175.32,3132.0,3142.28,20126.7739
2024-07-25 16:00:00,3142.28,3172.75,3133.33,3155.27,13987.4408
2024-07-25 17:00:00,3155.28,3171.62,3152.1,3166.17,7964.0007
2024-07-25 18:00:00,3166.18,3171.75,3100.9,3115.65,18903.843
2024-07-25 19:00:00,3115.64,3139.59,3101.66,3123.88,15868.216
2024-07-25 20:00:00,3123.88,3157.06,3087.53,3154.8,22962.6201
2024-07-25 21:00:00,3154.8,3198.5,3150.8,3177.6,22146.3898
2024-07-25 22:00:00,3177.6,3187.5,3162.06,3165.04,10675.3055
2024-07-25 23:00:00,3165.03,3180.79,3163.31,3175.48,8608.8417
2024-07-26 00:00:00,3175.47,3198.01,3171.0,3192.8,12240.0384
2024-07-26 01:00:00,3192.8,3208.54,3175.21,3185.59,14544.3791
2024-07-26 02:00:00,3185.59,3253.12,3185.44,3245.01,24317.2795
2024-07-26 03:00:00,3245.01,3259.89,3232.91,3236.21,20456.3412
2024-07-26 04:00:00,3236.21,3255.47,3233.01,3254.33,12954.7572
2024-07-26 05:00:00,3254.32,3269.99,3244.5,3269.16,10686.0092
2024-07-26 06:00:00,3269.16,3274.89,3260.57,3266.3,10671.369
2024-07-26 07:00:00,3266.29,3276.0,3246.89,3251.0,19533.1731
2024-07-26 08:00:00,3251.0,3259.91,3250.0,3253.69,6865.0592
2024-07-26 09:00:00,3253.69,3263.76,3250.78,3250.79,10193.8719
2024-07-26 10:00:00,3250.79,3254.4,3238.11,3246.21,10428.8286
2024-07-26 11:00:00,3246.21,3248.8,3234.43,3246.86,7255.9065
2024-07-26 12:00:00,3246.87,3255.28,3230.0,3241.99,7859.1976
2024-07-26 13:00:00,3241.98,3254.54,3230.56,3249.54,14002.2
2024-07-26 14:00:00,3249.53,3271.14,3221.43,3240.81,25383.7393
2024-07-26 15:00:00,3240.8,3264.8,3239.0,3255.02,8726.8104
2024-07-26 16:00:00,3255.02,3262.92,3243.0,3246.0,8603.4668
2024-07-26 17:00:00,3246.0,3254.9,3242.62,3247.64,3671.4567
2024-07-26 18:00:00,3247.64,3262.8,3246.54,3259.99,5128.1531
2024-07-26 19:00:00,3259.99,3285.61,3258.18,3274.19,7665.6233
2024-07-26 20:00:00,3274.2,3274.72,3251.24,3254.21,5809.271
2024-07-26 21:00:00,3254.2,3273.71,3251.95,3265.19,5996.9155
2024-07-26 22:00:00,3265.2,3286.36,3262.83,3279.66,4348.9686
2024-07-26 23:00:00,3279.69,3285.94,3274.19,3274.61,2894.6489
2024-07-27 00:00:00,3274.6,3275.06,3258.16,3259.2,5392.8192
2024-07-27 01:00:00,3259.2,3261.95,3245.03,3247.16,4775.6029
2024-07-27 02:00:00,3247.15,3260.71,3243.75,3259.0,3582.865
2024-07-27 03:00:00,3259.01,3260.73,3241.31,3245.0,9652.2352
2024-07-27 04:00:00,3245.0,3257.59,3243.96,3254.1,4978.203
2024-07-27 05:00:00,3254.11,3260.35,3252.72,3254.71,2525.0012
2024-07-27 06:00:00,3254.72,3270.54,3254.28,3270.39,2990.618
2024-07-27 07:00:00,3270.39,3277.8,3263.44,3272.31,6201.7434
2024-07-27 08:00:00,3272.31,3282.98,3262.92,3268.0,5829.6409
2024-07-27 09:00:00,3268.0,3279.8,3264.27,3276.4,3522.9338
2024-07-27 10:00:00,3276.4,3279.53,3270.71,3271.61,4782.229
2024-07-27 11:00:00,3271.61,3279.0,3263.99,3278.41,4349.7072
2024-07-27 12:00:00,3278.41,3297.93,3278.15,3287.87,10768.0712
2024-07-27 13:00:00,3287.87,3327.59,3287.59,3317.59,18850.9269
2024-07-27 14:00:00,3317.6,3324.21,3292.2,3311.25,12340.6121
2024-07-27 15:00:00,3311.25,3315.38,3269.68,3280.97,15513.2194
2024-07-27 16:00:00,3280.97,3291.81,3269.4,3272.12,9577.3246
2024-07-27 17:00:00,3272.12,3273.82,3257.0,3260.75,7625.5595
2024-07-27 18:00:00,3260.74,3274.35,3244.61,3249.01,9246.5553
2024-07-27 19:00:00,3249.01,3262.83,3227.09,3261.0,17961.5202
2024-07-27 20:00:00,3261.0,3262.0,3191.01,3242.74,41209.1615
2024-07-27 21:00:00,3242.75,3294.5,3233.81,3283.7,19844.8214
2024-07-27 22:00:00,3283.8,3289.1,3275.19,3275.19,4204.2524
2024-07-27 23:00:00,3275.2,3275.73,3246.37,3249.01,6266.2804
2024-07-28 00:00:00,3249.0,3252.9,3225.73,3246.8,8956.1809
2024-07-28 01:00:00,3246.8,3256.36,3241.2,3247.56,3616.1807
2024-07-28 02:00:00,3247.57,3252.0,3241.98,3251.99,2833.208
2024-07-28 03:00:00,3252.0,3252.0,3237.7,3237.7,3074.0547
2024-07-28 04:00:00,3237.71,3244.3,3214.58,3218.14,6945.7511
2024-07-28 05:00:00,3218.14,3221.46,3198.11,3218.8,7266.0454
2024-07-28 06:00:00,3218.8,3232.0,3217.0,3221.98,4366.4446
2024-07-28 07:00:00,3221.98,3227.69,3214.6,3227.69,3993.5729
2024-07-28 08:00:00,3227.69,3228.57,3215.87,3228.56,2837.1672
2024-07-28 09:00:00,3228.57,3238.4,3226.7,3235.15,3761.1107
2024-07-28 10:00:00,3235.15,3255.36,3233.05,3248.52,5138.2742
2024-07-28 11:00:00,3248.52,3265.72,3248.5,3256.46,6775.9612
2024-07-28 12:00:00,3256.46,3275.71,3254.31,3271.07,4817.8488
2024-07-28 13:00:00,3271.08,3279.93,3265.12,3274.66,5497.8319
2024-07-28 14:00:00,3274.66,3275.78,3259.06,3264.77,5925.6131
2024-07-28 15:00:00,3264.76,3272.85,3260.51,3268.61,4182.0529
2024-07-28 16:00:00,3268.61,3275.0,3263.93,3265.68,2666.6549
2024-07-28 17:00:00,3265.67,3272.78,3262.2,3271.53,2179.2178
2024-07-28 18:00:00,3271.53,3284.3,3267.51,3275.55,5201.1241
2024-07-28 19:00:00,3275.56,3277.72,3269.12,3271.85,2934.745
2024-07-28 20:00:00,3271.85,3273.78,3259.69,3259.7,2323.8578
2024-07-28 21:00:00,3259.7,3267.57,3251.08,3263.65,2910.354
2024-07-28 22:00:00,3263.66,3269.29,3252.03,3259.73,3446.3349
2024-07-28 23:00:00,3259.74,3273.47,3258.31,3270.16,1880.2461
2024-07-29 00:00:00,3270.16,3306.5,3267.17,3286.58,14259.1824
2024-07-29 01:00:00,3286.58,3294.6,3271.65,3278.0,5474.877
2024-07-29 02:00:00,3278.0,3331.5,3277.36,3330.99,16610.3293
2024-07-29 03:00:00,3330.99,3356.7,3328.44,3348.98,19984.5515
2024-07-29 04:00:00,3348.98,3365.67,3339.86,3343.71,12168.1258
2024-07-29 05:00:00,3343.71,3374.0,3342.95,3367.72,10562.1824
2024-07-29 06:00:00,3367.72,3389.0,3364.72,3373.56,14753.6793
2024-07-29 07:00:00,3373.57,3379.8,3363.66,3366.91,10066.5891
2024-07-29 08:00:00,3366.9,3380.0,3361.82,3373.07,9074.3038
2024-07-29 09:00:00,3373.07,3396.12,3373.07,3395.0,10838.5651
2024-07-29 10:00:00,3394.99,3396.77,3383.41,3384.78,7520.2386
2024-07-29 11:00:00,3384.77,3388.0,3374.14,3375.0,5864.1649
2024-07-29 12:00:00,3375.01,3386.8,3369.4,3374.8,10041.2594
2024-07-29 13:00:00,3374.8,3382.43,3345.01,3348.09,18132.8561
2024-07-29 14:00:00,3348.08,3351.16,3315.36,3325.88,21093.863
2024-07-29 15:00:00,3325.88,3333.65,3290.0,3308.67,20567.2558
2024-07-29 16:00:00,3308.66,3310.79,3258.0,3270.99,29351.2366
2024-07-29 17:00:00,3270.99,3321.03,3264.0,3313.46,20109.8005
2024-07-29 18:00:00,3313.46,3324.19,3302.71,3313.6,11531.8995
2024-07-29 19:00:00,3313.61,3316.27,3304.25,3311.02,7836.6053
2024-07-29 20:00:00,3311.03,3328.44,3309.23,3321.57,7366.3935
2024-07-29 21:00:00,3321.56,3350.01,3312.99,3346.14,10828.3035
2024-07-29 22:00:00,3346.14,3353.38,3328.13,3329.39,8901.1523
2024-07-29 23:00:00,3329.4,3336.63,3313.0,3317.66,15534.0908
2024-07-30 00:00:00,3317.66,3330.55,3282.3,3328.3,19917.2885
2024-07-30 01:00:00,3328.3,3337.94,3295.52,3300.61,7957.8669
2024-07-30 02:00:00,3300.6,3315.01,3284.26,3311.4,9548.5801
2024-07-30 03:00:00,3311.4,3324.0,3310.42,3321.0,4324.8507
2024-07-30 04:00:00,3321.0,3321.1,3307.39,3317.98,2973.0408
2024-07-30 05:00:00,3317.98,3319.57,3298.12,3310.8,6463.0519
2024-07-30 06:00:00,3310.81,3329.01,3308.4,3328.12,5667.1779
2024-07-30 07:00:00,3328.13,3353.41,3328.13,3340.9,11279.7495
2024-07-30 08:00:00,3340.9,3355.5,3334.95,3336.63,7225.7509
2024-07-30 09:00:00,3336.63,3344.88,3329.0,3335.82,4830.8554
2024-07-30 10:00:00,3335.81,3342.92,3327.09,3336.6,5958.7759
2024-07-30 11:00:00,3336.6,3341.99,3330.3,3334.65,4926.5963
2024-07-30 12:00:00,3334.66,3364.3,3322.53,3354.34,9757.6801
2024-07-30 13:00:00,3354.35,3366.4,3328.41,3329.8,7195.3402
2024-07-30 14:00:00,3329.79,3333.62,3293.82,3301.0,14376.3138
2024-07-30 15:00:00,3301.0,3325.0,3291.6,3321.0,8748.2002
2024-07-30 16:00:00,3321.0,3327.42,3307.08,3309.06,5468.932
2024-07-30 17:00:00,3309.05,3310.43,3285.71,3294.43,9085.5053
2024-07-30 18:00:00,3294.43,3297.41,3277.0,3284.2,7568.0087
2024-07-30 19:00:00,3284.19,3288.13,3260.0,3272.79,15404.6844
2024-07-30 20:00:00,3272.79,3284.05,3233.18,3281.49,17464.7626
2024-07-30 21:00:00,3281.49,3285.0,3262.6,3281.07,3586.4038
2024-07-30 22:00:00,3281.08,3285.23,3268.36,3279.04,4649.7306
2024-07-30 23:00:00,3279.04,3283.63,3273.4,3279.21,2898.0176
2024-07-31 00:00:00,3279.2,3285.5,3262.04,3283.2,4775.5929
2024-07-31 01:00:00,3283.21,3288.48,3266.72,3283.58,4460.8758
2024-07-31 02:00:00,3283.58,3304.89,3280.88,3291.45,5850.764
2024-07-31 03:00:00,3291.45,3301.19,3287.67,3294.01,4308.9572
2024-07-31 04:00:00,3294.01,3295.29,3262.49,3277.85,8200.0202
2024-07-31 05:00:00,3277.84,3307.34,3263.73,3301.18,7774.108
2024-07-31 06:00:00,3301.17,3325.67,3298.26,3324.4,15997.0021
2024-07-31 07:00:00,3324.34,3332.04,3314.91,3317.5,9466.5144
2024-07-31 08:00:00,3317.49,3326.98,3309.76,3318.89,6087.6497
2024-07-31 09:00:00,3318.9,3325.0,3311.79,3318.85,4040.3816
2024-07-31 10:00:00,3318.86,3320.0,3306.81,3309.83,6337.8678
2024-07-31 11:00:00,3309.83,3323.41,3307.73,3322.87,5513.7086
2024-07-31 12:00:00,3322.88,3330.8,3315.0,3316.58,7156.0316
2024-07-31 13:00:00,3316.57,3350.0,3315.6,3331.6,15121.9084
2024-07-31 14:00:00,3331.6,3340.55,3307.1,3320.87,18812.2961
2024-07-31 15:00:00,3320.87,3321.75,3297.85,3302.36,12118.0193
2024-07-31 16:00:00,3302.35,3315.71,3282.76,3290.43,7602.2673
2024-07-31 17:00:00,3290.43,3326.79,3285.25,3315.4,7865.598
2024-07-31 18:00:00,3315.4,3324.38,3287.6,3317.79,14604.9444
2024-07-31 19:00:00,3317.79,3322.0,3245.0,3266.19,21498.6315
2024-07-31 20:00:00,3266.19,3271.87,3217.35,3222.45,24768.8929
2024-07-31 21:00:00,3222.45,3244.07,3213.75,3238.89,10917.8091
2024-07-31 22:00:00,3238.9,3244.96,3214.79,3243.34,5412.9517
2024-07-31 23:00:00,3243.33,3243.87,3224.6,3232.74,5018.5426
2024-08-01 00:00:00,3232.74,3242.57,3214.21,3235.01,7698.7089
2024-08-01 01:00:00,3235.0,3239.45,3189.93,3211.81,21184.0685
2024-08-01 02:00:00,3211.81,3214.93,3176.81,3197.69,15800.3355
2024-08-01 03:00:00,3197.69,3197.69,3171.65,3178.22,8707.4347
2024-08-01 04:00:00,3178.22,3189.8,3139.4,3147.59,18114.9585
2024-08-01 05:00:00,3147.59,3185.51,3136.47,3185.32,17211.8725
2024-08-01 06:00:00,3185.32,3185.32,3163.57,3168.14,7877.6256
2024-08-01 07:00:00,3168.14,3180.73,3164.7,3166.81,6167.7942
2024-08-01 08:00:00,3166.82,3184.58,3165.52,3184.32,6205.8034
2024-08-01 09:00:00,3184.32,3194.23,3179.44,3179.96,6393.1061
2024-08-01 10:00:00,3179.96,3192.47,3176.24,3190.61,5331.5038
2024-08-01 11:00:00,3190.6,3193.88,3183.6,3188.39,5509.4464
2024-08-01 12:00:00,3188.39,3207.0,3186.44,3196.55,7388.0703
2024-08-01 13:00:00,3196.55,3199.48,3173.76,3183.01,15993.3742
2024-08-01 14:00:00,3183.0,3187.39,3142.73,3142.74,18249.9026
2024-08-01 15:00:00,3142.74,3146.25,3102.4,3117.18,34224.832
2024-08-01 16:00:00,3117.18,3123.86,3090.81,3107.6,29230.9716
2024-08-01 17:00:00,3107.6,3120.73,3090.48,3119.81,17357.6714
2024-08-01 18:00:00,3119.81,3121.48,3080.02,3091.99,16468.2803
2024-08-01 19:00:00,3091.99,3136.0,3090.3,3131.64,10855.7006
2024-08-01 20:00:00,3131.64,3172.55,3121.73,3172.13,16803.9829
2024-08-01 21:00:00,3172.13,3185.38,3158.46,3176.57,11160.0201
2024-08-01 22:00:00,3176.57,3219.34,3173.58,3209.21,12660.8631
2024-08-01 23:00:00,3209.21,3215.5,3198.43,3203.4,6689.2833
2024-08-02 00:00:00,3203.4,3218.6,3194.39,3194.39,7816.4506
2024-08-02 01:00:00,3194.39,3194.39,3167.87,3173.2,9107.5756
2024-08-02 02:00:00,3173.2,3183.8,3136.41,3159.46,11291.0489
2024-08-02 03:00:00,3159.46,3171.05,3150.6,3168.27,6645.887
2024-08-02 04:00:00,3168.28,3175.52,3161.84,3167.99,4337.8014
2024-08-02 05:00:00,3167.99,3168.67,3142.52,3148.8,7136.6802
2024-08-02 06:00:00,3148.8,3164.93,3127.0,3155.44,11120.8347
2024-08-02 07:00:00,3155.44,3158.08,3137.15,3147.42,7342.4407
2024-08-02 08:00:00,3147.41,3159.66,3134.26,3159.66,8085.771
2024-08-02 09:00:00,3159.66,3162.64,3149.41,3152.55,6874.6755
2024-08-02 10:00:00,3152.55,3164.28,3144.91,3159.38,8097.7128
2024-08-02 11:00:00,3159.38,3166.95,3151.88,3153.73,6595.4958
2024-08-02 12:00:00,3153.73,3164.56,3116.0,3153.17,19920.4913
2024-08-02 13:00:00,3153.17,3182.8,3141.51,3160.64,22021.6893
2024-08-02 14:00:00,3160.65,3166.48,3031.61,3038.41,51905.4096
2024-08-02 15:00:00,3038.41,3047.0,2985.13,3038.99,80064.8235
2024-08-02 16:00:00,3039.0,3048.59,3016.49,3027.3,17618.2606
2024-08-02 17:00:00,3027.31,3042.8,3017.9,3025.48,10644.109
2024-08-02 18:00:00,3025.49,3034.51,3006.0,3015.1,11228.7424
2024-08-02 19:00:00,3015.09,3023.79,2995.0,3011.64,15550.8734
2024-08-02 20:00:00,3011.64,3041.91,2989.21,3020.01,19058.8688
2024-08-02 21:00:00,3020.01,3020.17,2967.0,3003.79,23491.2429
2024-08-02 22:00:00,3003.79,3009.37,2970.46,2978.48,10135.4794
2024-08-02 23:00:00,2978.48,2999.97,2970.01,2989.61,9611.6751
2024-08-03 00:00:00,2989.61,3003.53,2942.4,2962.4,18434.7487
2024-08-03 01:00:00,2962.4,2967.14,2913.56,2956.76,31079.8193
2024-08-03 02:00:00,2956.77,2972.56,2954.38,2962.26,9410.482
2024-08-03 03:00:00,2962.26,2983.72,2958.41,2982.5,9172.7341
2024-08-03 04:00:00,2982.49,2982.96,2961.04,2965.51,6967.7887
2024-08-03 05:00:00,2965.51,2975.5,2962.56,2975.5,5183.8648
2024-08-03 06:00:00,2975.5,2990.97,2974.02,2990.22,6904.353
2024-08-03 07:00:00,2990.22,2996.63,2982.74,2983.9,7987.9645
2024-08-03 08:00:00,2983.81,2988.6,2974.5,2982.66,9571.3312
2024-08-03 09:00:00,2982.66,2990.33,2977.25,2990.19,6921.3135
2024-08-03 10:00:00,2990.19,2995.8,2986.6,2991.6,6855.8039
2024-08-03 11:00:00,2991.6,3006.64,2989.02,2997.21,7419.9729
2024-08-03 12:00:00,2997.2,3018.02,2995.34,3009.96,9754.3974
2024-08-03 13:00:00,3009.96,3012.29,2999.29,3007.39,5068.3923
2024-08-03 14:00:00,3007.39,3014.31,2998.49,3000.0,5223.344
2024-08-03 15:00:00,3000.0,3005.36,2938.88,2942.4,18957.5785
2024-08-03 16:00:00,2942.4,2955.39,2908.0,2935.41,40736.5732
2024-08-03 17:00:00,2935.43,2940.73,2900.0,2902.83,26758.116
2024-08-03 18:00:00,2902.84,2928.07,2893.01,2903.98,32789.0087
2024-08-03 19:00:00,2903.99,2921.31,2878.0,2893.53,19671.703
2024-08-03 20:00:00,2893.53,2920.0,2885.0,2893.96,15933.2637
2024-08-03 21:00:00,2893.97,2920.63,2859.0,2912.99,25314.491
2024-08-03 22:00:00,2913.0,2922.41,2900.87,2909.37,8063.5689
2024-08-03 23:00:00,2909.36,2914.1,2895.35,2903.64,10414.7024
2024-08-04 00:00:00,2903.65,2918.74,2901.25,2914.39,7996.4592
2024-08-04 01:00:00,2914.39,2915.13,2876.22,2907.27,10587.401
2024-08-04 02:00:00,2907.27,2935.46,2905.5,2920.51,9525.6412
2024-08-04 03:00:00,2920.52,2921.0,2909.0,2915.78,4101.7656
2024-08-04 04:00:00,2915.79,2919.37,2900.03,2901.94,4007.638
2024-08-04 05:00:00,2901.94,2918.35,2900.05,2915.36,6647.6367
2024-08-04 06:00:00,2915.35,2922.0,2910.24,2918.05,3862.3292
2024-08-04 07:00:00,2918.04,2918.55,2888.0,2893.24,10763.6265
2024-08-04 08:00:00,2893.24,2914.14,2876.93,2906.27,8820.9551
2024-08-04 09:00:00,2906.27,2916.0,2904.44,2912.54,4400.3753
2024-08-04 10:00:00,2912.54,2916.42,2905.44,2915.83,5212.0536
2024-08-04 11:00:00,2915.82,2925.0,2910.36,2914.22,4757.6684
2024-08-04 12:00:00,2914.22,2924.51,2910.32,2923.57,5614.9771
2024-08-04 13:00:00,2923.57,2925.8,2910.27,2910.83,5839.4744
2024-08-04 14:00:00,2910.83,2913.32,2851.8,2864.4,33531.8398
2024-08-04 15:00:00,2864.41,2869.51,2819.5,2826.98,43230.8926
2024-08-04 16:00:00,2827.0,2837.96,2805.93,2810.8,38710.5367
2024-08-04 17:00:00,2810.81,2816.79,2630.0,2700.19,141281.731
2024-08-04 18:00:00,2700.2,2740.0,2683.69,2729.78,50804.3455
2024-08-04 19:00:00,2729.77,2768.52,2709.32,2757.55,40544.0796
2024-08-04 20:00:00,2757.55,2772.74,2733.96,2752.42,18925.7923
2024-08-04 21:00:00,2752.43,2753.14,2726.4,2730.48,13894.4587
2024-08-04 22:00:00,2730.48,2751.91,2718.07,2722.17,18482.2262
2024-08-04 23:00:00,2722.17,2724.12,2681.04,2688.92,20520.3575
2024-08-05 00:00:00,2688.91,2697.44,2488.88,2526.81,129773.5559
2024-08-05 01:00:00,2526.81,2540.09,2111.0,2319.25,463263.5329
2024-08-05 02:00:00,2319.24,2338.66,2215.0,2334.61,231946.0554
2024-08-05 03:00:00,2334.61,2345.25,2285.96,2312.72,110031.1067
2024-08-05 04:00:00,2312.72,2386.44,2307.1,2336.8,101602.6271
2024-08-05 05:00:00,2336.78,2365.22,2262.28,2311.7,131642.4853
2024-08-05 06:00:00,2311.73,2323.0,2160.0,2268.21,252886.2031
2024-08-05 07:00:00,2268.2,2368.0,2256.6,2357.55,117265.1016
2024-08-05 08:00:00,2357.54,2362.24,2292.8,2325.44,81616.1121
2024-08-05 09:00:00,2325.44,2337.92,2275.13,2317.64,63771.6562
2024-08-05 10:00:00,2317.64,2318.96,2224.22,2272.78,83271.2024
2024-08-05 11:00:00,2272.74,2301.61,2225.52,2290.57,93265.9088
2024-08-05 12:00:00,2290.6,2306.54,2200.0,2228.21,103640.9938
2024-08-05 13:00:00,2228.2,2350.07,2183.51,2337.78,162259.2931
2024-08-05 14:00:00,2337.77,2442.59,2337.45,2403.57,158876.4645
2024-08-05 15:00:00,2403.57,2462.9,2380.06,2450.8,86842.3143
2024-08-05 16:00:00,2450.8,2518.0,2443.95,2453.59,88671.363
2024-08-05 17:00:00,2453.69,2494.38,2425.01,2469.62,39707.5204
2024-08-05 18:00:00,2469.63,2472.6,2372.0,2374.41,43923.3228
2024-08-05 19:00:00,2374.41,2412.97,2364.14,2404.9,41554.2198
2024-08-05 20:00:00,2404.89,2442.79,2401.53,2436.87,29322.865
2024-08-05 21:00:00,2436.87,2473.45,2421.6,2428.5,20521.4629
2024-08-05 22:00:00,2428.51,2463.06,2419.4,2452.79,16769.6302
2024-08-05 23:00:00,2452.79,2474.75,2410.71,2419.59,18179.103
2024-08-06 00:00:00,2419.76,2541.79,2415.8,2540.91,52717.382
2024-08-06 01:00:00,2540.9,2547.43,2498.82,2516.64,34014.8273
2024-08-06 02:00:00,2516.65,2523.87,2500.42,2507.8,20222.6974
2024-08-06 03:00:00,2507.79,2509.0,2482.7,2491.9,17733.9078
2024-08-06 04:00:00,2491.9,2504.7,2478.53,2500.01,19708.2875
2024-08-06 05:00:00,2500.0,2526.17,2484.58,2524.8,22651.3368
2024-08-06 06:00:00,2524.8,2535.19,2501.0,2514.74,26033.2342
2024-08-06 07:00:00,2514.74,2529.41,2494.73,2523.41,22849.4725
2024-08-06 08:00:00,2523.42,2525.0,2440.32,2460.51,39719.0893
2024-08-06 09:00:00,2460.59,2470.73,2443.21,2463.5,25703.9731
2024-08-06 10:00:00,2463.49,2474.68,2446.51,2457.18,16225.9561
2024-08-06 11:00:00,2457.18,2471.28,2442.82,2458.91,23164.2462
2024-08-06 12:00:00,2458.9,2468.3,2427.2,2439.27,28182.6836
2024-08-06 13:00:00,2439.27,2469.29,2414.19,2453.01,43137.3253
2024-08-06 14:00:00,2453.0,2556.23,2450.62,2523.92,70134.7304
2024-08-06 15:00:00,2523.93,2534.26,2494.4,2527.6,25080.1555
2024-08-06 16:00:00,2527.59,2549.73,2510.55,2531.01,29761.3185
2024-08-06 17:00:00,2531.01,2542.87,2480.99,2483.38,26397.924
2024-08-06 18:00:00,2483.39,2526.03,2482.13,2500.4,17546.9511
2024-08-06 19:00:00,2500.4,2514.92,2487.48,2493.04,12223.2754
2024-08-06 20:00:00,2493.04,2502.83,2473.89,2488.45,19247.907
2024-08-06 21:00:00,2488.44,2495.74,2475.0,2492.8,10486.0614
2024-08-06 22:00:00,2492.8,2513.84,2457.51,2475.4,23961.6702
2024-08-06 23:00:00,2475.4,2484.33,2446.08,2461.33,15379.3912
2024-08-07 00:00:00,2461.33,2472.65,2431.44,2458.81,19149.8866
2024-08-07 01:00:00,2458.81,2504.34,2425.53,2500.8,30550.0934
2024-08-07 02:00:00,2500.84,2530.0,2481.03,2495.0,25483.1274
2024-08-07 03:00:00,2495.01,2515.78,2490.92,2507.27,14815.1079
2024-08-07 04:00:00,2507.26,2534.6,2504.23,2516.61,18760.4335
2024-08-07 05:00:00,2516.61,2533.96,2503.21,2505.11,25222.01
2024-08-07 06:00:00,2505.11,2511.9,2493.0,2500.38,13482.4871
2024-08-07 07:00:00,2500.38,2519.52,2485.12,2510.72,13787.4614
2024-08-07 08:00:00,2510.79,2526.59,2504.54,2524.59,16881.4621
2024-08-07 09:00:00,2524.58,2538.99,2513.28,2517.58,27263.1045
2024-08-07 10:00:00,2517.57,2551.32,2508.26,2508.46,25006.3163
2024-08-07 11:00:00,2508.46,2513.88,2470.0,2473.01,40006.4928
2024-08-07 12:00:00,2473.01,2483.29,2450.0,2469.33,33257.8818
2024-08-07 13:00:00,2469.32,2487.64,2436.26,2447.41,45089.3218
2024-08-07 14:00:00,2447.42,2455.2,2364.76,2390.21,66882.5979
2024-08-07 15:00:00,2390.22,2422.05,2380.2,2412.75,32122.0668
2024-08-07 16:00:00,2412.76,2416.45,2376.83,2391.51,27290.4186
2024-08-07 17:00:00,2391.51,2403.79,2355.28,2367.62,26558.3168
2024-08-07 18:00:00,2367.63,2378.38,2326.95,2344.07,37991.2352
2024-08-07 19:00:00,2344.08,2362.29,2342.99,2350.45,15927.281
2024-08-07 20:00:00,2350.45,2370.0,2309.04,2349.22,34314.2381
2024-08-07 21:00:00,2349.22,2369.5,2334.71,2360.28,13812.3258
2024-08-07 22:00:00,2360.16,2363.25,2313.48,2356.46,17991.396
2024-08-07 23:00:00,2356.47,2365.48,2333.0,2342.8,8470.36
2024-08-08 00:00:00,2342.79,2357.39,2320.4,2353.6,18482.9877
2024-08-08 01:00:00,2353.6,2445.41,2352.05,2440.38,40150.0114
2024-08-08 02:00:00,2440.39,2465.25,2437.14,2455.24,20671.5451
2024-08-08 03:00:00,2455.23,2459.27,2429.44,2430.41,14906.1159
2024-08-08 04:00:00,2430.4,2445.32,2418.77,2422.5,12153.5743
2024-08-08 05:00:00,2422.49,2434.75,2419.39,2423.13,11471.6786
2024-08-08 06:00:00,2423.13,2440.0,2411.31,2433.19,10090.1328
2024-08-08 07:00:00,2433.2,2433.8,2411.52,2414.0,13405.7977
2024-08-08 08:00:00,2414.0,2432.67,2408.6,2427.38,15645.5439
2024-08-08 09:00:00,2427.39,2453.0,2414.85,2437.09,17327.1385
2024-08-08 10:00:00,2437.09,2449.58,2425.99,2447.12,11440.565
2024-08-08 11:00:00,2447.12,2460.68,2440.44,2447.63,9517.6011
2024-08-08 12:00:00,2447.64,2525.68,2439.4,2482.57,52495.994
2024-08-08 13:00:00,2482.56,2487.4,2411.02,2434.06,40775.3586
2024-08-08 14:00:00,2434.05,2508.76,2430.12,2499.21,34364.1162
2024-08-08 15:00:00,2499.2,2512.41,2480.74,2507.2,27508.8533
2024-08-08 16:00:00,2507.21,2593.11,2504.02,2585.83,66589.9809
2024-08-08 17:00:00,2585.83,2607.29,2571.52,2579.1,30161.7924
2024-08-08 18:00:00,2579.09,2595.38,2576.0,2578.61,10601.8592
2024-08-08 19:00:00,2578.61,2588.23,2566.0,2573.53,11872.1921
2024-08-08 20:00:00,2573.54,2581.0,2567.64,2569.59,7832.3462
2024-08-08 21:00:00,2569.58,2655.99,2569.29,2640.9,21879.7807
2024-08-08 22:00:00,2640.9,2724.1,2617.33,2707.67,51256.0635
2024-08-08 23:00:00,2707.67,2722.0,2675.64,2682.5,35901.8463
2024-08-09 00:00:00,2682.5,2694.59,2651.43,2666.18,27204.0287
2024-08-09 01:00:00,2666.17,2674.98,2646.4,2670.84,15863.7375
2024-08-09 02:00:00,2670.84,2682.35,2659.0,2668.87,8084.5123
2024-08-09 03:00:00,2668.87,2702.19,2667.08,2694.67,12842.6505
2024-08-09 04:00:00,2694.66,2707.98,2659.2,2659.56,21455.9236
2024-08-09 05:00:00,2659.57,2678.86,2649.0,2677.12,11541.7197
2024-08-09 06:00:00,2677.13,2704.0,2674.36,2687.9,13740.9007
2024-08-09 07:00:00,2687.9,2698.81,2663.04,2670.21,18567.9222
2024-08-09 08:00:00,2670.21,2675.2,2655.97,2671.19,11434.8198
2024-08-09 09:00:00,2671.19,2681.28,2651.8,2658.39,14822.0641
2024-08-09 10:00:00,2658.39,2661.9,2617.2,2635.21,23710.4106
2024-08-09 11:00:00,2635.21,2643.89,2618.78,2634.92,9319.9469
2024-08-09 12:00:00,2634.93,2648.0,2610.71,2627.63,16229.0693
2024-08-09 13:00:00,2627.62,2638.17,2579.2,2615.81,29759.7188
2024-08-09 14:00:00,2615.81,2663.96,2557.47,2591.55,55939.1994
2024-08-09 15:00:00,2591.55,2606.0,2556.4,2557.82,24914.6972
2024-08-09 16:00:00,2557.82,2595.44,2552.61,2592.98,19361.8949
2024-08-09 17:00:00,2592.98,2609.75,2584.88,2590.12,12891.5919
2024-08-09 18:00:00,2590.12,2597.0,2575.0,2586.19,10334.856
2024-08-09 19:00:00,2586.18,2600.0,2578.0,2590.8,5179.2506
2024-08-09 20:00:00,2590.8,2607.62,2587.28,2593.17,6443.6663
2024-08-09 21:00:00,2593.1,2606.6,2562.39,2602.12,14713.309
2024-08-09 22:00:00,2602.13,2613.07,2585.07,2598.4,12640.2048
2024-08-09 23:00:00,2598.4,2601.97,2574.61,2598.78,9743.8663
2024-08-10 00:00:00,2598.79,2644.7,2576.49,2584.58,21066.015
2024-08-10 01:00:00,2584.58,2611.75,2580.51,2600.01,10904.7359
2024-08-10 02:00:00,2600.01,2614.4,2592.58,2603.69,4916.3558
2024-08-10 03:00:00,2603.7,2607.2,2592.59,2602.59,4894.0492
2024-08-10 04:00:00,2602.6,2604.22,2588.4,2599.95,5282.9205
2024-08-10 05:00:00,2599.96,2610.97,2594.41,2606.08,4559.9713
2024-08-10 06:00:00,2606.08,2625.96,2604.06,2619.9,6823.5058
2024-08-10 07:00:00,2619.9,2637.0,2619.1,2634.27,7693.98
2024-08-10 08:00:00,2634.27,2640.97,2623.0,2629.8,7522.7835
2024-08-10 09:00:00,2629.79,2640.6,2626.01,2632.6,7297.3449
2024-08-10 10:00:00,2632.63,2639.0,2624.43,2629.6,4615.3983
2024-08-10 11:00:00,2629.6,2642.84,2628.1,2636.58,4144.7534
2024-08-10 12:00:00,2636.58,2637.89,2628.22,2630.52,3384.4873
2024-08-10 13:00:00,2630.51,2631.94,2606.0,2609.19,6396.2271
2024-08-10 14:00:00,2609.2,2618.35,2604.07,2610.66,4642.8147
2024-08-10 15:00:00,2610.66,2622.94,2597.0,2599.49,7328.3712
2024-08-10 16:00:00,2599.5,2609.2,2589.51,2607.3,10552.653
2024-08-10 17:00:00,2607.29,2615.86,2598.02,2610.64,4942.566
2024-08-10 18:00:00,2610.64,2622.84,2599.47,2600.68,21596.3386
2024-08-10 19:00:00,2600.68,2611.47,2595.29,2603.01,5709.4539
2024-08-10 20:00:00,2603.01,2607.5,2596.21,2604.67,4122.6677
2024-08-10 21:00:00,2604.66,2618.0,2603.85,2613.07,5540.9473
2024-08-10 22:00:00,2613.06,2613.38,2604.6,2606.37,3496.2233
2024-08-10 23:00:00,2606.37,2610.31,2600.21,2609.92,3577.7982
2024-08-11 00:00:00,2609.92,2629.4,2606.02,2624.7,7930.9993
2024-08-11 01:00:00,2624.7,2631.9,2618.29,2629.55,4188.622
2024-08-11 02:00:00,2629.55,2631.6,2622.25,2624.93,2588.2565
2024-08-11 03:00:00,2624.93,2668.28,2624.93,2646.38,14913.4387
2024-08-11 04:00:00,2646.39,2654.04,2634.0,2644.26,7848.2265
2024-08-11 05:00:00,2644.27,2666.47,2643.27,2661.27,5917.7641
2024-08-11 06:00:00,2661.28,2665.98,2651.71,2659.8,7223.3017
2024-08-11 07:00:00,2659.79,2683.15,2659.79,2677.79,10791.0922
2024-08-11 08:00:00,2677.8,2697.6,2674.64,2685.78,8982.1233
2024-08-11 09:00:00,2685.78,2720.0,2682.13,2684.15,19883.1743
2024-08-11 10:00:00,2684.16,2695.47,2673.44,2675.61,11271.2132
2024-08-11 11:00:00,2675.61,2677.56,2644.91,2652.61,18963.1479
2024-08-11 12:00:00,2652.6,2655.8,2625.6,2637.99,14967.7496
2024-08-11 13:00:00,2638.0,2645.31,2616.9,2638.73,11424.7326
2024-08-11 14:00:00,2638.72,2652.32,2604.2,2615.49,16336.2507
2024-08-11 15:00:00,2615.48,2623.92,2594.46,2614.07,14007.7293
2024-08-11 16:00:00,2614.07,2637.75,2603.4,2625.8,8172.1995
2024-08-11 17:00:00,2625.79,2642.63,2617.8,2636.6,6179.1337
2024-08-11 18:00:00,2636.6,2645.92,2628.71,2639.11,10982.7699
2024-08-11 19:00:00,2639.12,2639.88,2596.33,2599.06,25619.4905
2024-08-11 20:00:00,2599.06,2602.91,2540.0,2557.41,34012.5285
2024-08-11 21:00:00,2557.4,2585.57,2544.11,2581.02,11949.1191
2024-08-11 22:00:00,2581.02,2595.21,2540.99,2567.56,15983.6526
2024-08-11 23:00:00,2567.55,2567.7,2552.12,2555.38,6962.1988
2024-08-12 00:00:00,2555.38,2577.9,2510.05,2537.4,27775.9851
2024-08-12 01:00:00,2537.4,2560.0,2529.25,2549.8,11042.2011
2024-08-12 02:00:00,2549.81,2553.67,2534.07,2551.21,11949.9322
2024-08-12 03:00:00,2551.21,2557.8,2531.0,2541.02,7377.9018
2024-08-12 04:00:00,2541.03,2551.97,2535.0,2539.03,4677.1223
2024-08-12 05:00:00,2539.02,2554.8,2535.25,2553.66,8137.4342
2024-08-12 06:00:00,2553.66,2562.6,2541.47,2552.76,8787.4581
2024-08-12 07:00:00,2552.76,2582.75,2516.36,2567.27,21613.6566
2024-08-12 08:00:00,2567.27,2596.8,2558.54,2563.28,19295.6645
2024-08-12 09:00:00,2563.27,2599.0,2562.67,2596.39,14954.6115
2024-08-12 10:00:00,2596.39,2642.87,2588.0,2641.44,28664.6613
2024-08-12 11:00:00,2641.43,2683.2,2635.97,2673.6,26746.6523
2024-08-12 12:00:00,2673.6,2699.21,2665.45,2684.99,21983.9809
2024-08-12 13:00:00,2684.99,2704.0,2602.86,2614.37,39055.6492
2024-08-12 14:00:00,2614.67,2723.7,2592.58,2702.09,64202.1611
2024-08-12 15:00:00,2702.09,2711.42,2646.84,2689.2,35182.613
2024-08-12 16:00:00,2689.2,2698.87,2663.1,2668.57,17765.5265
2024-08-12 17:00:00,2668.56,2679.33,2653.76,2655.05,10812.3381
2024-08-12 18:00:00,2655.05,2676.0,2627.89,2632.53,13614.8833
2024-08-12 19:00:00,2632.54,2664.34,2632.54,2660.09,10800.4885
2024-08-12 20:00:00,2660.09,2706.0,2658.54,2681.0,18296.7067
2024-08-12 21:00:00,2681.0,2693.23,2658.13,2683.24,13760.4485
2024-08-12 22:00:00,2683.24,2704.2,2681.58,2696.32,14603.123
2024-08-12 23:00:00,2696.32,2750.0,2695.0,2722.3,32313.0508
2024-08-13 00:00:00,2722.3,2730.2,2704.52,2718.32,18576.0762
2024-08-13 01:00:00,2718.3,2733.84,2706.43,2733.41,9634.3713
2024-08-13 02:00:00,2733.41,2738.4,2686.0,2714.48,16146.9138
2024-08-13 03:00:00,2714.47,2715.72,2650.61,2656.39,31490.5173
2024-08-13 04:00:00,2656.38,2662.35,2641.46,2660.51,9096.3494
2024-08-13 05:00:00,2660.51,2664.0,2651.0,2652.38,5440.2526
2024-08-13 06:00:00,2652.38,2658.51,2635.13,2654.61,12361.9802
2024-08-13 07:00:00,2654.62,2662.0,2641.59,2648.94,9418.8026
2024-08-13 08:00:00,2648.95,2658.34,2633.0,2642.88,9683.2156
2024-08-13 09:00:00,2642.89,2647.87,2626.74,2641.82,7403.1032
2024-08-13 10:00:00,2641.82,2644.66,2611.37,2633.65,12651.2294
2024-08-13 11:00:00,2633.65,2648.82,2630.0,2644.65,6848.641
2024-08-13 12:00:00,2644.66,2663.36,2634.08,2650.37,19102.4381
2024-08-13 13:00:00,2650.37,2674.99,2635.83,2669.48,15507.6393
2024-08-13 14:00:00,2669.48,2674.67,2630.91,2662.34,15732.1151
2024-08-13 15:00:00,2662.35,2664.79,2643.77,2652.0,8052.1102
2024-08-13 16:00:00,2652.0,2717.72,2650.0,2715.85,26382.5511
2024-08-13 17:00:00,2715.85,2730.28,2702.04,2712.98,23276.5756
2024-08-13 18:00:00,2712.98,2714.0,2687.29,2697.95,15500.6694
2024-08-13 19:00:00,2697.94,2718.72,2675.1,2711.46,15273.7511
2024-08-13 20:00:00,2711.46,2715.0,2698.47,2698.68,6003.8032
2024-08-13 21:00:00,2698.69,2730.4,2694.96,2730.0,12879.7737
2024-08-13 22:00:00,2730.2,2734.0,2707.85,2713.49,11124.2544
2024-08-13 23:00:00,2713.48,2713.6,2692.85,2702.44,8081.5626
2024-08-14 00:00:00,2702.44,2716.72,2692.99,2715.65,7227.4785
2024-08-14 01:00:00,2715.64,2719.93,2690.17,2690.9,5355.3366
2024-08-14 02:00:00,2690.9,2713.29,2685.8,2709.06,9050.6856
2024-08-14 03:00:00,2709.07,2725.4,2705.0,2709.39,8154.9371
2024-08-14 04:00:00,2709.4,2724.0,2707.72,2720.62,8397.8778
2024-08-14 05:00:00,2720.62,2744.0,2715.56,2724.1,15248.2447
2024-08-14 06:00:00,2724.09,2750.0,2716.9,2727.69,11694.6073
2024-08-14 07:00:00,2727.68,2730.0,2718.21,2727.57,10492.8528
2024-08-14 08:00:00,2727.56,2737.08,2715.0,2725.99,9305.4593
2024-08-14 09:00:00,2726.0,2730.78,2720.0,2721.72,9137.7414
2024-08-14 10:00:00,2721.72,2764.05,2720.8,2742.81,24283.0613
2024-08-14 11:00:00,2742.81,2756.67,2725.68,2750.24,14710.8993
2024-08-14 12:00:00,2750.24,2780.0,2719.88,2732.03,37082.6044
2024-08-14 13:00:00,2732.03,2739.0,2651.05,2659.19,42880.1145
2024-08-14 14:00:00,2659.19,2669.41,2632.2,2653.79,35777.3035
2024-08-14 15:00:00,2653.78,2685.98,2638.35,2674.21,26503.9708
2024-08-14 16:00:00,2674.22,2674.22,2641.4,2664.2,18434.7351
2024-08-14 17:00:00,2664.15,2671.99,2651.03,2658.37,8041.6029
2024-08-14 18:00:00,2658.36,2669.07,2647.0,2659.05,6922.3244
2024-08-14 19:00:00,2659.04,2672.0,2651.08,2669.06,5540.8477
2024-08-14 20:00:00,2669.06,2678.84,2666.35,2676.16,4468.8149
2024-08-14 21:00:00,2676.15,2679.81,2662.79,2663.8,4573.7573
2024-08-14 22:00:00,2663.81,2670.88,2641.3,2670.1,11407.9318
2024-08-14 23:00:00,2670.1,2674.2,2660.67,2661.45,4115.5251
2024-08-15 00:00:00,2661.45,2673.57,2654.79,2666.12,6856.5658
2024-08-15 01:00:00,2666.11,2667.4,2636.89,2644.26,9346.3501
2024-08-15 02:00:00,2644.27,2663.64,2634.0,2648.64,13848.843
2024-08-15 03:00:00,2648.68,2655.92,2647.21,2652.5,5192.3046
2024-08-15 04:00:00,2652.49,2654.5,2642.6,2652.33,3702.9993
2024-08-15 05:00:00,2652.33,2656.62,2631.13,2636.99,8174.4092
2024-08-15 06:00:00,2636.99,2641.48,2610.69,2623.99,18967.282
2024-08-15 07:00:00,2623.99,2625.59,2589.0,2615.16,16923.3423
2024-08-15 08:00:00,2615.16,2621.99,2604.3,2621.8,9998.4368
2024-08-15 09:00:00,2621.79,2630.66,2617.69,2623.22,7028.5718
2024-08-15 10:00:00,2623.23,2626.71,2614.09,2618.03,5821.6838
2024-08-15 11:00:00,2618.03,2644.1,2617.0,2637.73,9234.5822
2024-08-15 12:00:00,2637.73,2667.79,2633.0,2641.52,19741.0755
2024-08-15 13:00:00,2641.53,2668.8,2633.33,2662.74,12737.0925
2024-08-15 14:00:00,2662.74,2669.95,2647.05,2654.39,13199.3198
2024-08-15 15:00:00,2654.39,2675.6,2647.13,2668.4,11347.4547
2024-08-15 16:00:00,2668.4,2675.0,2652.9,2658.01,8365.4626
2024-08-15 17:00:00,2658.01,2660.74,2604.56,2614.0,14794.9415
2024-08-15 18:00:00,2614.0,2614.0,2542.17,2554.32,58757.5987
2024-08-15 19:00:00,2554.31,2557.6,2521.87,2549.59,48499.3282
2024-08-15 20:00:00,2549.59,2550.93,2515.71,2549.45,17029.6259
2024-08-15 21:00:00,2549.45,2573.32,2533.2,2572.08,16664.5972
2024-08-15 22:00:00,2572.08,2589.55,2560.54,2576.45,10722.886
2024-08-15 23:00:00,2576.45,2581.68,2566.48,2569.89,9592.0524
2024-08-16 00:00:00,2569.9,2579.91,2566.13,2572.94,7650.3177
2024-08-16 01:00:00,2572.94,2579.06,2552.17,2572.63,7650.3503
2024-08-16 02:00:00,2572.64,2610.35,2561.32,2594.2,13108.134
2024-08-16 03:00:00,2594.2,2594.2,2576.48,2580.08,6520.0692
2024-08-16 04:00:00,2580.08,2598.0,2577.71,2597.13,5123.0234
2024-08-16 05:00:00,2597.13,2604.41,2592.0,2596.91,15485.5361
2024-08-16 06:00:00,2596.91,2628.22,2593.59,2626.33,8323.7588
2024-08-16 07:00:00,2626.32,2628.83,2613.29,2617.45,7334.1112
2024-08-16 08:00:00,2617.44,2625.83,2611.0,2618.0,5606.9292
2024-08-16 09:00:00,2618.0,2626.22,2612.23,2626.22,6034.1155
2024-08-16 10:00:00,2626.21,2626.41,2611.76,2618.31,4624.7163
2024-08-16 11:00:00,2618.32,2625.0,2606.55,2612.52,7738.4632
2024-08-16 12:00:00,2612.52,2617.0,2560.71,2575.11,19867.8255
2024-08-16 13:00:00,2575.12,2619.89,2565.86,2593.55,25293.2161
2024-08-16 14:00:00,2593.55,2600.41,2571.59,2582.09,12913.0458
2024-08-16 15:00:00,2582.08,2593.42,2550.04,2568.97,15831.4285
2024-08-16 16:00:00,2568.96,2610.87,2564.13,2594.13,21222.4442
2024-08-16 17:00:00,2594.13,2615.0,2568.57,2610.9,32730.1736
2024-08-16 18:00:00,2610.89,2630.97,2603.77,2614.27,19048.1616
2024-08-16 19:00:00,2614.28,2629.2,2612.71,2620.4,8117.6102
2024-08-16 20:00:00,2620.4,2626.19,2608.56,2608.56,7733.4872
2024-08-16 21:00:00,2608.55,2612.31,2591.67,2600.98,5627.3812
2024-08-16 22:00:00,2600.99,2605.71,2593.89,2595.9,3422.3979
2024-08-16 23:00:00,2595.9,2599.29,2587.0,2592.73,3677.4406
2024-08-17 00:00:00,2592.72,2602.21,2587.5,2599.41,5196.6434
2024-08-17 01:00:00,2599.41,2607.92,2596.2,2603.8,5877.6888
2024-08-17 02:00:00,2603.8,2607.88,2596.3,2598.32,3719.3276
2024-08-17 03:00:00,2598.36,2599.99,2588.47,2595.77,3005.9194
2024-08-17 04:00:00,2595.78,2602.92,2592.59,2601.16,2856.1644
2024-08-17 05:00:00,2601.16,2602.23,2596.26,2601.01,2723.8819
2024-08-17 06:00:00,2601.02,2603.65,2596.35,2597.39,1895.9841
2024-08-17 07:00:00,2597.39,2600.61,2590.9,2600.24,3332.4149
2024-08-17 08:00:00,2600.24,2602.0,2594.3,2601.41,3703.4615
2024-08-17 09:00:00,2601.41,2607.28,2596.85,2604.06,4150.1524
2024-08-17 10:00:00,2604.07,2606.35,2595.83,2596.73,3589.984
2024-08-17 11:00:00,2596.72,2601.26,2593.0,2599.23,2742.6767
2024-08-17 12:00:00,2599.23,2604.83,2596.7,2603.19,2797.2401
2024-08-17 13:00:00,2603.18,2614.2,2599.2,2604.6,6489.2518
2024-08-17 14:00:00,2604.61,2616.21,2599.0,2613.58,5541.245
2024-08-17 15:00:00,2613.59,2618.65,2605.26,2606.78,5089.0131
2024-08-17 16:00:00,2606.79,2629.69,2606.78,2620.21,5822.1333
2024-08-17 17:00:00,2620.21,2627.59,2614.81,2615.39,4400.3724
2024-08-17 18:00:00,2615.4,2618.13,2607.68,2610.86,2938.9732
2024-08-17 19:00:00,2610.86,2616.8,2608.52,2614.94,2482.1179
2024-08-17 20:00:00,2614.95,2618.23,2611.0,2614.6,2099.0106
2024-08-17 21:00:00,2614.61,2617.04,2600.0,2607.33,4825.4036
2024-08-17 22:00:00,2607.33,2614.25,2606.88,2608.88,2086.8713
2024-08-17 23:00:00,2608.89,2614.8,2607.31,2614.51,1982.7446
2024-08-18 00:00:00,2614.51,2623.82,2611.0,2616.86,3186.168
2024-08-18 01:00:00,2616.86,2619.8,2605.82,2608.62,3246.6623
2024-08-18 02:00:00,2608.61,2638.22,2605.05,2631.1,8724.8716
2024-08-18 03:00:00,2631.1,2638.22,2605.71,2606.6,10037.4979
2024-08-18 04:00:00,2606.61,2608.69,2594.53,2603.07,7828.7875
2024-08-18 05:00:00,2603.07,2610.84,2599.36,2602.97,4116.3463
2024-08-18 06:00:00,2602.97,2608.62,2601.47,2606.58,2879.4008
2024-08-18 07:00:00,2606.58,2608.95,2602.5,2608.06,2830.7198
2024-08-18 08:00:00,2608.05,2619.75,2605.59,2617.48,4262.168
2024-08-18 09:00:00,2617.49,2669.49,2615.89,2645.22,21596.8477
2024-08-18 10:00:00,2645.22,2665.0,2644.3,2644.3,13531.8697
2024-08-18 11:00:00,2644.31,2652.64,2642.36,2649.4,7518.4473
2024-08-18 12:00:00,2649.4,2689.16,2643.06,2666.81,16315.2799
2024-08-18 13:00:00,2666.8,2684.0,2661.42,2661.61,8162.2645
2024-08-18 14:00:00,2661.61,2670.9,2657.07,2664.01,7515.6817
2024-08-18 15:00:00,2664.01,2673.95,2659.52,2672.2,5255.0643
2024-08-18 16:00:00,2672.2,2678.38,2667.0,2668.88,4997.9173
2024-08-18 17:00:00,2668.89,2670.8,2643.75,2650.77,7414.2561
2024-08-18 18:00:00,2650.77,2661.02,2647.28,2660.21,3239.0844
2024-08-18 19:00:00,2660.2,2670.0,2658.0,2667.9,3839.612
2024-08-18 20:00:00,2667.99,2670.0,2663.33,2665.7,2628.6271
2024-08-18 21:00:00,2665.7,2665.7,2637.65,2643.49,4972.5775
2024-08-18 22:00:00,2643.49,2658.11,2642.75,2646.59,5107.6753
2024-08-18 23:00:00,2646.59,2648.7,2610.05,2612.15,14866.2315
2024-08-19 00:00:00,2612.15,2627.5,2603.53,2612.23,12847.3155
2024-08-19 01:00:00,2612.23,2639.54,2610.8,2631.2,11613.834
2024-08-19 02:00:00,2631.2,2643.89,2627.0,2639.43,7212.1146
2024-08-19 03:00:00,2639.44,2647.42,2635.88,2644.41,7767.2312
2024-08-19 04:00:00,2644.41,2648.08,2631.36,2636.29,6124.3652
2024-08-19 05:00:00,2636.29,2638.21,2620.11,2625.5,7751.3764
2024-08-19 06:00:00,2625.5,2632.84,2619.04,2625.63,5223.4059
2024-08-19 07:00:00,2625.64,2632.28,2612.0,2614.31,6223.0466
2024-08-19 08:00:00,2614.31,2622.26,2610.6,2615.26,5085.9046
2024-08-19 09:00:00,2615.26,2622.07,2565.84,2579.9,21850.4323
2024-08-19 10:00:00,2579.91,2585.7,2568.0,2576.81,12978.9753
2024-08-19 11:00:00,2576.81,2592.2,2570.4,2587.9,7411.8342
2024-08-19 12:00:00,2587.91,2593.6,2579.54,2585.6,7782.7897
2024-08-19 13:00:00,2585.78,2604.67,2563.58,2569.96,15669.6421
2024-08-19 14:00:00,2570.0,2585.25,2566.8,2584.63,12099.5852
2024-08-19 15:00:00,2584.71,2592.36,2578.48,2584.53,10341.9754
2024-08-19 16:00:00,2584.54,2589.4,2574.28,2584.99,11476.8777
2024-08-19 17:00:00,2584.99,2629.96,2577.84,2606.86,19997.769
2024-08-19 18:00:00,2606.87,2616.42,2590.63,2608.6,7629.6119
2024-08-19 19:00:00,2608.59,2612.72,2601.66,2606.63,5298.8336
2024-08-19 20:00:00,2606.63,2626.19,2604.32,2615.84,5881.1243
2024-08-19 21:00:00,2615.84,2625.35,2613.01,2615.39,4891.7969
2024-08-19 22:00:00,2615.4,2627.2,2615.4,2622.79,3841.2321
2024-08-19 23:00:00,2622.8,2641.15,2616.42,2636.36,7866.0599
2024-08-20 00:00:00,2636.36,2670.51,2619.06,2659.4,20701.7256
2024-08-20 01:00:00,2659.39,2677.0,2649.01,2651.61,11386.4726
2024-08-20 02:00:00,2651.61,2656.0,2644.68,2654.27,6484.0269
2024-08-20 03:00:00,2654.28,2662.37,2651.12,2661.99,5446.9238
2024-08-20 04:00:00,2662.0,2671.0,2657.63,2664.51,11897.2932
2024-08-20 05:00:00,2664.51,2695.0,2664.48,2684.01,19720.8876
2024-08-20 06:00:00,2684.01,2685.44,2672.6,2675.97,8968.0457
2024-08-20 07:00:00,2675.98,2678.16,2669.32,2674.81,5311.6327
2024-08-20 08:00:00,2674.81,2676.4,2657.4,2661.2,7243.224
2024-08-20 09:00:00,2661.2,2666.36,2656.14,2660.48,5718.8747
2024-08-20 10:00:00,2660.48,2663.25,2653.0,2656.14,4975.546
2024-08-20 11:00:00,2656.14,2657.7,2639.4,2642.45,10470.5456
2024-08-20 12:00:00,2642.46,2655.78,2640.53,2646.32,8021.8175
2024-08-20 13:00:00,2646.32,2651.05,2625.0,2645.61,19645.7192
2024-08-20 14:00:00,2645.61,2646.54,2582.78,2585.41,31281.7478
2024-08-20 15:00:00,2585.42,2586.3,2555.0,2574.99,36238.4565
2024-08-20 16:00:00,2575.0,2583.0,2565.8,2574.59,13244.319
2024-08-20 17:00:00,2574.59,2593.4,2570.0,2589.81,7702.3624
2024-08-20 18:00:00,2589.81,2602.97,2585.02,2590.19,12008.5493
2024-08-20 19:00:00,2590.2,2606.7,2588.81,2601.94,6887.7099
2024-08-20 20:00:00,2601.94,2609.93,2588.8,2589.6,6852.0022
2024-08-20 21:00:00,2589.59,2591.2,2565.23,2584.37,12143.8401
2024-08-20 22:00:00,2584.36,2593.42,2583.65,2586.99,4034.4086
2024-08-20 23:00:00,2586.98,2588.19,2572.0,2572.82,4929.7442
2024-08-21 00:00:00,2572.81,2585.6,2572.3,2576.69,8168.7486
2024-08-21 01:00:00,2576.68,2584.8,2557.0,2584.79,10865.511
2024-08-21 02:00:00,2584.79,2598.2,2582.85,2590.66,6907.9038
2024-08-21 03:00:00,2590.66,2594.36,2586.4,2591.5,3830.2871
2024-08-21 04:00:00,2591.51,2594.04,2588.31,2592.18,5384.6932
2024-08-21 05:00:00,2592.18,2596.0,2591.0,2592.75,3179.1473
2024-08-21 06:00:00,2592.74,2605.34,2592.3,2600.64,5640.5211
2024-08-21 07:00:00,2600.63,2606.6,2595.21,2600.72,6667.6006
2024-08-21 08:00:00,2600.73,2607.87,2578.6,2584.84,8876.6936
2024-08-21 09:00:00,2584.85,2586.88,2567.35,2581.28,7429.8723
2024-08-21 10:00:00,2581.28,2589.52,2578.64,2588.55,4678.0529
2024-08-21 11:00:00,2588.56,2591.89,2576.73,2577.6,5009.5727
2024-08-21 12:00:00,2577.61,2583.0,2571.0,2577.92,7570.4192
2024-08-21 13:00:00,2577.92,2600.86,2536.22,2594.2,27748.9478
2024-08-21 14:00:00,2594.19,2618.0,2577.64,2590.32,36530.5985
2024-08-21 15:00:00,2590.32,2610.58,2585.91,2601.89,10596.4711
2024-08-21 16:00:00,2601.88,2614.63,2592.58,2608.23,9667.2539
2024-08-21 17:00:00,2608.23,2630.0,2600.68,2626.0,9917.9407
2024-08-21 18:00:00,2626.0,2645.03,2621.88,2638.86,14323.6095
2024-08-21 19:00:00,2638.87,2650.0,2627.45,2646.43,14518.4252
2024-08-21 20:00:00,2646.42,2663.74,2626.08,2630.58,18904.805
2024-08-21 21:00:00,2630.59,2647.43,2623.52,2637.33,7481.1269
2024-08-21 22:00:00,2637.33,2641.8,2629.87,2630.77,5230.772
2024-08-21 23:00:00,2630.78,2633.9,2619.77,2630.71,6157.6478
2024-08-22 00:00:00,2630.71,2640.25,2627.58,2628.6,8912.3982
2024-08-22 01:00:00,2628.6,2631.2,2622.37,2628.0,5613.4265
2024-08-22 02:00:00,2628.01,2628.2,2584.2,2602.99,14125.882
2024-08-22 03:00:00,2602.99,2617.96,2598.06,2616.59,9203.394
2024-08-22 04:00:00,2616.6,2626.6,2613.75,2626.38,6356.8763
2024-08-22 05:00:00,2626.39,2626.39,2616.01,2619.78,3791.3202
2024-08-22 06:00:00,2619.78,2629.73,2618.24,2627.28,4019.5896
2024-08-22 07:00:00,2627.29,2642.33,2626.24,2636.29,6105.1996
2024-08-22 08:00:00,2636.3,2641.1,2629.0,2634.21,6577.9735
2024-08-22 09:00:00,2634.21,2636.61,2624.0,2624.0,7396.709
2024-08-22 10:00:00,2624.01,2644.49,2619.6,2640.79,9279.7182
2024-08-22 11:00:00,2640.79,2643.94,2632.01,2641.91,9670.7137
2024-08-22 12:00:00,2641.9,2644.69,2621.96,2625.19,10114.2558
2024-08-22 13:00:00,2625.2,2630.0,2610.0,2620.43,15354.1834
2024-08-22 14:00:00,2620.44,2621.19,2599.6,2601.6,19544.7537
2024-08-22 15:00:00,2601.59,2613.01,2590.5,2599.4,15162.2599
2024-08-22 16:00:00,2599.41,2616.55,2597.4,2605.69,8302.5378
2024-08-22 17:00:00,2605.69,2614.23,2601.2,2603.8,6232.5881
2024-08-22 18:00:00,2603.79,2619.23,2601.37,2606.61,7719.0723
2024-08-22 19:00:00,2606.61,2610.9,2598.89,2606.6,5596.6508
2024-08-22 20:00:00,2606.61,2627.06,2606.47,2624.79,9604.3229
2024-08-22 21:00:00,2624.78,2626.61,2615.91,2623.61,5017.0612
2024-08-22 22:00:00,2623.61,2626.06,2619.3,2624.36,2888.0188
2024-08-22 23:00:00,2624.36,2624.83,2618.03,2622.88,2474.2141
2024-08-23 00:00:00,2622.89,2652.95,2621.4,2638.51,13013.3868
2024-08-23 01:00:00,2638.51,2643.2,2631.94,2638.41,7366.8582
2024-08-23 02:00:00,2638.41,2642.16,2631.97,2634.22,4367.9297
2024-08-23 03:00:00,2634.21,2639.13,2633.21,2635.72,4424.7846
2024-08-23 04:00:00,2635.71,2640.0,2634.41,2638.54,3707.9696
2024-08-23 05:00:00,2638.54,2677.5,2638.53,2674.69,27088.6392
2024-08-23 06:00:00,2674.7,2689.0,2670.71,2682.07,24749.3906
2024-08-23 07:00:00,2682.06,2684.69,2666.61,2669.23,7843.3551
2024-08-23 08:00:00,2669.24,2676.5,2666.06,2674.6,6619.0993
2024-08-23 09:00:00,2674.6,2681.0,2662.61,2666.85,17644.6137
2024-08-23 10:00:00,2666.85,2672.28,2665.0,2665.81,4475.43
2024-08-23 11:00:00,2665.81,2667.38,2650.99,2653.27,13137.1892
2024-08-23 12:00:00,2653.27,2669.44,2652.9,2668.97,6151.043
2024-08-23 13:00:00,2668.97,2668.98,2646.82,2659.76,8822.9445
2024-08-23 14:00:00,2659.76,2699.0,2632.83,2650.25,58720.4664
2024-08-23 15:00:00,2650.25,2679.97,2647.2,2671.09,17801.9929
2024-08-23 16:00:00,2671.09,2680.4,2663.0,2678.78,10866.4514
2024-08-23 17:00:00,2678.79,2731.35,2670.32,2727.0,41109.6216
2024-08-23 18:00:00,2726.99,2740.27,2712.21,2725.26,36862.5466
2024-08-23 19:00:00,2725.26,2750.0,2719.68,2746.54,16121.4186
2024-08-23 20:00:00,2746.55,2762.4,2745.55,2752.96,13930.3767
2024-08-23 21:00:00,2752.97,2782.0,2752.66,2772.9,20065.7603
2024-08-23 22:00:00,2772.9,2799.13,2723.55,2759.86,26330.8956
2024-08-23 23:00:00,2759.87,2769.32,2756.21,2762.48,10564.2811
2024-08-24 00:00:00,2762.49,2769.6,2752.2,2757.93,8638.2855
2024-08-24 01:00:00,2757.93,2758.22,2742.47,2753.13,8834.7931
2024-08-24 02:00:00,2753.13,2761.37,2750.01,2754.06,6162.3121
2024-08-24 03:00:00,2754.06,2755.0,2743.0,2746.6,13505.7481
2024-08-24 04:00:00,2746.59,2750.88,2743.91,2746.18,7064.4449
2024-08-24 05:00:00,2746.18,2755.8,2739.4,2755.79,6504.7257
2024-08-24 06:00:00,2755.79,2765.3,2753.24,2755.51,6543.7755
2024-08-24 07:00:00,2755.51,2763.62,2755.2,2758.48,18180.8777
2024-08-24 08:00:00,2758.48,2779.12,2754.82,2776.0,8075.1927
2024-08-24 09:00:00,2776.01,2786.29,2767.06,2774.56,8593.2839
2024-08-24 10:00:00,2774.56,2778.19,2764.12,2768.13,6578.3781
2024-08-24 11:00:00,2768.12,2771.3,2755.98,2756.31,5893.2309
2024-08-24 12:00:00,2756.3,2764.58,2752.2,2756.85,7408.6073
2024-08-24 13:00:00,2756.84,2764.17,2752.13,2758.68,6580.0784
2024-08-24 14:00:00,2758.74,2763.6,2751.36,2759.56,8515.6655
2024-08-24 15:00:00,2759.55,2763.78,2754.24,2761.07,5872.4766
2024-08-24 16:00:00,2761.06,2820.0,2760.28,2813.94,37173.8884
2024-08-24 17:00:00,2813.93,2813.93,2776.74,2783.4,19492.8356
2024-08-24 18:00:00,2783.4,2801.76,2771.25,2783.68,18110.1695
2024-08-24 19:00:00,2783.68,2800.54,2782.9,2793.01,8309.838
2024-08-24 20:00:00,2793.01,2807.61,2789.33,2791.13,8844.8485
2024-08-24 21:00:00,2791.13,2791.97,2731.26,2739.21,19373.9149
2024-08-24 22:00:00,2739.1,2760.89,2736.74,2751.8,12929.7361
2024-08-24 23:00:00,2751.8,2770.63,2751.61,2768.0,6355.8371
2024-08-25 00:00:00,2768.01,2782.73,2753.74,2758.19,10158.2586
2024-08-25 01:00:00,2758.18,2771.0,2748.9,2759.14,13097.7554
2024-08-25 02:00:00,2759.13,2766.65,2756.54,2764.21,3682.2758
2024-08-25 03:00:00,2764.22,2765.69,2755.66,2764.53,5370.8026
2024-08-25 04:00:00,2764.52,2768.21,2755.52,2767.0,4206.0437
2024-08-25 05:00:00,2767.0,2770.29,2761.0,2763.39,3093.6593
2024-08-25 06:00:00,2763.39,2764.07,2752.4,2754.66,5062.6638
2024-08-25 07:00:00,2754.66,2755.91,2733.21,2743.4,13096.3788
2024-08-25 08:00:00,2743.39,2754.2,2737.23,2751.4,6728.4773
2024-08-25 09:00:00,2751.39,2757.8,2745.0,2755.61,7151.0542
2024-08-25 10:00:00,2755.6,2761.5,2750.0,2753.21,6271.9218
2024-08-25 11:00:00,2753.21,2759.87,2750.44,2750.99,3764.391
2024-08-25 12:00:00,2751.0,2754.16,2746.0,2753.07,4061.3374
2024-08-25 13:00:00,2753.06,2768.71,2749.82,2763.83,7835.3103
2024-08-25 14:00:00,2763.84,2772.9,2760.49,2765.09,4955.0194
2024-08-25 15:00:00,2765.1,2771.88,2760.0,2763.81,4384.5403
2024-08-25 16:00:00,2763.81,2770.7,2760.15,2763.68,4898.7443
2024-08-25 17:00:00,2763.68,2773.8,2762.46,2771.7,3423.3207
2024-08-25 18:00:00,2771.71,2772.55,2760.88,2764.16,3856.8402
2024-08-25 19:00:00,2764.15,2766.83,2762.55,2766.3,1559.0109
2024-08-25 20:00:00,2766.3,2772.91,2765.0,2770.08,2830.628
2024-08-25 21:00:00,2770.09,2792.28,2769.51,2779.11,11414.8931
2024-08-25 22:00:00,2779.12,2787.94,2765.67,2771.04,7507.8444
2024-08-25 23:00:00,2771.03,2779.76,2739.77,2746.13,16116.0639
2024-08-26 00:00:00,2746.12,2762.0,2742.81,2753.41,5828.4717
2024-08-26 01:00:00,2753.41,2757.02,2739.51,2745.6,5222.2939
2024-08-26 02:00:00,2745.59,2748.39,2718.14,2741.6,12670.7506
2024-08-26 03:00:00,2741.56,2745.54,2738.97,2744.34,6019.8283
2024-08-26 04:00:00,2744.35,2752.2,2742.39,2751.35,4193.6773
2024-08-26 05:00:00,2751.34,2751.44,2740.62,2743.62,4439.7446
2024-08-26 06:00:00,2743.62,2746.82,2733.26,2737.87,5892.1546
2024-08-26 07:00:00,2737.87,2742.53,2728.54,2733.13,6052.009
2024-08-26 08:00:00,2733.13,2743.0,2731.61,2736.4,5176.2596
2024-08-26 09:00:00,2736.4,2740.44,2710.01,2739.93,10737.7611
2024-08-26 10:00:00,2739.93,2749.12,2736.78,2737.19,6721.2915
2024-08-26 11:00:00,2737.2,2746.34,2735.0,2737.35,4745.1101
2024-08-26 12:00:00,2737.34,2742.47,2718.41,2725.93,8989.1745
2024-08-26 13:00:00,2725.93,2737.5,2715.19,2728.0,13666.1279
2024-08-26 14:00:00,2728.02,2731.2,2704.36,2725.6,14555.7107
2024-08-26 15:00:00,2725.6,2729.84,2701.43,2721.69,17950.1345
2024-08-26 16:00:00,2721.69,2732.08,2716.08,2726.29,11811.5839
2024-08-26 17:00:00,2726.28,2730.32,2688.47,2694.89,20255.8534
2024-08-26 18:00:00,2694.88,2704.42,2675.52,2697.77,15915.3119
2024-08-26 19:00:00,2697.77,2700.71,2677.9,2680.83,6893.2921
2024-08-26 20:00:00,2680.84,2693.23,2671.59,2688.5,8147.1364
2024-08-26 21:00:00,2688.5,2688.8,2666.66,2685.54,7684.0063
2024-08-26 22:00:00,2685.54,2691.47,2683.23,2686.6,4833.1737
2024-08-26 23:00:00,2686.61,2692.93,2678.73,2680.49,3307.2671
2024-08-27 00:00:00,2680.49,2693.79,2673.83,2677.58,5741.0899
2024-08-27 01:00:00,2677.58,2693.79,2676.54,2680.0,6529.8183
2024-08-27 02:00:00,2680.0,2689.69,2671.79,2676.91,5779.7267
2024-08-27 03:00:00,2676.91,2686.2,2667.12,2685.27,6171.4932
2024-08-27 04:00:00,2685.26,2689.42,2680.3,2686.47,10940.7691
2024-08-27 05:00:00,2686.47,2699.98,2686.47,2696.84,12226.0205
2024-08-27 06:00:00,2696.84,2698.72,2673.6,2678.88,7558.5963
2024-08-27 07:00:00,2678.88,2692.57,2678.6,2687.9,4820.4503
2024-08-27 08:00:00,2687.9,2692.07,2675.0,2685.04,4476.5098
2024-08-27 09:00:00,2685.05,2688.78,2668.78,2674.1,7849.6312
2024-08-27 10:00:00,2674.1,2674.1,2635.76,2638.01,18335.28
2024-08-27 11:00:00,2638.0,2638.91,2619.3,2626.67,15561.3372
2024-08-27 12:00:00,2626.66,2628.91,2607.41,2621.34,14413.2049
2024-08-27 13:00:00,2621.34,2626.04,2603.7,2609.81,16986.599
2024-08-27 14:00:00,2609.81,2612.91,2555.0,2586.4,47697.6041
2024-08-27 15:00:00,2586.4,2595.8,2574.28,2579.3,20834.4464
2024-08-27 16:00:00,2579.3,2587.9,2565.11,2566.24,18332.1498
2024-08-27 17:00:00,2566.24,2586.27,2563.49,2586.26,7628.8134
2024-08-27 18:00:00,2586.26,2590.64,2576.23,2585.79,9070.2264
2024-08-27 19:00:00,2585.79,2591.93,2577.22,2584.0,7155.5889
2024-08-27 20:00:00,2584.01,2588.34,2573.57,2581.75,5216.7265
2024-08-27 21:00:00,2581.76,2585.0,2418.0,2490.61,56395.4799
2024-08-27 22:00:00,2490.61,2491.6,2392.96,2460.39,82011.5057
2024-08-27 23:00:00,2460.38,2469.48,2451.5,2457.33,20927.6522
2024-08-28 00:00:00,2457.33,2457.33,2428.38,2440.55,23973.5153
2024-08-28 01:00:00,2440.55,2450.5,2418.8,2443.35,21257.1307
2024-08-28 02:00:00,2443.35,2464.32,2439.0,2459.99,22739.1768
2024-08-28 03:00:00,2460.0,2480.31,2458.74,2478.45,20167.1353
2024-08-28 04:00:00,2478.45,2485.99,2466.99,2471.6,18548.1959
2024-08-28 05:00:00,2471.6,2484.75,2459.3,2464.36,13164.3961
2024-08-28 06:00:00,2464.35,2470.0,2461.6,2462.23,6533.4252
2024-08-28 07:00:00,2462.23,2466.19,2433.3,2437.02,17810.4284
2024-08-28 08:00:00,2437.02,2465.96,2429.14,2463.24,23076.3173
2024-08-28 09:00:00,2463.23,2550.31,2462.41,2541.0,33609.4424
2024-08-28 10:00:00,2540.81,2544.19,2511.26,2521.25,27693.5119
2024-08-28 11:00:00,2521.26,2534.51,2518.0,2523.2,11284.986
2024-08-28 12:00:00,2523.19,2539.4,2521.4,2526.53,10342.9028
2024-08-28 13:00:00,2526.53,2530.4,2482.49,2483.81,17204.2005
2024-08-28 14:00:00,2483.81,2531.34,2481.52,2503.55,23923.3578
2024-08-28 15:00:00,2503.5,2503.8,2467.93,2496.05,20340.607
2024-08-28 16:00:00,2496.05,2517.8,2456.19,2514.77,35306.7877
2024-08-28 17:00:00,2514.73,2528.25,2499.4,2501.96,17389.2036
2024-08-28 18:00:00,2501.96,2540.0,2497.25,2533.0,17404.8542
2024-08-28 19:00:00,2532.99,2546.13,2501.2,2504.88,19684.9602
2024-08-28 20:00:00,2504.89,2554.0,2504.6,2536.98,24172.0284
2024-08-28 21:00:00,2536.99,2554.6,2528.71,2530.77,11386.9824
2024-08-28 22:00:00,2530.77,2534.9,2516.66,2532.44,8498.0072
2024-08-28 23:00:00,2532.45,2537.36,2523.3,2528.33,5755.0809
2024-08-29 00:00:00,2528.33,2535.6,2519.13,2534.21,7279.5953
2024-08-29 01:00:00,2534.21,2537.99,2514.77,2522.03,6328.6417
2024-08-29 02:00:00,2522.02,2531.58,2512.2,2528.62,7120.1647
2024-08-29 03:00:00,2528.61,2531.85,2521.0,2523.4,3943.9375
2024-08-29 04:00:00,2523.4,2527.3,2518.44,2525.23,5515.9428
2024-08-29 05:00:00,2525.24,2541.74,2523.41,2540.77,9247.4705
2024-08-29 06:00:00,2540.77,2559.39,2536.45,2550.27,10949.1137
2024-08-29 07:00:00,2550.26,2556.7,2544.48,2547.53,6250.007
2024-08-29 08:00:00,2547.52,2552.2,2539.81,2544.88,7616.0679
2024-08-29 09:00:00,2544.88,2554.92,2542.13,2544.0,6492.8152
2024-08-29 10:00:00,2544.0,2547.93,2536.63,2542.2,7152.4668
2024-08-29 11:00:00,2542.14,2574.22,2539.58,2555.21,12247.253
2024-08-29 12:00:00,2555.2,2581.72,2552.14,2572.91,13565.4787
2024-08-29 13:00:00,2572.91,2578.15,2557.16,2570.75,14857.6447
2024-08-29 14:00:00,2570.76,2579.08,2559.0,2569.56,13097.8084
2024-08-29 15:00:00,2569.55,2595.4,2567.64,2575.97,18132.4491
2024-08-29 16:00:00,2575.97,2585.69,2561.84,2570.11,11275.5376
2024-08-29 17:00:00,2570.1,2579.6,2564.65,2576.53,5816.8038
2024-08-29 18:00:00,2576.52,2577.84,2509.66,2520.59,31709.0121
2024-08-29 19:00:00,2520.6,2540.33,2510.45,2528.54,12597.1981
2024-08-29 20:00:00,2528.55,2543.6,2527.73,2540.22,6868.1814
2024-08-29 21:00:00,2540.22,2540.4,2529.19,2529.8,4522.8492
2024-08-29 22:00:00,2529.94,2531.66,2505.88,2524.2,10685.5855
2024-08-29 23:00:00,2524.19,2531.35,2520.6,2527.61,3730.9385
2024-08-30 00:00:00,2527.6,2535.4,2517.8,2523.2,7623.1771
2024-08-30 01:00:00,2523.2,2530.0,2515.4,2524.86,5406.0195
2024-08-30 02:00:00,2524.86,2529.4,2512.0,2515.22,6191.9707
2024-08-30 03:00:00,2515.21,2523.4,2505.0,2516.8,9387.4047
2024-08-30 04:00:00,2516.8,2526.75,2516.78,2518.83,4644.8695
2024-08-30 05:00:00,2518.84,2519.24,2503.8,2511.19,7844.283
2024-08-30 06:00:00,2511.2,2530.31,2506.33,2528.37,10300.0445
2024-08-30 07:00:00,2528.38,2533.52,2514.27,2517.41,11730.4752
2024-08-30 08:00:00,2517.42,2526.29,2514.41,2522.12,4873.5351
2024-08-30 09:00:00,2522.13,2528.37,2519.8,2524.79,4586.7303
2024-08-30 10:00:00,2524.78,2525.41,2510.41,2517.48,5464.3849
2024-08-30 11:00:00,2517.48,2520.29,2507.31,2512.44,6372.9063
2024-08-30 12:00:00,2512.43,2552.17,2510.25,2524.2,14800.0137
2024-08-30 13:00:00,2524.19,2530.8,2493.53,2524.81,17113.6649
2024-08-30 14:00:00,2524.81,2533.24,2462.04,2462.72,25378.9005
2024-08-30 15:00:00,2462.72,2472.25,2434.96,2448.75,46691.047
2024-08-30 16:00:00,2448.76,2464.6,2431.14,2462.49,34957.295
2024-08-30 17:00:00,2462.48,2476.75,2454.01,2466.41,9598.799
2024-08-30 18:00:00,2466.42,2542.19,2465.21,2535.79,51106.3999
2024-08-30 19:00:00,2535.79,2535.79,2497.27,2506.94,35038.6212
2024-08-30 20:00:00,2506.94,2519.0,2506.35,2518.79,4740.5801
2024-08-30 21:00:00,2518.79,2522.1,2513.79,2518.13,3446.0057
2024-08-30 22:00:00,2518.13,2528.81,2517.2,2526.12,6801.3394
2024-08-30 23:00:00,2526.12,2530.66,2524.11,2526.0,4280.7269
2024-08-31 00:00:00,2525.99,2533.95,2522.61,2524.26,5156.5895
2024-08-31 01:00:00,2524.25,2530.41,2519.3,2525.7,3717.585
2024-08-31 02:00:00,2525.71,2527.43,2518.86,2522.6,2818.1732
2024-08-31 03:00:00,2522.64,2527.27,2521.41,2523.52,2474.592
2024-08-31 04:00:00,2523.52,2529.86,2523.01,2529.41,3111.357
2024-08-31 05:00:00,2529.4,2529.49,2522.25,2523.2,3618.6544
2024-08-31 06:00:00,2523.2,2528.19,2520.99,2522.7,4780.6425
2024-08-31 07:00:00,2522.71,2523.72,2518.17,2521.01,3445.5248
2024-08-31 08:00:00,2521.01,2523.8,2512.8,2513.23,3672.1967
2024-08-31 09:00:00,2513.23,2519.5,2511.47,2514.0,4350.6461
2024-08-31 10:00:00,2514.0,2528.5,2513.5,2525.7,3369.4054
2024-08-31 11:00:00,2525.69,2529.81,2523.72,2525.5,3381.4244
2024-08-31 12:00:00,2525.49,2527.19,2522.05,2523.74,3160.1724
2024-08-31 13:00:00,2523.75,2527.8,2515.01,2515.86,3177.7127
2024-08-31 14:00:00,2515.87,2526.3,2513.8,2522.38,4633.6168
2024-08-31 15:00:00,2522.39,2523.5,2516.6,2519.19,4396.6755
2024-08-31 16:00:00,2519.18,2519.8,2503.75,2508.46,4605.9756
2024-08-31 17:00:00,2508.45,2511.2,2491.92,2503.41,7232.0185
2024-08-31 18:00:00,2503.42,2509.82,2494.8,2496.21,5798.6556
2024-08-31 19:00:00,2496.21,2501.14,2493.42,2499.8,4420.6742
2024-08-31 20:00:00,2499.79,2508.19,2493.68,2507.01,3102.2691
2024-08-31 21:00:00,2507.02,2528.22,2503.4,2517.92,9163.8782
2024-08-31 22:00:00,2517.91,2522.21,2515.84,2517.0,2659.668
2024-08-31 23:00:00,2517.01,2518.73,2511.25,2513.01,1698.0071
2024-09-01 00:00:00,2513.0,2516.28,2504.75,2505.4,4364.9541
2024-09-01 01:00:00,2505.4,2508.73,2493.85,2493.86,4434.0318
2024-09-01 02:00:00,2493.85,2495.77,2476.44,2487.59,9864.5564
2024-09-01 03:00:00,2487.59,2495.74,2485.28,2488.74,3376.8103
2024-09-01 04:00:00,2488.75,2491.18,2477.28,2486.4,4646.1055
2024-09-01 05:00:00,2486.4,2488.29,2458.84,2464.72,13260.4468
2024-09-01 06:00:00,2464.72,2478.44,2464.06,2476.6,3942.5641
2024-09-01 07:00:00,2476.61,2488.2,2474.33,2486.82,4971.3611
2024-09-01 08:00:00,2486.82,2489.45,2477.65,2479.7,6004.8267
2024-09-01 09:00:00,2479.71,2492.88,2477.4,2483.88,4227.7625
2024-09-01 10:00:00,2483.89,2484.8,2462.98,2465.0,5259.109
2024-09-01 11:00:00,2465.01,2478.43,2459.02,2477.74,6876.4727
2024-09-01 12:00:00,2477.73,2481.0,2462.78,2467.39,5741.3279
2024-09-01 13:00:00,2467.39,2474.2,2453.0,2472.47,9031.1392
2024-09-01 14:00:00,2472.47,2473.15,2438.0,2455.64,19847.6506
2024-09-01 15:00:00,2455.63,2489.31,2449.56,2480.83,13358.2479
2024-09-01 16:00:00,2480.83,2487.01,2466.54,2472.22,7049.5338
2024-09-01 17:00:00,2472.23,2477.63,2457.16,2471.01,4346.3453
2024-09-01 18:00:00,2471.01,2499.15,2468.45,2494.13,10363.3804
2024-09-01 19:00:00,2494.13,2514.82,2491.3,2501.71,17025.0561
2024-09-01 20:00:00,2501.71,2516.0,2500.0,2502.2,4644.0211
2024-09-01 21:00:00,2502.21,2502.68,2473.6,2485.6,6706.3266
2024-09-01 22:00:00,2485.6,2487.29,2402.57,2406.32,34213.5877
2024-09-01 23:00:00,2406.32,2433.29,2400.0,2425.72,19572.1584
2024-09-02 00:00:00,2425.71,2455.26,2423.52,2441.12,13661.743
2024-09-02 01:00:00,2441.13,2447.0,2431.78,2440.0,8416.9706
2024-09-02 02:00:00,2440.0,2451.68,2431.5,2437.49,7297.271
2024-09-02 03:00:00,2437.49,2451.92,2437.16,2450.52,5955.6723
2024-09-02 04:00:00,2450.47,2451.35,2434.97,2435.4,9087.8592
2024-09-02 05:00:00,2435.4,2466.2,2435.28,2454.13,11740.8493
2024-09-02 06:00:00,2454.14,2458.64,2445.72,2446.69,6407.0554
2024-09-02 07:00:00,2446.7,2451.33,2433.18,2441.14,10708.1034
2024-09-02 08:00:00,2441.14,2476.15,2438.39,2468.81,21161.9915
2024-09-02 09:00:00,2468.8,2520.41,2461.7,2516.19,29679.1703
2024-09-02 10:00:00,2516.19,2539.53,2510.07,2524.79,25938.5132
2024-09-02 11:00:00,2524.78,2527.97,2514.47,2515.81,9114.0054
2024-09-02 12:00:00,2515.81,2524.67,2510.59,2520.79,8892.7753
2024-09-02 13:00:00,2520.79,2523.19,2504.4,2505.21,10525.8327
2024-09-02 14:00:00,2505.21,2528.0,2492.55,2519.61,13931.6148
2024-09-02 15:00:00,2519.6,2525.79,2512.75,2513.2,8293.201
2024-09-02 16:00:00,2513.2,2521.4,2505.78,2511.97,10510.6857
2024-09-02 17:00:00,2511.96,2525.0,2511.75,2522.78,5948.2734
2024-09-02 18:00:00,2522.79,2530.92,2515.55,2523.86,5845.3272
2024-09-02 19:00:00,2523.86,2526.64,2519.21,2524.25,7611.8138
2024-09-02 20:00:00,2524.26,2564.83,2522.22,2554.14,15027.9224
2024-09-02 21:00:00,2554.13,2563.07,2536.7,2544.73,7913.7582
2024-09-02 22:00:00,2544.73,2548.75,2541.17,2545.14,4738.6127
2024-09-02 23:00:00,2545.14,2547.73,2534.44,2538.01,4223.8167
2024-09-03 00:00:00,2538.0,2540.35,2528.08,2534.65,6004.941
2024-09-03 01:00:00,2534.65,2543.65,2527.63,2535.55,5291.2759
2024-09-03 02:00:00,2535.55,2553.6,2528.29,2529.1,10071.4383
2024-09-03 03:00:00,2529.1,2529.8,2514.73,2516.0,6362.5033
2024-09-03 04:00:00,2516.0,2521.99,2513.39,2518.37,5392.7735
2024-09-03 05:00:00,2518.37,2525.2,2515.01,2522.14,3579.5444
2024-09-03 06:00:00,2522.14,2522.14,2512.46,2513.03,5150.6409
2024-09-03 07:00:00,2513.04,2523.62,2513.04,2519.55,5260.2224
2024-09-03 08:00:00,2519.55,2520.54,2494.24,2500.07,8385.1827
2024-09-03 09:00:00,2500.07,2508.94,2498.14,2504.2,4977.4414
2024-09-03 10:00:00,2504.2,2513.0,2499.4,2505.3,4525.3437
2024-09-03 11:00:00,2505.34,2510.84,2501.6,2509.59,2816.5003
2024-09-03 12:00:00,2509.59,2519.12,2506.14,2510.72,5838.4668
2024-09-03 13:00:00,2510.72,2517.93,2459.12,2465.1,25272.9985
2024-09-03 14:00:00,2465.09,2469.35,2443.21,2446.26,31220.4681
2024-09-03 15:00:00,2446.27,2456.37,2435.79,2444.01,19186.5668
2024-09-03 16:00:00,2444.01,2449.02,2437.4,2440.35,11464.9151
2024-09-03 17:00:00,2440.28,2464.0,2438.52,2442.3,8506.3686
2024-09-03 18:00:00,2442.3,2457.0,2435.83,2452.2,10636.3651
2024-09-03 19:00:00,2452.2,2469.87,2446.25,2447.6,10920.4843
2024-09-03 20:00:00,2447.6,2465.47,2447.43,2463.61,6659.044
2024-09-03 21:00:00,2463.62,2470.57,2449.61,2464.99,8188.8682
2024-09-03 22:00:00,2465.0,2465.97,2453.59,2453.59,3674.0529
2024-09-03 23:00:00,2453.6,2455.0,2411.12,2425.29,15406.7237
2024-09-04 00:00:00,2425.28,2449.22,2389.2,2396.28,23997.2894
2024-09-04 01:00:00,2396.28,2397.12,2306.65,2366.11,95628.2198
2024-09-04 02:00:00,2366.11,2371.4,2355.73,2364.44,13060.1063
2024-09-04 03:00:00,2364.44,2382.48,2364.07,2373.0,11681.3111
2024-09-04 04:00:00,2372.99,2380.1,2366.12,2378.6,6379.2723
2024-09-04 05:00:00,2378.59,2381.45,2363.56,2365.24,13134.6059
2024-09-04 06:00:00,2365.24,2383.94,2365.24,2372.52,9309.1195
2024-09-04 07:00:00,2372.51,2414.71,2370.6,2401.52,16896.3521
2024-09-04 08:00:00,2401.52,2410.83,2395.6,2401.4,10457.5852
2024-09-04 09:00:00,2401.41,2405.0,2392.6,2393.4,10948.859
2024-09-04 10:00:00,2393.4,2403.4,2387.15,2389.14,8271.4321
2024-09-04 11:00:00,2389.14,2403.2,2388.9,2398.77,6942.7586
2024-09-04 12:00:00,2398.77,2413.81,2395.05,2403.18,16367.9783
2024-09-04 13:00:00,2403.18,2410.0,2394.77,2404.98,15633.3075
2024-09-04 14:00:00,2404.98,2450.68,2393.16,2438.49,34957.7701
2024-09-04 15:00:00,2438.49,2458.57,2426.5,2455.4,24280.9611
2024-09-04 16:00:00,2455.39,2490.0,2450.0,2477.12,24538.217
2024-09-04 17:00:00,2477.12,2477.96,2447.81,2449.49,12731.0707
2024-09-04 18:00:00,2449.49,2457.16,2439.2,2442.39,6891.7159
2024-09-04 19:00:00,2442.39,2455.32,2440.5,2452.16,4060.7819
2024-09-04 20:00:00,2452.15,2459.6,2446.01,2455.38,5645.6907
2024-09-04 21:00:00,2455.39,2465.63,2451.28,2463.13,2830.0018
2024-09-04 22:00:00,2463.13,2469.55,2458.61,2462.71,4800.1296
2024-09-04 23:00:00,2462.71,2464.62,2443.32,2450.71,4734.8495
2024-09-05 00:00:00,2450.71,2462.35,2447.17,2454.75,9054.5627
2024-09-05 01:00:00,2454.74,2466.0,2451.9,2458.36,5803.5315
2024-09-05 02:00:00,2458.36,2460.29,2443.12,2446.06,10961.8744
2024-09-05 03:00:00,2446.06,2446.06,2404.28,2405.55,25362.1749
2024-09-05 04:00:00,2405.56,2418.47,2401.77,2414.08,11682.9843
2024-09-05 05:00:00,2414.08,2414.93,2402.22,2409.64,6054.6632
2024-09-05 06:00:00,2409.64,2410.23,2376.72,2399.04,15884.658
2024-09-05 07:00:00,2399.03,2417.2,2397.6,2412.4,8516.1672
2024-09-05 08:00:00,2412.41,2416.35,2398.46,2406.87,6570.1098
2024-09-05 09:00:00,2406.87,2407.0,2385.65,2392.21,8504.1597
2024-09-05 10:00:00,2392.2,2395.91,2383.16,2390.73,6225.0529
2024-09-05 11:00:00,2390.74,2395.65,2386.94,2389.54,7148.9147
2024-09-05 12:00:00,2389.53,2399.0,2377.01,2390.36,14850.7025
2024-09-05 13:00:00,2390.36,2414.58,2385.75,2402.32,13836.7942
2024-09-05 14:00:00,2402.33,2415.15,2363.68,2377.21,29061.2279
2024-09-05 15:00:00,2377.2,2385.45,2355.8,2371.43,27697.3136
2024-09-05 16:00:00,2371.43,2378.63,2367.34,2375.2,9441.6079
2024-09-05 17:00:00,2375.2,2393.8,2371.61,2393.8,9905.6811
2024-09-05 18:00:00,2393.8,2395.99,2387.28,2389.55,5085.1082
2024-09-05 19:00:00,2389.55,2390.26,2348.04,2363.97,18757.4001
2024-09-05 20:00:00,2363.97,2378.33,2362.61,2367.79,7240.5123
2024-09-05 21:00:00,2367.79,2377.14,2350.0,2371.84,9671.1814
2024-09-05 22:00:00,2371.85,2375.17,2355.4,2371.67,7264.9087
2024-09-05 23:00:00,2371.67,2373.17,2364.1,2368.81,3967.8057
2024-09-06 00:00:00,2368.81,2376.58,2357.6,2372.25,6778.1226
2024-09-06 01:00:00,2372.23,2400.48,2363.91,2391.42,10686.2131
2024-09-06 02:00:00,2391.43,2408.4,2389.42,2402.42,10469.7993
2024-09-06 03:00:00,2402.42,2402.95,2391.8,2392.63,5046.3849
2024-09-06 04:00:00,2392.63,2397.35,2385.0,2386.06,5697.2448
2024-09-06 05:00:00,2386.07,2389.31,2375.28,2384.27,7244.683
2024-09-06 06:00:00,2384.26,2386.06,2373.17,2379.48,5773.9954
2024-09-06 07:00:00,2379.48,2379.83,2321.21,2344.45,38427.8283
2024-09-06 08:00:00,2344.44,2357.56,2338.57,2350.14,12980.9164
2024-09-06 09:00:00,2350.15,2359.36,2345.84,2358.32,7823.602
2024-09-06 10:00:00,2358.32,2377.4,2356.21,2367.54,9248.8278
2024-09-06 11:00:00,2367.55,2379.4,2365.41,2372.95,9859.8638
2024-09-06 12:00:00,2372.96,2408.83,2355.84,2399.77,35045.3941
2024-09-06 13:00:00,2399.76,2401.28,2355.39,2363.2,24613.4264
2024-09-06 14:00:00,2363.2,2366.76,2311.54,2327.21,54385.55
2024-09-06 15:00:00,2327.21,2339.34,2266.0,2290.21,61299.3387
2024-09-06 16:00:00,2290.21,2293.17,2251.0,2266.51,56566.0098
2024-09-06 17:00:00,2266.52,2276.91,2226.0,2245.5,41803.7621
2024-09-06 18:00:00,2245.5,2248.85,2210.0,2210.17,33237.0583
2024-09-06 19:00:00,2210.17,2245.67,2207.4,2222.56,44692.7168
2024-09-06 20:00:00,2222.56,2229.89,2166.0,2169.96,87136.4205
2024-09-06 21:00:00,2169.96,2219.6,2150.55,2217.77,50966.9775
2024-09-06 22:00:00,2217.76,2222.89,2207.18,2209.48,12835.5603
2024-09-06 23:00:00,2209.48,2225.98,2209.11,2225.23,10407.4151
2024-09-07 00:00:00,2225.24,2243.0,2224.01,2233.6,13394.6715
2024-09-07 01:00:00,2233.59,2237.29,2220.98,2226.78,9360.0824
2024-09-07 02:00:00,2226.78,2239.9,2222.8,2233.09,5818.9434
2024-09-07 03:00:00,2233.1,2241.97,2233.01,2238.41,5753.5945
2024-09-07 04:00:00,2238.41,2250.77,2237.61,2250.66,8015.6566
2024-09-07 05:00:00,2250.66,2275.7,2246.4,2264.82,17962.6409
2024-09-07 06:00:00,2264.83,2283.15,2258.75,2277.23,15967.0984
2024-09-07 07:00:00,2277.24,2293.76,2274.62,2288.11,12195.5604
2024-09-07 08:00:00,2288.11,2299.47,2275.2,2296.14,11507.5563
2024-09-07 09:00:00,2296.14,2297.37,2278.43,2282.2,7351.1801
2024-09-07 10:00:00,2282.2,2290.57,2282.0,2282.19,5170.2423
2024-09-07 11:00:00,2282.2,2290.2,2280.31,2283.7,5168.2541
2024-09-07 12:00:00,2283.7,2296.99,2283.69,2290.47,6612.2211
2024-09-07 13:00:00,2290.46,2298.79,2282.03,2291.77,8033.8327
2024-09-07 14:00:00,2291.77,2298.1,2288.73,2294.79,6058.3925
2024-09-07 15:00:00,2294.79,2311.27,2291.81,2300.49,14313.8642
2024-09-07 16:00:00,2300.49,2304.54,2283.91,2289.07,10505.0239
2024-09-07 17:00:00,2289.06,2292.37,2263.4,2272.74,16051.077
2024-09-07 18:00:00,2272.73,2287.3,2267.43,2282.9,8591.8314
2024-09-07 19:00:00,2282.89,2293.97,2279.89,2290.44,6452.1359
2024-09-07 20:00:00,2290.43,2291.19,2271.05,2271.06,7439.1783
2024-09-07 21:00:00,2271.06,2274.41,2257.37,2264.83,8655.9092
2024-09-07 22:00:00,2264.83,2271.33,2262.21,2264.83,4612.5747
2024-09-07 23:00:00,2264.83,2275.79,2258.2,2273.58,4461.6858
2024-09-08 00:00:00,2273.58,2275.21,2263.22,2269.52,4945.9392
2024-09-08 01:00:00,2269.52,2280.78,2269.06,2279.95,4828.2409
2024-09-08 02:00:00,2279.95,2288.33,2279.25,2283.78,6785.6867
2024-09-08 03:00:00,2283.79,2286.94,2280.11,2286.04,2531.9243
2024-09-08 04:00:00,2286.04,2304.8,2285.28,2297.61,7147.8769
2024-09-08 05:00:00,2297.6,2299.6,2283.75,2284.93,5932.8089
2024-09-08 06:00:00,2284.93,2288.77,2284.36,2287.01,3045.4041
2024-09-08 07:00:00,2287.01,2299.48,2287.01,2294.94,5832.5959
2024-09-08 08:00:00,2294.94,2297.84,2287.64,2296.75,4183.1447
2024-09-08 09:00:00,2296.76,2309.86,2294.6,2295.1,9103.592
2024-09-08 10:00:00,2295.1,2308.8,2295.1,2303.95,5799.8197
2024-09-08 11:00:00,2303.95,2306.42,2294.25,2296.6,4989.3358
2024-09-08 12:00:00,2296.6,2299.0,2271.5,2277.2,11898.0895
2024-09-08 13:00:00,2277.2,2285.8,2267.0,2284.33,9980.1499
2024-09-08 14:00:00,2284.32,2285.41,2267.4,2268.25,10514.9588
2024-09-08 15:00:00,2268.25,2272.08,2240.94,2245.74,19838.8908
2024-09-08 16:00:00,2245.74,2261.14,2243.26,2251.13,8379.8156
2024-09-08 17:00:00,2251.13,2282.92,2250.37,2281.92,9853.1632
2024-09-08 18:00:00,2281.92,2283.46,2271.46,2275.98,5204.0636
2024-09-08 19:00:00,2275.98,2278.4,2269.36,2272.09,3571.556
2024-09-08 20:00:00,2272.08,2277.19,2267.39,2276.7,3995.207
2024-09-08 21:00:00,2276.71,2289.86,2274.55,2280.6,5823.4255
2024-09-08 22:00:00,2280.59,2333.58,2278.43,2293.46,30173.1815
2024-09-08 23:00:00,2293.46,2306.89,2289.21,2297.3,8416.7788
2024-09-09 00:00:00,2297.3,2313.0,2288.61,2307.83,9099.3042
2024-09-09 01:00:00,2307.83,2320.74,2296.6,2311.03,12446.533
2024-09-09 02:00:00,2311.03,2311.4,2297.41,2307.01,5032.8445
2024-09-09 03:00:00,2307.02,2307.79,2290.02,2304.23,9895.4848
2024-09-09 04:00:00,2304.23,2307.58,2293.8,2296.99,7373.6152
2024-09-09 05:00:00,2296.99,2299.63,2283.1,2288.6,7239.986
2024-09-09 06:00:00,2288.61,2306.0,2287.11,2305.27,9414.2729
2024-09-09 07:00:00,2305.27,2316.51,2299.14,2314.33,7074.5737
2024-09-09 08:00:00,2314.33,2330.61,2313.57,2326.41,12420.7152
2024-09-09 09:00:00,2326.42,2339.0,2314.42,2317.5,12185.8903
2024-09-09 10:00:00,2317.5,2326.9,2310.06,2319.99,15611.3561
2024-09-09 11:00:00,2320.0,2321.1,2312.2,2315.29,4973.216
2024-09-09 12:00:00,2315.3,2316.52,2300.0,2313.09,16927.4041
2024-09-09 13:00:00,2313.09,2325.51,2306.32,2320.83,12642.2642
2024-09-09 14:00:00,2320.84,2321.98,2276.0,2278.54,29724.6305
2024-09-09 15:00:00,2278.53,2297.0,2272.8,2292.55,12129.2165
2024-09-09 16:00:00,2292.56,2347.15,2291.0,2341.8,41903.9914
2024-09-09 17:00:00,2341.81,2352.89,2333.86,2341.99,19369.8924
2024-09-09 18:00:00,2341.99,2344.48,2324.6,2332.68,17927.8308
2024-09-09 19:00:00,2332.68,2352.69,2328.4,2350.57,12194.3212
2024-09-09 20:00:00,2350.57,2351.6,2337.04,2341.18,6379.0266
2024-09-09 21:00:00,2341.18,2381.41,2340.37,2368.48,27960.6447
2024-09-09 22:00:00,2368.48,2375.77,2355.49,2357.36,6686.2538
2024-09-09 23:00:00,2357.36,2366.8,2355.35,2359.5,5085.7219
2024-09-10 00:00:00,2359.51,2360.59,2339.02,2349.0,10120.4607
2024-09-10 01:00:00,2349.01,2350.57,2334.99,2342.84,8090.2218
2024-09-10 02:00:00,2342.84,2347.97,2337.07,2344.98,4460.2307
2024-09-10 03:00:00,2344.98,2347.17,2340.37,2340.84,4738.3655
2024-09-10 04:00:00,2340.85,2346.1,2328.0,2337.79,5999.3475
2024-09-10 05:00:00,2337.78,2349.94,2336.41,2349.75,5299.2068
2024-09-10 06:00:00,2349.75,2349.75,2339.58,2343.76,4225.6316
2024-09-10 07:00:00,2343.77,2366.47,2341.04,2363.51,11528.7287
2024-09-10 08:00:00,2363.51,2372.0,2352.24,2354.79,14491.8972
2024-09-10 09:00:00,2354.8,2356.14,2343.49,2349.43,7357.6367
2024-09-10 10:00:00,2349.44,2352.77,2339.08,2350.82,6825.6495
2024-09-10 11:00:00,2350.82,2353.12,2344.66,2351.0,4987.3467
2024-09-10 12:00:00,2351.0,2364.16,2349.8,2349.8,11007.0705
2024-09-10 13:00:00,2349.8,2350.18,2329.82,2331.79,20327.4947
2024-09-10 14:00:00,2331.79,2347.4,2320.41,2336.79,14854.8358
2024-09-10 15:00:00,2336.79,2352.4,2323.75,2325.01,10510.8746
2024-09-10 16:00:00,2325.01,2342.65,2324.52,2337.64,7370.3339
2024-09-10 17:00:00,2337.65,2363.0,2337.65,2350.91,11003.4689
2024-09-10 18:00:00,2350.91,2391.94,2348.81,2369.0,18063.6066
2024-09-10 19:00:00,2368.99,2386.0,2357.89,2380.73,11190.766
2024-09-10 20:00:00,2380.73,2395.59,2373.02,2378.11,12512.5796
2024-09-10 21:00:00,2378.11,2384.39,2372.2,2374.68,6722.8293
2024-09-10 22:00:00,2374.69,2391.0,2372.2,2390.56,6907.0253
2024-09-10 23:00:00,2390.56,2400.0,2384.8,2388.52,5786.5643
2024-09-11 00:00:00,2388.52,2389.32,2374.12,2377.16,4362.4243
2024-09-11 01:00:00,2377.17,2381.47,2339.0,2350.55,16924.8256
2024-09-11 02:00:00,2350.54,2368.97,2348.6,2353.76,10899.7887
2024-09-11 03:00:00,2353.76,2355.56,2344.0,2348.31,6893.7308
2024-09-11 04:00:00,2348.31,2348.31,2318.66,2334.0,15799.5392
2024-09-11 05:00:00,2334.0,2334.4,2319.37,2326.41,7476.1234
2024-09-11 06:00:00,2326.35,2338.64,2322.49,2330.99,5049.7865
2024-09-11 07:00:00,2330.99,2343.8,2330.99,2341.66,4609.0457
2024-09-11 08:00:00,2341.66,2341.89,2322.34,2322.71,5473.3763
2024-09-11 09:00:00,2322.72,2335.57,2320.0,2329.99,6775.4387
2024-09-11 10:00:00,2330.0,2330.4,2306.45,2316.48,10882.7639
2024-09-11 11:00:00,2316.49,2330.94,2316.49,2327.59,6104.7481
2024-09-11 12:00:00,2327.59,2337.63,2311.01,2334.72,18581.0721
2024-09-11 13:00:00,2334.71,2355.32,2283.75,2288.0,34070.1187
2024-09-11 14:00:00,2288.0,2312.34,2277.68,2309.73,30266.2173
2024-09-11 15:00:00,2309.72,2337.15,2302.48,2325.9,27702.9901
2024-09-11 16:00:00,2325.89,2353.43,2324.48,2346.54,15882.6142
2024-09-11 17:00:00,2346.53,2368.87,2345.2,2357.19,18206.9682
2024-09-11 18:00:00,2357.19,2359.63,2329.63,2337.48,14873.1167
2024-09-11 19:00:00,2337.44,2344.75,2330.19,2340.6,5389.463
2024-09-11 20:00:00,2340.6,2351.0,2339.4,2347.65,3823.6918
2024-09-11 21:00:00,2347.64,2351.8,2340.0,2342.64,2732.7267
2024-09-11 22:00:00,2342.64,2345.51,2333.0,2339.99,4989.7455
2024-09-11 23:00:00,2340.0,2345.13,2337.8,2340.55,5127.997
2024-09-12 00:00:00,2340.54,2365.41,2339.54,2352.43,13467.78
2024-09-12 01:00:00,2352.42,2377.0,2352.4,2372.99,8649.4822
2024-09-12 02:00:00,2372.98,2391.93,2360.26,2362.89,16539.8324
2024-09-12 03:00:00,2362.88,2372.89,2362.88,2368.0,5904.6515
2024-09-12 04:00:00,2368.01,2379.33,2361.65,2364.74,6685.5342
2024-09-12 05:00:00,2364.74,2370.65,2354.96,2356.43,8455.7587
2024-09-12 06:00:00,2356.43,2364.74,2352.74,2358.91,6211.9608
2024-09-12 07:00:00,2358.91,2366.0,2354.98,2359.59,4602.4288
2024-09-12 08:00:00,2359.59,2365.99,2357.8,2359.22,7681.5177
2024-09-12 09:00:00,2359.21,2361.23,2350.27,2352.1,5539.0758
2024-09-12 10:00:00,2352.09,2355.76,2344.73,2345.04,4814.6192
2024-09-12 11:00:00,2345.04,2353.19,2343.2,2348.55,5424.2895
2024-09-12 12:00:00,2348.56,2353.97,2337.21,2342.94,9042.8014
2024-09-12 13:00:00,2342.94,2358.22,2333.78,2340.81,9491.1317
2024-09-12 14:00:00,2340.81,2366.98,2327.71,2328.19,18611.983
2024-09-12 15:00:00,2328.2,2337.94,2315.39,2323.2,17043.5215
2024-09-12 16:00:00,2323.2,2341.12,2322.42,2339.43,5483.6151
2024-09-12 17:00:00,2339.43,2350.0,2337.2,2349.54,7544.0767
2024-09-12 18:00:00,2349.54,2359.0,2338.5,2347.17,9981.005
2024-09-12 19:00:00,2347.17,2361.54,2345.4,2361.03,9554.2864
2024-09-12 20:00:00,2361.03,2361.04,2350.16,2351.85,2986.8718
2024-09-12 21:00:00,2351.85,2358.79,2341.5,2349.16,8379.0684
2024-09-12 22:00:00,2349.16,2373.64,2348.96,2360.99,6155.5187
2024-09-12 23:00:00,2360.99,2366.54,2357.63,2361.76,4360.3203
2024-09-13 00:00:00,2361.75,2363.94,2357.0,2357.41,3065.4279
2024-09-13 01:00:00,2357.41,2364.56,2350.27,2358.79,3574.0895
2024-09-13 02:00:00,2358.79,2360.51,2353.51,2356.24,2942.0786
2024-09-13 03:00:00,2356.23,2360.79,2355.61,2356.04,4032.1263
2024-09-13 04:00:00,2356.04,2359.2,2348.0,2348.01,4658.3882
2024-09-13 05:00:00,2348.01,2352.18,2345.13,2348.86,4384.0659
2024-09-13 06:00:00,2348.86,2349.48,2337.5,2337.81,4138.644
2024-09-13 07:00:00,2337.81,2349.71,2337.35,2348.88,4724.1762
2024-09-13 08:00:00,2348.87,2350.65,2342.85,2342.85,3410.2711
2024-09-13 09:00:00,2342.85,2358.0,2341.66,2352.2,5410.6871
2024-09-13 10:00:00,2352.21,2371.39,2351.4,2371.39,6645.2665
2024-09-13 11:00:00,2371.38,2376.22,2350.8,2354.35,11730.6794
2024-09-13 12:00:00,2354.39,2360.48,2342.41,2352.21,15369.283
2024-09-13 13:00:00,2352.2,2360.69,2345.6,2355.59,8067.3979
2024-09-13 14:00:00,2355.59,2370.8,2345.05,2366.86,16074.1571
2024-09-13 15:00:00,2366.86,2412.61,2363.71,2407.79,44640.681
2024-09-13 16:00:00,2407.79,2418.93,2396.06,2407.01,24393.9734
2024-09-13 17:00:00,2407.01,2427.78,2405.64,2410.51,16567.3301
2024-09-13 18:00:00,2410.51,2428.38,2406.6,2421.18,14465.2794
2024-09-13 19:00:00,2421.18,2428.25,2412.08,2421.07,8879.8768
2024-09-13 20:00:00,2421.06,2426.0,2413.14,2421.96,5363.1725
2024-09-13 21:00:00,2421.96,2464.82,2421.62,2446.74,27024.5349
2024-09-13 22:00:00,2446.75,2458.14,2442.68,2446.8,9106.8513
2024-09-13 23:00:00,2446.8,2447.65,2438.37,2439.19,5220.1779
2024-09-14 00:00:00,2439.19,2440.6,2425.43,2428.26,7683.9827
2024-09-14 01:00:00,2428.27,2435.3,2422.28,2423.58,8720.6546
2024-09-14 02:00:00,2423.59,2429.61,2423.58,2424.99,3278.5143
2024-09-14 03:00:00,2425.0,2434.72,2424.99,2432.94,3937.4494
2024-09-14 04:00:00,2432.94,2433.6,2425.92,2426.18,3634.4993
2024-09-14 05:00:00,2426.18,2427.1,2414.8,2414.81,5356.7683
2024-09-14 06:00:00,2414.81,2421.55,2413.8,2419.31,3795.123
2024-09-14 07:00:00,2419.31,2423.0,2416.79,2420.23,3540.4098
2024-09-14 08:00:00,2420.23,2421.76,2412.0,2415.54,4659.6374
2024-09-14 09:00:00,2415.54,2420.49,2413.15,2420.2,3573.536
2024-09-14 10:00:00,2420.2,2420.2,2411.08,2413.6,3691.9883
2024-09-14 11:00:00,2413.59,2417.27,2407.98,2417.07,7748.241
2024-09-14 12:00:00,2417.08,2424.11,2414.23,2420.42,4207.5751
2024-09-14 13:00:00,2420.42,2421.19,2412.17,2416.81,8203.6694
2024-09-14 14:00:00,2416.8,2423.58,2414.75,2420.12,3575.3185
2024-09-14 15:00:00,2420.12,2422.9,2415.34,2418.54,3132.5738
2024-09-14 16:00:00,2418.55,2421.15,2415.2,2418.09,3284.1485
2024-09-14 17:00:00,2418.09,2418.09,2411.69,2414.34,3065.0105
2024-09-14 18:00:00,2414.34,2414.34,2376.72,2407.36,22596.5232
2024-09-14 19:00:00,2407.35,2412.16,2404.03,2408.71,2855.655
2024-09-14 20:00:00,2408.71,2422.99,2407.16,2416.12,5331.351
2024-09-14 21:00:00,2416.12,2418.84,2413.14,2416.57,2722.6228
2024-09-14 22:00:00,2416.57,2419.4,2411.48,2416.93,2833.8804
2024-09-14 23:00:00,2416.92,2419.03,2414.6,2417.79,1502.0979
2024-09-15 00:00:00,2417.8,2422.99,2416.53,2419.63,2885.7262
2024-09-15 01:00:00,2419.63,2430.32,2419.63,2425.45,4855.4661
2024-09-15 02:00:00,2425.44,2427.89,2419.6,2425.58,4136.5369
2024-09-15 03:00:00,2425.58,2425.95,2419.79,2420.09,2720.8731
2024-09-15 04:00:00,2420.09,2421.82,2414.1,2416.79,2867.307
2024-09-15 05:00:00,2416.8,2421.2,2416.8,2418.66,1688.8382
2024-09-15 06:00:00,2418.67,2421.57,2418.66,2421.15,2114.3542
2024-09-15 07:00:00,2421.15,2424.49,2419.8,2422.9,2378.1705
2024-09-15 08:00:00,2422.89,2423.18,2413.55,2415.4,2951.8729
2024-09-15 09:00:00,2415.4,2415.87,2411.04,2412.78,2272.187
2024-09-15 10:00:00,2412.78,2414.09,2403.6,2409.63,4210.2622
2024-09-15 11:00:00,2409.63,2409.63,2401.75,2406.86,5337.3463
2024-09-15 12:00:00,2406.86,2412.67,2405.2,2410.81,2868.6865
2024-09-15 13:00:00,2410.8,2418.72,2407.37,2410.4,6470.8404
2024-09-15 14:00:00,2410.39,2413.0,2396.28,2411.79,6966.1784
2024-09-15 15:00:00,2411.79,2415.4,2406.19,2408.71,4076.9996
2024-09-15 16:00:00,2408.72,2409.12,2387.15,2388.01,7549.5141
2024-09-15 17:00:00,2388.0,2392.4,2376.0,2383.36,10456.3456
2024-09-15 18:00:00,2383.35,2388.33,2362.71,2380.61,17254.6566
2024-09-15 19:00:00,2380.61,2387.75,2371.2,2372.35,6410.5553
2024-09-15 20:00:00,2372.34,2372.34,2355.77,2363.06,8465.5432
2024-09-15 21:00:00,2363.06,2363.34,2336.39,2353.08,16130.4646
2024-09-15 22:00:00,2353.08,2353.36,2341.67,2346.42,5179.4076
2024-09-15 23:00:00,2346.4,2346.4,2283.75,2316.1,44116.0621
2024-09-16 00:00:00,2316.09,2322.6,2292.33,2300.04,16411.5883
2024-09-16 01:00:00,2300.03,2303.89,2260.25,2277.58,30986.7628
2024-09-16 02:00:00,2277.58,2284.68,2252.39,2261.26,19389.6252
2024-09-16 03:00:00,2261.27,2279.22,2259.62,2278.38,20174.8614
2024-09-16 04:00:00,2278.38,2283.22,2276.1,2281.78,9577.5753
2024-09-16 05:00:00,2281.78,2295.54,2281.03,2293.23,12047.8758
2024-09-16 06:00:00,2293.24,2301.19,2290.0,2291.59,10497.5388
2024-09-16 07:00:00,2291.59,2312.86,2290.02,2310.69,10140.8263
2024-09-16 08:00:00,2310.69,2335.7,2307.86,2315.87,16744.5166
2024-09-16 09:00:00,2315.88,2319.87,2289.0,2291.76,14174.8034
2024-09-16 10:00:00,2291.76,2305.82,2289.4,2303.54,8981.7309
2024-09-16 11:00:00,2303.55,2309.58,2299.55,2307.8,5363.5862
2024-09-16 12:00:00,2307.8,2312.6,2293.78,2301.7,12062.6462
2024-09-16 13:00:00,2301.7,2307.0,2281.12,2303.07,14424.1494
2024-09-16 14:00:00,2303.04,2305.8,2269.52,2278.15,17975.0153
2024-09-16 15:00:00,2278.16,2296.89,2277.0,2287.72,9114.2742
2024-09-16 16:00:00,2287.73,2296.4,2284.2,2287.21,8733.7967
2024-09-16 17:00:00,2287.21,2311.06,2269.25,2306.02,21669.4357
2024-09-16 18:00:00,2306.0,2306.46,2282.37,2289.88,12089.4242
2024-09-16 19:00:00,2289.88,2292.4,2272.39,2275.22,14639.0096
2024-09-16 20:00:00,2275.22,2288.39,2267.6,2274.59,25001.4183
2024-09-16 21:00:00,2274.59,2291.2,2270.5,2291.2,12869.3454
2024-09-16 22:00:00,2291.19,2291.41,2282.02,2284.44,2782.8533
2024-09-16 23:00:00,2284.44,2301.6,2284.44,2295.68,4702.5727
2024-09-17 00:00:00,2295.67,2298.91,2272.57,2272.66,6854.8358
2024-09-17 01:00:00,2272.65,2281.46,2263.29,2275.32,10155.6795
2024-09-17 02:00:00,2275.33,2289.6,2274.4,2286.99,6656.6941
2024-09-17 03:00:00,2286.99,2288.64,2281.9,2284.18,4836.5656
2024-09-17 04:00:00,2284.19,2290.8,2282.44,2288.68,4500.4474
2024-09-17 05:00:00,2288.68,2306.34,2287.7,2301.84,5994.9555
2024-09-17 06:00:00,2301.84,2304.38,2296.71,2299.0,6710.8842
2024-09-17 07:00:00,2299.0,2310.75,2295.61,2309.18,5945.4883
2024-09-17 08:00:00,2309.18,2316.27,2305.99,2309.77,13453.6177
2024-09-17 09:00:00,2309.77,2320.23,2302.46,2313.96,9843.112
2024-09-17 10:00:00,2313.97,2318.94,2308.2,2317.28,9961.3555
2024-09-17 11:00:00,2317.28,2323.69,2306.47,2308.12,7309.726
2024-09-17 12:00:00,2308.12,2321.67,2306.8,2318.43,7581.1484
2024-09-17 13:00:00,2318.43,2329.29,2302.61,2306.61,13257.1351
2024-09-17 14:00:00,2306.6,2364.48,2305.61,2346.18,41062.3999
2024-09-17 15:00:00,2346.18,2393.63,2346.1,2383.79,38377.2592
2024-09-17 16:00:00,2383.79,2390.0,2361.43,2368.4,18977.6187
2024-09-17 17:00:00,2368.4,2376.39,2362.0,2367.25,10559.949
2024-09-17 18:00:00,2367.25,2370.8,2339.0,2350.0,11726.0911
2024-09-17 19:00:00,2349.99,2357.96,2327.9,2353.09,14086.9451
2024-09-17 20:00:00,2353.09,2361.6,2343.29,2344.0,13332.3734
2024-09-17 21:00:00,2344.0,2351.81,2343.99,2347.8,4272.2132
2024-09-17 22:00:00,2347.8,2348.2,2334.8,2337.79,4775.494
2024-09-17 23:00:00,2337.8,2342.28,2328.79,2341.8,3974.2701
2024-09-18 00:00:00,2341.79,2341.8,2309.69,2323.95,10959.747
2024-09-18 01:00:00,2323.95,2331.45,2313.43,2325.08,7122.429
2024-09-18 02:00:00,2325.08,2333.82,2323.07,2331.35,7371.1947
2024-09-18 03:00:00,2331.34,2343.28,2330.61,2334.79,7815.6777
2024-09-18 04:00:00,2334.79,2336.24,2318.32,2323.68,8231.8397
2024-09-18 05:00:00,2323.68,2323.68,2312.64,2321.14,6103.7907
2024-09-18 06:00:00,2321.13,2330.12,2320.01,2329.39,5586.2476
2024-09-18 07:00:00,2329.39,2335.0,2328.45,2330.0,4418.1447
2024-09-18 08:00:00,2330.0,2330.01,2317.8,2321.09,6604.2542
2024-09-18 09:00:00,2321.1,2321.1,2293.31,2295.35,13084.2064
2024-09-18 10:00:00,2295.34,2311.27,2277.34,2305.2,18332.0281
2024-09-18 11:00:00,2305.19,2311.0,2299.61,2300.59,5978.2694
2024-09-18 12:00:00,2300.6,2313.84,2295.79,2310.54,6542.1163
2024-09-18 13:00:00,2310.53,2318.0,2288.05,2295.15,11339.6963
2024-09-18 14:00:00,2295.14,2306.77,2288.0,2298.97,10126.1698
2024-09-18 15:00:00,2298.97,2311.5,2289.0,2296.0,11246.5744
2024-09-18 16:00:00,2296.0,2308.0,2288.25,2304.4,7901.4557
2024-09-18 17:00:00,2304.41,2318.4,2290.63,2309.21,11981.8337
2024-09-18 18:00:00,2309.21,2364.42,2301.93,2335.6,67196.6695
2024-09-18 19:00:00,2335.61,2339.2,2309.49,2315.19,20898.9113
2024-09-18 20:00:00,2315.19,2328.72,2290.0,2326.0,14299.6457
2024-09-18 21:00:00,2326.01,2342.71,2325.0,2331.46,7307.2535
2024-09-18 22:00:00,2331.42,2345.42,2331.4,2339.75,6715.2402
2024-09-18 23:00:00,2339.8,2376.14,2339.8,2374.75,15754.2052
2024-09-19 00:00:00,2374.74,2409.4,2372.6,2398.4,33370.4263
2024-09-19 01:00:00,2398.4,2401.2,2374.0,2390.31,19578.3357
2024-09-19 02:00:00,2390.32,2402.2,2384.09,2400.6,9833.7155
2024-09-19 03:00:00,2400.6,2412.82,2397.96,2403.68,11280.988
2024-09-19 04:00:00,2403.69,2418.77,2399.59,2416.4,9547.1695
2024-09-19 05:00:00,2416.4,2422.79,2406.93,2411.8,10962.5101
2024-09-19 06:00:00,2411.79,2420.6,2404.5,2417.27,9911.7176
2024-09-19 07:00:00,2417.27,2442.6,2414.46,2438.06,21503.4194
2024-09-19 08:00:00,2438.07,2442.1,2430.04,2431.41,18353.3273
2024-09-19 09:00:00,2431.4,2441.6,2428.99,2430.81,8986.6304
2024-09-19 10:00:00,2430.82,2439.1,2425.25,2425.63,8993.4544
2024-09-19 11:00:00,2425.62,2437.78,2423.35,2435.35,6306.4404
2024-09-19 12:00:00,2435.34,2453.0,2427.32,2435.78,17961.9697
2024-09-19 13:00:00,2435.78,2450.0,2420.48,2432.49,15478.5007
2024-09-19 14:00:00,2432.49,2440.61,2421.56,2426.24,14000.2866
2024-09-19 15:00:00,2426.24,2441.0,2421.93,2440.0,9589.5755
2024-09-19 16:00:00,2439.99,2483.66,2433.41,2472.59,28719.1675
2024-09-19 17:00:00,2472.59,2479.86,2455.87,2475.61,16742.7708
2024-09-19 18:00:00,2475.61,2494.95,2472.28,2475.16,15460.6605
2024-09-19 19:00:00,2475.17,2475.7,2460.01,2460.93,8549.055
2024-09-19 20:00:00,2460.94,2470.58,2456.52,2465.03,5876.5159
2024-09-19 21:00:00,2465.04,2471.38,2459.89,2461.65,4964.8606
2024-09-19 22:00:00,2461.65,2475.0,2452.26,2472.0,11834.5819
2024-09-19 23:00:00,2472.0,2478.8,2462.32,2465.21,8939.9527
2024-09-20 00:00:00,2465.21,2467.17,2446.48,2447.54,11911.9379
2024-09-20 01:00:00,2447.53,2457.71,2437.31,2454.4,8714.4594
2024-09-20 02:00:00,2454.39,2458.5,2445.09,2456.27,4910.8852
2024-09-20 03:00:00,2456.27,2521.71,2454.38,2520.56,23717.1697
2024-09-20 04:00:00,2520.56,2547.93,2516.81,2538.45,42195.5566
2024-09-20 05:00:00,2538.45,2557.79,2537.65,2544.0,16580.7026
2024-09-20 06:00:00,2544.0,2565.17,2537.55,2564.05,16472.031
2024-09-20 07:00:00,2564.06,2571.93,2551.0,2561.0,28251.3457
2024-09-20 08:00:00,2561.0,2565.0,2539.34,2545.81,20432.8717
2024-09-20 09:00:00,2545.81,2553.4,2542.44,2543.07,7265.5629
2024-09-20 10:00:00,2543.06,2555.39,2540.66,2555.08,6345.4458
2024-09-20 11:00:00,2555.08,2555.1,2539.39,2544.96,9253.3284
2024-09-20 12:00:00,2544.95,2559.32,2543.51,2553.92,10232.9548
2024-09-20 13:00:00,2553.92,2556.0,2523.0,2527.95,19813.132
2024-09-20 14:00:00,2527.96,2570.0,2516.2,2546.35,34386.2818
2024-09-20 15:00:00,2546.35,2562.0,2523.35,2560.27,16859.9612
2024-09-20 16:00:00,2560.27,2569.0,2542.02,2547.6,15307.069
2024-09-20 17:00:00,2547.61,2551.4,2531.08,2537.0,9060.9072
2024-09-20 18:00:00,2537.0,2546.4,2525.36,2542.94,10242.7328
2024-09-20 19:00:00,2542.94,2549.4,2539.8,2540.98,7530.9681
2024-09-20 20:00:00,2540.97,2547.36,2538.47,2540.57,4490.0259
2024-09-20 21:00:00,2540.56,2553.67,2540.0,2545.77,7348.8203
2024-09-20 22:00:00,2545.77,2555.3,2545.2,2550.58,3406.8722
2024-09-20 23:00:00,2550.59,2562.4,2545.25,2561.4,6023.569
2024-09-21 00:00:00,2561.4,2587.4,2553.84,2568.14,21611.3097
2024-09-21 01:00:00,2568.15,2573.0,2542.0,2543.8,12988.3047
2024-09-21 02:00:00,2543.8,2548.5,2534.17,2542.2,5682.5485
2024-09-21 03:00:00,2542.2,2549.68,2541.0,2544.0,3480.1052
2024-09-21 04:00:00,2544.01,2545.8,2528.97,2537.72,8510.3163
2024-09-21 05:00:00,2537.71,2545.79,2535.33,2544.53,3624.264
2024-09-21 06:00:00,2544.53,2553.26,2542.99,2547.96,5048.7455
2024-09-21 07:00:00,2547.96,2558.99,2547.96,2555.77,6932.6586
2024-09-21 08:00:00,2555.77,2557.34,2548.35,2549.36,4230.5039
2024-09-21 09:00:00,2549.36,2553.02,2546.29,2552.99,3692.5813
2024-09-21 10:00:00,2552.99,2553.3,2545.04,2546.55,2759.6374
2024-09-21 11:00:00,2546.55,2557.14,2545.49,2556.5,2956.5862
2024-09-21 12:00:00,2556.49,2562.08,2551.36,2561.86,3978.0729
2024-09-21 13:00:00,2561.85,2576.47,2556.31,2570.4,9209.6813
2024-09-21 14:00:00,2570.41,2575.25,2562.43,2567.57,7554.0713
2024-09-21 15:00:00,2567.57,2567.8,2550.44,2560.0,6065.767
2024-09-21 16:00:00,2560.0,2567.0,2556.21,2560.19,3881.4972
2024-09-21 17:00:00,2560.2,2573.0,2560.2,2570.08,5917.9006
2024-09-21 18:00:00,2570.08,2571.99,2566.88,2570.0,2234.4682
2024-09-21 19:00:00,2569.99,2578.4,2569.02,2572.05,4019.9047
2024-09-21 20:00:00,2572.06,2572.39,2564.7,2565.5,2978.1957
2024-09-21 21:00:00,2565.5,2567.09,2560.37,2561.55,2034.1756
2024-09-21 22:00:00,2561.56,2576.2,2560.0,2575.89,3615.1171
2024-09-21 23:00:00,2575.88,2623.34,2573.65,2612.4,21751.4644
2024-09-22 00:00:00,2612.4,2632.57,2604.86,2620.57,19530.1711
2024-09-22 01:00:00,2620.54,2621.31,2600.26,2600.79,7283.1099
2024-09-22 02:00:00,2600.8,2603.6,2588.1,2594.71,8947.4524
2024-09-22 03:00:00,2594.71,2614.68,2592.0,2594.71,9199.1666
2024-09-22 04:00:00,2594.7,2604.6,2593.81,2598.62,4439.6813
2024-09-22 05:00:00,2598.63,2599.4,2579.31,2582.06,7045.9493
2024-09-22 06:00:00,2582.05,2590.74,2576.01,2580.52,7588.8923
2024-09-22 07:00:00,2580.52,2588.35,2580.0,2587.99,4629.5505
2024-09-22 08:00:00,2587.99,2595.76,2586.09,2595.0,4877.4364
2024-09-22 09:00:00,2595.01,2595.01,2573.39,2579.62,9345.9641
2024-09-22 10:00:00,2579.63,2582.0,2569.61,2580.15,5494.737
2024-09-22 11:00:00,2580.15,2584.77,2572.05,2580.59,7885.5562
2024-09-22 12:00:00,2580.59,2585.53,2575.12,2581.17,4044.7767
2024-09-22 13:00:00,2581.17,2588.0,2566.19,2570.7,12832.4517
2024-09-22 14:00:00,2570.7,2574.6,2554.82,2564.04,13095.4564
2024-09-22 15:00:00,2564.04,2576.2,2562.24,2570.51,5550.1126
2024-09-22 16:00:00,2570.51,2574.79,2552.49,2571.22,14994.8652
2024-09-22 17:00:00,2571.21,2591.69,2570.38,2585.39,9718.1771
2024-09-22 18:00:00,2585.39,2586.0,2573.0,2576.56,6252.4138
2024-09-22 19:00:00,2576.55,2583.45,2562.62,2578.37,5444.9736
2024-09-22 20:00:00,2578.38,2582.97,2571.69,2573.35,5307.0142
2024-09-22 21:00:00,2573.34,2579.97,2544.63,2547.61,7541.2621
2024-09-22 22:00:00,2547.6,2594.0,2524.58,2589.93,25004.5938
2024-09-22 23:00:00,2589.93,2593.62,2574.15,2581.0,8212.5614
2024-09-23 00:00:00,2580.99,2604.21,2539.49,2593.97,22006.3444
2024-09-23 01:00:00,2593.98,2620.29,2589.05,2614.0,19498.0442
2024-09-23 02:00:00,2614.0,2643.19,2608.99,2636.0,18956.2276
2024-09-23 03:00:00,2636.01,2687.24,2632.42,2676.71,37848.2019
2024-09-23 04:00:00,2676.71,2681.13,2656.99,2664.09,14591.9893
2024-09-23 05:00:00,2664.09,2665.4,2652.61,2657.4,9664.7024
2024-09-23 06:00:00,2657.39,2661.61,2651.92,2655.0,8473.4442
2024-09-23 07:00:00,2654.99,2656.41,2636.49,2646.48,11488.126
2024-09-23 08:00:00,2646.47,2648.49,2636.76,2646.06,9763.5141
2024-09-23 09:00:00,2646.07,2662.47,2646.0,2656.35,9902.7046
2024-09-23 10:00:00,2656.36,2657.48,2633.91,2649.17,9063.8136
2024-09-23 11:00:00,2649.17,2652.32,2637.61,2646.0,8110.068
2024-09-23 12:00:00,2646.0,2652.19,2640.0,2646.4,7980.7453
2024-09-23 13:00:00,2646.39,2651.56,2631.45,2643.4,14247.3342
2024-09-23 14:00:00,2643.39,2672.72,2640.91,2660.2,20791.9724
2024-09-23 15:00:00,2660.21,2685.1,2648.54,2675.38,16249.4118
2024-09-23 16:00:00,2675.37,2702.82,2660.54,2663.4,32826.6383
2024-09-23 17:00:00,2663.41,2670.94,2658.08,2668.64,7545.6388
2024-09-23 18:00:00,2668.66,2692.61,2664.25,2680.02,8058.9003
2024-09-23 19:00:00,2680.01,2682.82,2668.63,2672.97,10535.4418
2024-09-23 20:00:00,2672.97,2682.3,2660.99,2661.58,5253.2741
2024-09-23 21:00:00,2661.57,2666.33,2644.8,2656.0,12115.7558
2024-09-23 22:00:00,2656.0,2656.59,2645.0,2646.34,11386.4832
2024-09-23 23:00:00,2646.34,2653.57,2639.55,2646.97,6923.2386
2024-09-24 00:00:00,2646.98,2651.39,2622.8,2627.99,16141.5235
2024-09-24 01:00:00,2628.0,2643.8,2616.67,2627.71,10457.5627
2024-09-24 02:00:00,2627.71,2630.79,2609.4,2621.5,18112.5996
2024-09-24 03:00:00,2621.54,2629.68,2617.74,2627.4,7355.2788
2024-09-24 04:00:00,2627.39,2628.0,2618.28,2622.72,5859.0531
2024-09-24 05:00:00,2622.72,2633.32,2622.12,2631.79,4548.1578
2024-09-24 06:00:00,2631.8,2647.05,2631.79,2640.16,7489.7323
2024-09-24 07:00:00,2640.16,2649.4,2636.95,2647.0,7708.5507
2024-09-24 08:00:00,2647.0,2667.75,2643.13,2661.21,13123.149
2024-09-24 09:00:00,2661.2,2662.61,2644.0,2645.39,6855.3987
2024-09-24 10:00:00,2645.39,2652.39,2643.0,2647.4,5521.0306
2024-09-24 11:00:00,2647.41,2648.36,2619.35,2636.85,19610.9631
2024-09-24 12:00:00,2636.86,2646.19,2631.4,2632.61,10624.1075
2024-09-24 13:00:00,2632.61,2646.36,2629.61,2634.35,10874.1352
2024-09-24 14:00:00,2634.35,2634.36,2591.56,2613.06,44334.7312
2024-09-24 15:00:00,2613.05,2619.0,2605.73,2612.44,13833.7675
2024-09-24 16:00:00,2612.44,2634.54,2611.07,2627.02,13078.8685
2024-09-24 17:00:00,2627.02,2657.0,2625.38,2647.62,17226.8436
2024-09-24 18:00:00,2647.6,2651.5,2633.36,2638.22,8228.0918
2024-09-24 19:00:00,2638.22,2655.39,2636.49,2650.49,5645.6103
2024-09-24 20:00:00,2650.49,2659.72,2640.14,2650.4,11930.1304
2024-09-24 21:00:00,2650.4,2655.58,2640.39,2647.77,5518.1673
2024-09-24 22:00:00,2647.77,2670.96,2647.77,2666.18,16110.3555
2024-09-24 23:00:00,2666.18,2668.79,2651.6,2653.2,8412.2315
2024-09-25 00:00:00,2653.2,2657.12,2632.5,2638.62,11997.3077
2024-09-25 01:00:00,2638.63,2673.5,2636.6,2649.52,17927.6829
2024-09-25 02:00:00,2649.51,2657.0,2640.0,2647.8,9979.9638
2024-09-25 03:00:00,2647.81,2647.81,2640.0,2646.6,5666.7436
2024-09-25 04:00:00,2646.61,2646.87,2625.01,2625.01,9143.1644
2024-09-25 05:00:00,2625.01,2631.46,2620.6,2624.41,7505.2944
2024-09-25 06:00:00,2624.4,2625.79,2610.53,2617.62,11973.0458
2024-09-25 07:00:00,2617.62,2627.4,2612.49,2621.47,7455.2989
2024-09-25 08:00:00,2621.48,2628.0,2620.5,2625.25,4899.0048
2024-09-25 09:00:00,2625.25,2629.82,2620.0,2620.99,5284.011
2024-09-25 10:00:00,2620.99,2630.52,2613.99,2622.8,8933.7551
2024-09-25 11:00:00,2622.8,2627.97,2614.12,2627.4,9367.9508
2024-09-25 12:00:00,2627.39,2627.6,2617.8,2617.81,4532.3462
2024-09-25 13:00:00,2617.81,2623.0,2604.11,2617.77,10252.4746
2024-09-25 14:00:00,2617.77,2629.56,2616.1,2627.07,10528.6917
2024-09-25 15:00:00,2627.07,2629.0,2595.61,2600.81,14953.6304
2024-09-25 16:00:00,2600.81,2609.39,2589.86,2600.35,13411.8571
2024-09-25 17:00:00,2600.35,2604.36,2564.77,2575.41,20380.8713
2024-09-25 18:00:00,2575.41,2584.13,2573.29,2582.81,6246.4222
2024-09-25 19:00:00,2582.81,2589.06,2568.0,2570.69,7153.7339
2024-09-25 20:00:00,2570.69,2582.99,2570.36,2580.98,3972.0669
2024-09-25 21:00:00,2580.99,2584.75,2577.5,2581.01,2888.784
2024-09-25 22:00:00,2581.02,2582.24,2554.05,2572.41,9471.1411
2024-09-25 23:00:00,2572.42,2582.5,2566.99,2579.95,6418.1867
2024-09-26 00:00:00,2580.09,2588.85,2559.2,2571.28,8491.6688
2024-09-26 01:00:00,2571.28,2587.89,2560.26,2586.3,13990.1598
2024-09-26 02:00:00,2586.35,2600.6,2585.6,2597.27,12298.4069
2024-09-26 03:00:00,2597.28,2607.0,2593.7,2602.3,6497.7202
2024-09-26 04:00:00,2602.31,2605.2,2591.75,2596.3,4589.1404
2024-09-26 05:00:00,2596.29,2616.61,2592.64,2613.19,7080.0582
2024-09-26 06:00:00,2613.2,2620.0,2612.04,2617.0,7549.1118
2024-09-26 07:00:00,2617.0,2634.95,2614.4,2629.8,11449.0486
2024-09-26 08:00:00,2629.8,2632.8,2616.23,2620.15,9423.7041
2024-09-26 09:00:00,2620.15,2626.46,2612.83,2619.86,11260.3559
2024-09-26 10:00:00,2619.86,2639.5,2617.0,2630.32,14977.5137
2024-09-26 11:00:00,2630.32,2631.49,2622.32,2628.8,11172.227
2024-09-26 12:00:00,2628.79,2639.89,2621.0,2629.97,12960.264
2024-09-26 13:00:00,2629.98,2635.05,2613.2,2620.71,9839.5909
2024-09-26 14:00:00,2620.72,2653.75,2613.33,2613.68,31180.5208
2024-09-26 15:00:00,2613.68,2663.8,2607.92,2652.01,28816.14
2024-09-26 16:00:00,2652.01,2664.89,2642.92,2650.45,14198.5508
2024-09-26 17:00:00,2650.44,2666.22,2628.4,2629.93,15257.7332
2024-09-26 18:00:00,2629.93,2660.0,2626.8,2659.99,9120.1489
2024-09-26 19:00:00,2659.99,2659.99,2646.8,2648.99,8086.6235
2024-09-26 20:00:00,2649.0,2654.97,2628.71,2631.01,12646.3866
2024-09-26 21:00:00,2631.0,2648.5,2630.0,2638.6,6251.1296
2024-09-26 22:00:00,2638.6,2646.15,2633.67,2637.71,4409.1468
2024-09-26 23:00:00,2637.7,2637.95,2617.49,2632.26,7141.0068
2024-09-27 00:00:00,2632.25,2641.52,2625.22,2641.23,6388.9063
2024-09-27 01:00:00,2641.23,2644.9,2621.67,2625.5,7557.6436
2024-09-27 02:00:00,2625.5,2630.4,2617.17,2618.91,5946.5382
2024-09-27 03:00:00,2618.9,2641.48,2615.21,2638.66,6875.2857
2024-09-27 04:00:00,2638.66,2649.56,2637.49,2645.59,8254.864
2024-09-27 05:00:00,2645.59,2655.12,2636.8,2653.57,8965.7735
2024-09-27 06:00:00,2653.57,2668.37,2652.87,2656.76,20583.7425
2024-09-27 07:00:00,2656.76,2662.61,2652.43,2657.27,18909.2086
2024-09-27 08:00:00,2657.28,2677.61,2656.16,2667.0,12581.516
2024-09-27 09:00:00,2667.0,2673.65,2654.54,2662.6,9959.2713
2024-09-27 10:00:00,2662.61,2663.9,2641.38,2641.44,12212.1903
2024-09-27 11:00:00,2641.45,2654.4,2641.3,2652.0,6843.5487
2024-09-27 12:00:00,2652.0,2665.0,2645.0,2658.87,8837.4711
2024-09-27 13:00:00,2658.87,2663.5,2642.2,2662.72,9858.6023
2024-09-27 14:00:00,2662.73,2696.99,2657.49,2681.98,29683.6149
2024-09-27 15:00:00,2681.97,2699.68,2679.73,2683.62,18857.5233
2024-09-27 16:00:00,2683.63,2728.6,2678.49,2718.2,31762.7284
2024-09-27 17:00:00,2718.19,2720.96,2685.81,2703.52,18497.5145
2024-09-27 18:00:00,2703.53,2705.14,2686.91,2699.89,11187.0098
2024-09-27 19:00:00,2699.89,2709.1,2692.06,2701.37,10370.0037
2024-09-27 20:00:00,2701.38,2704.0,2689.99,2693.84,6857.787
2024-09-27 21:00:00,2693.85,2697.92,2690.04,2693.99,3176.4799
2024-09-27 22:00:00,2694.0,2708.41,2691.16,2705.5,3886.6407
2024-09-27 23:00:00,2705.51,2708.14,2694.43,2694.43,3773.1149
2024-09-28 00:00:00,2694.43,2700.5,2690.31,2696.39,4286.4101
2024-09-28 01:00:00,2696.39,2698.55,2691.5,2697.85,4002.9705
2024-09-28 02:00:00,2697.85,2704.35,2688.01,2700.33,6368.255
2024-09-28 03:00:00,2700.32,2703.35,2688.01,2690.31,6470.4459
2024-09-28 04:00:00,2690.31,2700.36,2687.6,2692.87,6612.5302
2024-09-28 05:00:00,2692.88,2694.54,2682.69,2683.09,5582.8767
2024-09-28 06:00:00,2683.08,2687.0,2674.75,2679.21,7626.2649
2024-09-28 07:00:00,2679.2,2683.7,2675.59,2677.93,4297.0458
2024-09-28 08:00:00,2677.93,2678.42,2665.0,2666.0,9980.4374
2024-09-28 09:00:00,2666.0,2670.87,2650.0,2669.92,10359.3088
2024-09-28 10:00:00,2669.92,2676.92,2666.75,2675.69,4998.9769
2024-09-28 11:00:00,2675.7,2677.14,2670.52,2675.22,4342.4775
2024-09-28 12:00:00,2675.23,2675.9,2655.1,2658.9,9120.1707
2024-09-28 13:00:00,2658.91,2663.6,2652.2,2659.6,5988.3538
2024-09-28 14:00:00,2659.61,2675.82,2659.61,2673.56,6164.042
2024-09-28 15:00:00,2673.56,2673.59,2667.32,2669.9,3400.1057
2024-09-28 16:00:00,2669.89,2672.26,2662.21,2665.08,4944.1309
2024-09-28 17:00:00,2665.08,2683.74,2663.52,2675.47,10473.6467
2024-09-28 18:00:00,2675.47,2684.51,2675.08,2675.37,3668.4366
2024-09-28 19:00:00,2675.38,2680.2,2675.12,2678.34,2313.3742
2024-09-28 20:00:00,2678.33,2679.99,2673.25,2675.51,2026.7404
2024-09-28 21:00:00,2675.52,2676.97,2655.5,2670.69,4507.5971
2024-09-28 22:00:00,2670.7,2680.26,2664.8,2675.0,6272.6799
2024-09-28 23:00:00,2675.01,2680.33,2669.12,2675.21,3422.7565
2024-09-29 00:00:00,2675.21,2682.21,2663.64,2668.26,4433.4976
2024-09-29 01:00:00,2668.25,2675.93,2665.0,2675.66,3014.2611
2024-09-29 02:00:00,2675.67,2683.7,2672.64,2675.01,3731.4276
2024-09-29 03:00:00,2675.0,2676.0,2667.19,2674.96,2234.1212
2024-09-29 04:00:00,2674.96,2674.96,2666.11,2670.75,3146.8561
2024-09-29 05:00:00,2670.74,2674.37,2662.06,2665.31,3515.3221
2024-09-29 06:00:00,2665.31,2668.2,2648.0,2650.0,25950.1137
2024-09-29 07:00:00,2650.0,2654.29,2629.73,2640.44,22567.8155
2024-09-29 08:00:00,2640.43,2648.77,2634.2,2647.5,8000.5532
2024-09-29 09:00:00,2647.49,2652.5,2645.99,2647.33,8255.4881
2024-09-29 10:00:00,2647.33,2648.19,2638.2,2646.63,3470.0667
2024-09-29 11:00:00,2646.63,2655.0,2644.94,2652.49,4594.6755
2024-09-29 12:00:00,2652.49,2659.16,2644.49,2646.17,5780.4564
2024-09-29 13:00:00,2646.17,2659.0,2641.0,2656.2,5231.8105
2024-09-29 14:00:00,2656.2,2657.0,2647.88,2652.87,4186.4736
2024-09-29 15:00:00,2652.88,2669.2,2651.0,2666.38,9693.2489
2024-09-29 16:00:00,2666.38,2668.25,2650.49,2663.94,7773.4232
2024-09-29 17:00:00,2663.94,2671.8,2661.6,2662.79,5841.3629
2024-09-29 18:00:00,2662.8,2665.7,2660.01,2663.79,3482.9923
2024-09-29 19:00:00,2663.79,2667.63,2663.1,2666.78,3272.0333
2024-09-29 20:00:00,2666.77,2673.41,2658.01,2660.89,7578.8239
2024-09-29 21:00:00,2660.89,2668.77,2660.12,2666.63,3511.7345
2024-09-29 22:00:00,2666.62,2671.52,2655.5,2655.82,6182.3088
2024-09-29 23:00:00,2655.82,2662.38,2648.0,2657.62,5105.4479
2024-09-30 00:00:00,2657.62,2663.5,2625.31,2648.68,14393.8083
2024-09-30 01:00:00,2648.68,2655.8,2613.5,2615.17,17982.9821
2024-09-30 02:00:00,2615.17,2622.0,2601.12,2613.27,17612.8948
2024-09-30 03:00:00,2613.26,2632.0,2604.99,2629.89,17484.9625
2024-09-30 04:00:00,2629.89,2630.56,2623.08,2628.39,7130.8126
2024-09-30 05:00:00,2628.39,2637.62,2624.62,2636.2,7052.4308
2024-09-30 06:00:00,2636.2,2643.53,2629.34,2629.84,7844.6554
2024-09-30 07:00:00,2629.84,2643.38,2629.63,2637.82,5969.5032
2024-09-30 08:00:00,2637.81,2643.08,2625.31,2641.29,13362.7411
2024-09-30 09:00:00,2641.29,2642.25,2607.0,2607.0,18063.5472
2024-09-30 10:00:00,2607.01,2614.86,2592.42,2605.55,22018.0477
2024-09-30 11:00:00,2605.55,2632.84,2601.5,2628.94,13342.2008
2024-09-30 12:00:00,2628.94,2635.99,2626.68,2633.81,5765.1831
2024-09-30 13:00:00,2633.81,2638.94,2621.55,2625.21,7430.8879
2024-09-30 14:00:00,2625.21,2628.92,2605.32,2611.36,10256.129
2024-09-30 15:00:00,2611.36,2623.1,2593.73,2596.0,12315.154
2024-09-30 16:00:00,2595.99,2610.0,2590.0,2603.59,9962.2834
2024-09-30 17:00:00,2603.6,2609.39,2591.49,2609.39,6873.4037
2024-09-30 18:00:00,2609.38,2610.01,2575.0,2589.09,20205.2728
2024-09-30 19:00:00,2589.09,2601.95,2583.99,2595.31,8030.6907
2024-09-30 20:00:00,2595.31,2617.46,2593.45,2614.41,13747.5178
2024-09-30 21:00:00,2614.41,2615.69,2599.97,2610.55,6635.4001
2024-09-30 22:00:00,2610.54,2614.41,2601.55,2602.39,6591.3041
2024-09-30 23:00:00,2602.39,2610.37,2576.58,2602.23,12403.983
2024-10-01 00:00:00,2602.24,2623.52,2591.34,2618.82,16671.6639
2024-10-01 01:00:00,2618.82,2629.37,2616.21,2621.62,12152.2089
2024-10-01 02:00:00,2621.62,2621.73,2608.2,2619.73,7071.276
2024-10-01 03:00:00,2619.73,2633.3,2617.45,2629.83,10826.3299
2024-10-01 04:00:00,2629.83,2647.25,2627.6,2644.6,15475.7292
2024-10-01 05:00:00,2644.61,2645.5,2636.55,2639.9,6324.0388
2024-10-01 06:00:00,2639.91,2659.0,2639.82,2656.4,11698.9107
2024-10-01 07:00:00,2656.4,2657.6,2643.52,2645.61,8461.775
2024-10-01 08:00:00,2645.61,2647.19,2635.46,2640.99,8747.1876
2024-10-01 09:00:00,2640.99,2645.47,2634.65,2635.18,6858.1648
2024-10-01 10:00:00,2635.19,2639.6,2631.59,2638.02,6207.0827
2024-10-01 11:00:00,2638.03,2639.51,2628.47,2628.87,6281.8561
2024-10-01 12:00:00,2628.86,2633.42,2619.79,2621.85,8698.0182
2024-10-01 13:00:00,2621.84,2622.9,2566.75,2580.7,35795.0171
2024-10-01 14:00:00,2580.7,2591.36,2536.0,2549.54,44612.3792
2024-10-01 15:00:00,2549.55,2551.5,2481.4,2524.81,73257.9376
2024-10-01 16:00:00,2524.81,2531.4,2483.0,2509.78,36889.357
2024-10-01 17:00:00,2509.77,2512.31,2428.34,2505.99,72782.8158
2024-10-01 18:00:00,2505.99,2519.71,2492.1,2502.0,17571.3556
2024-10-01 19:00:00,2502.0,2506.8,2486.2,2488.71,10251.1038
2024-10-01 20:00:00,2488.71,2492.4,2414.0,2451.78,49772.3263
2024-10-01 21:00:00,2451.78,2474.59,2445.18,2471.84,13093.3505
2024-10-01 22:00:00,2471.84,2471.85,2446.08,2453.93,14735.9904
2024-10-01 23:00:00,2453.94,2457.09,2440.0,2447.79,8592.8053
2024-10-02 00:00:00,2447.78,2467.56,2442.13,2464.22,13260.23
2024-10-02 01:00:00,2464.21,2482.21,2460.78,2480.64,11685.2509
2024-10-02 02:00:00,2480.64,2499.0,2475.25,2492.52,10539.1756
2024-10-02 03:00:00,2492.53,2496.27,2484.29,2489.6,9266.056
2024-10-02 04:00:00,2489.6,2490.26,2475.42,2486.98,7584.48
2024-10-02 05:00:00,2486.98,2491.81,2472.64,2478.0,6538.1579
2024-10-02 06:00:00,2478.0,2490.2,2467.19,2485.84,8630.6768
2024-10-02 07:00:00,2485.84,2492.93,2475.24,2482.04,11001.2084
2024-10-02 08:00:00,2482.03,2486.89,2475.29,2480.79,6451.5536
2024-10-02 09:00:00,2480.78,2481.92,2447.0,2452.67,13962.1071
2024-10-02 10:00:00,2452.67,2470.58,2448.31,2450.99,8428.5172
2024-10-02 11:00:00,2451.0,2465.79,2441.71,2455.22,11076.0444
2024-10-02 12:00:00,2455.22,2461.22,2432.51,2435.33,16292.86
2024-10-02 13:00:00,2435.33,2456.22,2418.8,2450.32,26292.0303
2024-10-02 14:00:00,2450.33,2459.4,2431.81,2434.39,16110.7419
2024-10-02 15:00:00,2434.4,2463.67,2433.47,2460.4,10756.0358
2024-10-02 16:00:00,2460.4,2478.89,2452.25,2452.84,11169.1383
2024-10-02 17:00:00,2452.85,2454.0,2433.48,2446.71,7898.8674
2024-10-02 18:00:00,2446.71,2447.15,2389.05,2389.82,24804.9397
2024-10-02 19:00:00,2389.82,2399.79,2368.03,2371.77,31113.283
2024-10-02 20:00:00,2371.77,2392.99,2360.0,2386.1,19337.8359
2024-10-02 21:00:00,2386.11,2387.18,2363.89,2378.94,10018.8988
2024-10-02 22:00:00,2378.95,2382.26,2352.0,2382.12,15128.905
2024-10-02 23:00:00,2382.12,2382.98,2360.33,2364.1,10137.741
2024-10-03 00:00:00,2364.09,2382.59,2352.59,2372.16,17092.4473
2024-10-03 01:00:00,2372.16,2393.31,2371.66,2384.53,10337.8256
2024-10-03 02:00:00,2384.54,2397.55,2381.65,2391.8,7199.4791
2024-10-03 03:00:00,2391.8,2399.6,2385.4,2399.32,7488.6301
2024-10-03 04:00:00,2399.32,2403.38,2391.74,2397.54,6179.7693
2024-10-03 05:00:00,2397.55,2399.2,2380.8,2383.62,13040.2305
2024-10-03 06:00:00,2383.62,2393.52,2379.44,2389.11,4304.7088
2024-10-03 07:00:00,2389.11,2392.92,2360.0,2364.66,18844.7923
2024-10-03 08:00:00,2364.65,2367.38,2328.26,2337.52,38330.3402
2024-10-03 09:00:00,2337.51,2353.53,2318.72,2352.77,22989.8927
2024-10-03 10:00:00,2352.77,2369.38,2348.17,2368.58,9062.0468
2024-10-03 11:00:00,2368.57,2370.0,2347.81,2352.34,12906.6473
2024-10-03 12:00:00,2352.35,2357.8,2336.94,2352.35,10167.1028
2024-10-03 13:00:00,2352.34,2357.74,2325.04,2347.29,19615.3218
2024-10-03 14:00:00,2347.3,2366.09,2315.0,2317.55,31300.9172
2024-10-03 15:00:00,2317.55,2346.04,2310.0,2340.59,26101.5575
2024-10-03 16:00:00,2340.6,2343.84,2312.0,2324.9,15281.8016
2024-10-03 17:00:00,2324.9,2349.73,2315.65,2343.83,12270.5229
2024-10-03 18:00:00,2343.83,2351.7,2337.65,2344.15,6963.6984
2024-10-03 19:00:00,2344.14,2354.31,2338.2,2353.51,5034.6746
2024-10-03 20:00:00,2353.51,2354.83,2338.2,2341.97,6323.0942
2024-10-03 21:00:00,2341.97,2353.99,2332.6,2350.42,4710.2119
2024-10-03 22:00:00,2350.42,2355.19,2343.24,2352.08,4843.6101
2024-10-03 23:00:00,2352.08,2357.9,2345.0,2349.8,4246.6033
2024-10-04 00:00:00,2349.8,2352.83,2339.15,2340.36,6921.6592
2024-10-04 01:00:00,2340.37,2378.92,2339.89,2377.56,16566.0853
2024-10-04 02:00:00,2377.56,2380.0,2366.99,2370.4,10781.6514
2024-10-04 03:00:00,2370.41,2371.87,2361.35,2367.06,3889.9902
2024-10-04 04:00:00,2367.07,2381.4,2365.63,2374.22,8896.3548
2024-10-04 05:00:00,2374.22,2385.12,2372.28,2383.34,5823.2308
2024-10-04 06:00:00,2383.34,2387.58,2374.3,2374.97,5686.3476
2024-10-04 07:00:00,2374.96,2386.28,2370.9,2381.6,9023.8397
2024-10-04 08:00:00,2381.6,2393.52,2378.04,2381.51,10313.7143
2024-10-04 09:00:00,2381.51,2387.82,2374.48,2377.15,7164.6453
2024-10-04 10:00:00,2377.15,2380.3,2374.11,2375.17,3503.6003
2024-10-04 11:00:00,2375.17,2386.49,2374.21,2386.2,3962.9595
2024-10-04 12:00:00,2386.2,2399.05,2374.65,2397.35,17940.6705
2024-10-04 13:00:00,2397.35,2399.99,2376.16,2378.59,15926.2883
2024-10-04 14:00:00,2378.59,2383.3,2352.6,2367.21,17158.0439
2024-10-04 15:00:00,2367.21,2418.41,2366.95,2417.05,28238.7258
2024-10-04 16:00:00,2417.1,2441.64,2413.4,2433.73,25859.7157
2024-10-04 17:00:00,2433.73,2437.4,2409.67,2415.25,12562.8677
2024-10-04 18:00:00,2415.25,2432.46,2409.99,2432.2,7199.0087
2024-10-04 19:00:00,2432.19,2436.1,2423.6,2428.9,6703.4552
2024-10-04 20:00:00,2428.9,2431.74,2421.87,2429.3,4657.8411
2024-10-04 21:00:00,2429.29,2431.22,2422.68,2424.35,3026.8565
2024-10-04 22:00:00,2424.34,2428.35,2417.38,2420.91,3077.5266
2024-10-04 23:00:00,2420.91,2421.5,2412.4,2414.41,4497.9386
2024-10-05 00:00:00,2414.41,2425.16,2412.67,2425.15,4440.3937
2024-10-05 01:00:00,2425.16,2428.23,2415.18,2417.91,4984.7478
2024-10-05 02:00:00,2417.92,2418.66,2401.05,2401.57,5094.255
2024-10-05 03:00:00,2401.58,2403.62,2390.26,2399.6,5836.857
2024-10-05 04:00:00,2399.61,2409.19,2397.11,2405.56,3088.4104
2024-10-05 05:00:00,2405.57,2417.95,2404.8,2417.94,3625.2607
2024-10-05 06:00:00,2417.95,2427.0,2413.21,2424.28,3317.7002
2024-10-05 07:00:00,2424.28,2426.16,2415.1,2415.1,4607.102
2024-10-05 08:00:00,2415.11,2421.35,2415.1,2419.66,2871.8219
2024-10-05 09:00:00,2419.67,2428.22,2418.66,2425.13,4642.8356
2024-10-05 10:00:00,2425.12,2426.95,2417.34,2419.22,3347.677
2024-10-05 11:00:00,2419.22,2422.25,2416.63,2417.19,3163.9194
2024-10-05 12:00:00,2417.19,2422.8,2417.07,2422.8,3214.1194
2024-10-05 13:00:00,2422.79,2424.15,2408.02,2409.91,6069.5848
2024-10-05 14:00:00,2409.91,2418.86,2404.7,2414.46,4939.0478
2024-10-05 15:00:00,2414.47,2417.0,2406.23,2415.01,6347.9621
2024-10-05 16:00:00,2415.01,2416.1,2403.6,2404.82,3599.1577
2024-10-05 17:00:00,2404.83,2410.62,2402.28,2410.15,2669.219
2024-10-05 18:00:00,2410.16,2411.8,2396.0,2402.57,5999.5533
2024-10-05 19:00:00,2402.57,2402.57,2392.8,2396.54,6528.2794
2024-10-05 20:00:00,2396.54,2399.97,2390.05,2392.35,3909.2791
2024-10-05 21:00:00,2392.35,2409.35,2392.12,2403.38,3484.7873
2024-10-05 22:00:00,2403.39,2419.5,2403.03,2418.0,5060.7624
2024-10-05 23:00:00,2418.0,2419.5,2411.28,2414.66,2897.4986
2024-10-06 00:00:00,2414.66,2415.9,2407.0,2410.47,2567.9815
2024-10-06 01:00:00,2410.48,2423.0,2408.76,2420.68,3702.7265
2024-10-06 02:00:00,2420.68,2422.5,2414.11,2416.5,2470.7844
2024-10-06 03:00:00,2416.5,2421.68,2413.2,2413.64,3124.0739
2024-10-06 04:00:00,2413.63,2420.8,2410.35,2415.28,4184.0607
2024-10-06 05:00:00,2415.28,2418.2,2411.63,2417.06,2173.4772
2024-10-06 06:00:00,2417.06,2421.0,2413.63,2416.13,2358.4653
2024-10-06 07:00:00,2416.13,2419.76,2416.13,2417.38,1839.4579
2024-10-06 08:00:00,2417.39,2426.6,2415.4,2420.99,4075.159
2024-10-06 09:00:00,2420.98,2428.0,2420.45,2422.01,2791.3028
2024-10-06 10:00:00,2422.01,2422.5,2419.08,2420.04,2215.2461
2024-10-06 11:00:00,2420.05,2430.73,2419.17,2426.63,4837.7078
2024-10-06 12:00:00,2426.64,2433.74,2424.91,2429.42,4851.8473
2024-10-06 13:00:00,2429.42,2437.59,2429.09,2431.06,4977.0984
2024-10-06 14:00:00,2431.07,2457.8,2426.7,2452.9,10015.625
2024-10-06 15:00:00,2452.89,2455.4,2439.31,2446.62,8341.2024
2024-10-06 16:00:00,2446.62,2453.0,2436.4,2436.99,8098.3886
2024-10-06 17:00:00,2436.99,2443.8,2435.4,2441.89,4101.0185
2024-10-06 18:00:00,2441.9,2449.4,2441.18,2446.33,3529.4419
2024-10-06 19:00:00,2446.33,2452.84,2438.95,2441.39,4356.1371
2024-10-06 20:00:00,2441.4,2444.37,2437.6,2438.78,3090.6016
2024-10-06 21:00:00,2438.77,2442.7,2415.65,2417.83,7535.5033
2024-10-06 22:00:00,2417.83,2432.3,2417.65,2431.91,3612.5487
2024-10-06 23:00:00,2431.9,2444.6,2431.8,2440.03,6902.8537
2024-10-07 00:00:00,2440.02,2490.24,2435.84,2488.76,22528.3442
2024-10-07 01:00:00,2488.78,2499.0,2483.64,2496.83,11997.6458
2024-10-07 02:00:00,2496.83,2512.92,2495.6,2504.75,15402.6277
2024-10-07 03:00:00,2504.74,2511.9,2488.0,2495.34,14977.4947
2024-10-07 04:00:00,2495.34,2498.7,2486.5,2487.71,6559.0446
2024-10-07 05:00:00,2487.71,2493.67,2481.01,2484.89,5733.0719
2024-10-07 06:00:00,2484.9,2491.1,2483.07,2490.42,5549.1553
2024-10-07 07:00:00,2490.42,2492.18,2477.24,2480.53,6678.4119
2024-10-07 08:00:00,2480.54,2488.87,2479.98,2482.6,5272.6801
2024-10-07 09:00:00,2482.6,2482.6,2448.53,2458.62,16971.9107
2024-10-07 10:00:00,2458.62,2458.73,2437.9,2449.13,13976.6658
2024-10-07 11:00:00,2449.13,2476.57,2439.04,2475.84,16847.1474
2024-10-07 12:00:00,2475.84,2476.46,2462.67,2465.59,9977.6034
2024-10-07 13:00:00,2465.6,2485.2,2463.12,2475.69,11316.0798
2024-10-07 14:00:00,2475.69,2521.0,2475.31,2498.52,30817.224
2024-10-07 15:00:00,2498.51,2500.0,2471.34,2474.23,17872.7384
2024-10-07 16:00:00,2474.24,2479.16,2458.42,2478.5,11189.769
2024-10-07 17:00:00,2478.5,2481.2,2466.85,2476.49,5793.3379
2024-10-07 18:00:00,2476.49,2477.0,2420.01,2425.07,23228.3147
2024-10-07 19:00:00,2425.07,2449.6,2423.87,2445.62,9927.1911
2024-10-07 20:00:00,2445.62,2448.8,2437.59,2442.0,4604.4025
2024-10-07 21:00:00,2442.01,2457.59,2441.0,2454.77,5434.8286
2024-10-07 22:00:00,2454.76,2457.65,2411.21,2416.7,12792.6313
2024-10-07 23:00:00,2416.71,2434.2,2403.0,2422.71,15011.2199
2024-10-08 00:00:00,2422.7,2439.35,2422.7,2437.03,5441.8709
2024-10-08 01:00:00,2437.03,2440.0,2426.49,2434.75,5953.4601
2024-10-08 02:00:00,2434.75,2448.0,2424.0,2445.79,7123.4508
2024-10-08 03:00:00,2445.79,2448.1,2436.25,2438.13,4923.5993
2024-10-08 04:00:00,2438.13,2445.74,2433.33,2437.44,4672.8418
2024-10-08 05:00:00,2437.44,2439.04,2419.18,2428.4,8726.5488
2024-10-08 06:00:00,2428.4,2438.75,2415.8,2435.66,8152.2349
2024-10-08 07:00:00,2435.66,2435.89,2410.51,2428.6,9087.6946
2024-10-08 08:00:00,2428.6,2431.66,2421.0,2426.67,6767.2253
2024-10-08 09:00:00,2426.68,2437.31,2417.4,2433.31,6013.7986
2024-10-08 10:00:00,2433.3,2435.79,2427.52,2429.96,3994.1607
2024-10-08 11:00:00,2429.96,2441.74,2428.55,2439.71,3874.2395
2024-10-08 12:00:00,2439.71,2442.77,2427.04,2428.69,6111.2002
2024-10-08 13:00:00,2428.69,2450.27,2419.68,2448.28,11524.1172
2024-10-08 14:00:00,2448.28,2453.23,2413.2,2435.4,16105.6508
2024-10-08 15:00:00,2435.4,2441.48,2401.18,2419.5,29438.4324
2024-10-08 16:00:00,2419.49,2450.0,2411.17,2446.0,12232.1958
2024-10-08 17:00:00,2445.99,2446.0,2426.47,2442.87,9449.2465
2024-10-08 18:00:00,2442.88,2456.62,2427.23,2436.84,13885.9443
2024-10-08 19:00:00,2436.85,2443.73,2424.1,2440.13,7654.1449
2024-10-08 20:00:00,2440.13,2444.8,2434.84,2443.9,3462.4072
2024-10-08 21:00:00,2443.9,2466.66,2440.48,2456.54,6404.6633
2024-10-08 22:00:00,2456.55,2459.68,2439.6,2441.76,6126.9008
2024-10-08 23:00:00,2441.76,2445.65,2434.06,2440.89,4232.3025
2024-10-09 00:00:00,2440.88,2443.89,2427.44,2438.04,6470.2943
2024-10-09 01:00:00,2438.04,2473.61,2434.84,2462.4,14752.1891
2024-10-09 02:00:00,2462.4,2463.0,2447.6,2447.6,5286.393
2024-10-09 03:00:00,2447.6,2454.28,2440.9,2446.78,9426.7211
2024-10-09 04:00:00,2446.78,2447.94,2439.5,2445.49,6352.6079
2024-10-09 05:00:00,2445.49,2452.12,2442.56,2451.13,4892.8783
2024-10-09 06:00:00,2451.13,2452.61,2442.0,2443.73,3584.4244
2024-10-09 07:00:00,2443.72,2443.72,2431.71,2436.01,6393.5814
2024-10-09 08:00:00,2436.0,2440.2,2429.28,2430.99,7184.4532
2024-10-09 09:00:00,2431.0,2438.48,2427.79,2437.33,6735.7341
2024-10-09 10:00:00,2437.32,2437.49,2427.81,2434.59,4647.3383
2024-10-09 11:00:00,2434.59,2442.55,2432.79,2441.7,4418.2044
2024-10-09 12:00:00,2441.69,2445.62,2425.6,2434.8,9404.2142
2024-10-09 13:00:00,2434.8,2437.8,2423.13,2429.4,12408.2216
2024-10-09 14:00:00,2429.4,2443.48,2425.25,2436.91,13390.5141
2024-10-09 15:00:00,2436.92,2472.08,2436.0,2461.3,20375.0531
2024-10-09 16:00:00,2461.3,2462.61,2431.0,2434.13,12198.3304
2024-10-09 17:00:00,2434.14,2440.42,2428.47,2434.25,5908.7752
2024-10-09 18:00:00,2434.24,2437.35,2409.0,2415.2,16172.0552
2024-10-09 19:00:00,2415.21,2421.77,2407.43,2418.3,6483.9721
2024-10-09 20:00:00,2418.3,2418.3,2353.2,2356.17,35129.2375
2024-10-09 21:00:00,2356.18,2380.51,2351.42,2378.43,13405.1936
2024-10-09 22:00:00,2378.43,2381.4,2366.7,2373.46,10271.5362
2024-10-09 23:00:00,2373.45,2376.48,2363.8,2370.47,6790.3498
2024-10-10 00:00:00,2370.47,2383.82,2366.87,2375.86,9710.1025
2024-10-10 01:00:00,2375.87,2400.6,2375.01,2391.7,10430.5143
2024-10-10 02:00:00,2391.7,2400.36,2391.64,2394.43,12624.2333
2024-10-10 03:00:00,2394.43,2398.4,2392.95,2395.3,5413.523
2024-10-10 04:00:00,2395.31,2399.43,2391.12,2394.8,4017.1174
2024-10-10 05:00:00,2394.79,2411.38,2392.57,2405.58,6019.7819
2024-10-10 06:00:00,2405.58,2410.0,2400.69,2408.75,5468.4377
2024-10-10 07:00:00,2408.74,2408.74,2394.51,2395.8,4512.7361
2024-10-10 08:00:00,2395.78,2397.64,2380.61,2381.99,7221.8433
2024-10-10 09:00:00,2382.0,2388.1,2368.55,2387.09,11321.074
2024-10-10 10:00:00,2387.08,2400.7,2387.08,2397.21,6559.628
2024-10-10 11:00:00,2397.21,2408.12,2395.05,2406.56,7394.9073
2024-10-10 12:00:00,2406.56,2408.93,2379.01,2388.01,14749.2381
2024-10-10 13:00:00,2388.01,2396.96,2373.0,2382.81,10919.6712
2024-10-10 14:00:00,2382.81,2388.4,2370.0,2381.82,12331.9728
2024-10-10 15:00:00,2381.82,2405.56,2376.7,2404.63,12310.9574
2024-10-10 16:00:00,2404.62,2421.36,2389.99,2392.71,23706.7317
2024-10-10 17:00:00,2392.71,2398.0,2364.05,2373.17,21563.9074
2024-10-10 18:00:00,2373.17,2374.1,2330.66,2357.73,40312.8601
2024-10-10 19:00:00,2357.73,2370.21,2350.81,2367.13,7726.3768
2024-10-10 20:00:00,2367.13,2377.9,2357.07,2369.29,8800.2896
2024-10-10 21:00:00,2369.28,2387.09,2362.01,2387.08,6020.1382
2024-10-10 22:00:00,2387.08,2387.08,2371.6,2377.96,5745.9422
2024-10-10 23:00:00,2377.96,2386.5,2377.96,2386.49,2980.9776
2024-10-11 00:00:00,2386.49,2390.82,2382.0,2386.32,5004.8474
2024-10-11 01:00:00,2386.31,2415.4,2381.86,2406.9,10709.3364
2024-10-11 02:00:00,2406.91,2410.7,2394.77,2400.12,8111.2762
2024-10-11 03:00:00,2400.11,2416.94,2400.11,2411.1,6464.3709
2024-10-11 04:00:00,2411.18,2416.02,2405.27,2409.14,4703.4929
2024-10-11 05:00:00,2409.13,2413.6,2403.36,2406.26,5046.094
2024-10-11 06:00:00,2406.26,2418.55,2404.8,2411.4,6747.4451
2024-10-11 07:00:00,2411.39,2415.5,2405.14,2407.64,8318.702
2024-10-11 08:00:00,2407.64,2409.87,2403.0,2403.1,4516.1274
2024-10-11 09:00:00,2403.1,2418.87,2402.65,2414.8,10415.7463
2024-10-11 10:00:00,2414.8,2426.22,2411.09,2414.71,9016.5975
2024-10-11 11:00:00,2414.72,2421.84,2412.0,2417.82,5129.3529
2024-10-11 12:00:00,2417.83,2428.41,2414.51,2425.3,10359.4567
2024-10-11 13:00:00,2425.31,2438.6,2416.54,2431.31,15502.9439
2024-10-11 14:00:00,2431.31,2439.71,2425.78,2432.5,26006.2319
2024-10-11 15:00:00,2432.51,2453.84,2432.18,2443.81,18919.0678
2024-10-11 16:00:00,2443.8,2449.48,2435.12,2438.38,12935.3975
2024-10-11 17:00:00,2438.39,2452.96,2433.46,2450.04,10532.7143
2024-10-11 18:00:00,2450.04,2450.5,2439.75,2446.01,8857.0546
2024-10-11 19:00:00,2446.0,2471.45,2444.93,2459.6,21930.7762
2024-10-11 20:00:00,2459.59,2462.31,2452.43,2457.14,5705.8859
2024-10-11 21:00:00,2457.14,2461.3,2450.02,2450.02,6123.2777
2024-10-11 22:00:00,2450.02,2452.58,2437.57,2439.38,9806.2044
2024-10-11 23:00:00,2439.38,2444.99,2434.22,2439.5,4578.8198
2024-10-12 00:00:00,2439.49,2448.35,2436.2,2444.31,7441.2573
2024-10-12 01:00:00,2444.3,2451.37,2442.0,2444.31,9969.261
2024-10-12 02:00:00,2444.3,2444.79,2435.49,2436.67,4908.8693
2024-10-12 03:00:00,2436.66,2441.02,2434.35,2439.04,3261.9983
2024-10-12 04:00:00,2439.05,2451.77,2439.05,2445.95,5693.9389
2024-10-12 05:00:00,2445.94,2448.21,2442.46,2447.41,4904.2448
2024-10-12 06:00:00,2447.41,2448.98,2445.42,2446.5,3433.0226
2024-10-12 07:00:00,2446.5,2447.22,2442.72,2446.69,5076.2606
2024-10-12 08:00:00,2446.68,2447.0,2442.61,2445.8,3169.4445
2024-10-12 09:00:00,2445.8,2447.03,2443.45,2445.39,3112.5053
2024-10-12 10:00:00,2445.38,2457.5,2443.6,2455.5,8117.396
2024-10-12 11:00:00,2455.5,2467.51,2450.97,2452.5,7959.893
2024-10-12 12:00:00,2452.5,2459.74,2448.8,2458.01,5308.2376
2024-10-12 13:00:00,2458.01,2462.31,2455.9,2461.72,4479.0409
2024-10-12 14:00:00,2461.72,2479.33,2458.0,2471.43,11942.2849
2024-10-12 15:00:00,2471.43,2484.0,2466.0,2473.11,16430.3085
2024-10-12 16:00:00,2473.1,2486.75,2469.5,2469.73,9283.1306
2024-10-12 17:00:00,2469.73,2481.12,2468.51,2475.9,4587.8974
2024-10-12 18:00:00,2475.9,2482.0,2467.65,2469.72,4467.7009
2024-10-12 19:00:00,2469.72,2474.12,2466.66,2472.6,3530.2124
2024-10-12 20:00:00,2472.6,2473.3,2469.1,2470.5,2200.4162
2024-10-12 21:00:00,2470.51,2480.53,2470.35,2479.87,2992.6968
2024-10-12 22:00:00,2479.87,2490.51,2475.9,2487.32,4319.8233
2024-10-12 23:00:00,2487.31,2488.46,2476.4,2476.4,3047.6651
2024-10-13 00:00:00,2476.4,2484.92,2475.1,2476.83,4913.3139
2024-10-13 01:00:00,2476.83,2476.83,2462.35,2467.39,6896.0602
2024-10-13 02:00:00,2467.39,2470.36,2464.8,2469.67,4109.2358
2024-10-13 03:00:00,2469.67,2470.21,2452.55,2457.86,6305.8224
2024-10-13 04:00:00,2457.86,2464.2,2457.32,2463.53,2760.1454
2024-10-13 05:00:00,2463.53,2468.94,2462.59,2463.59,3028.7325
2024-10-13 06:00:00,2463.6,2469.84,2463.42,2464.97,3550.1945
2024-10-13 07:00:00,2464.97,2467.01,2459.87,2465.0,2490.2372
2024-10-13 08:00:00,2465.0,2471.74,2461.0,2463.13,4034.1018
2024-10-13 09:00:00,2463.13,2468.27,2462.52,2467.6,2422.8985
2024-10-13 10:00:00,2467.59,2470.98,2462.49,2462.8,2800.4313
2024-10-13 11:00:00,2462.8,2466.39,2457.52,2458.27,4028.7873
2024-10-13 12:00:00,2458.27,2467.49,2458.06,2465.32,3461.3395
2024-10-13 13:00:00,2465.32,2470.49,2462.69,2464.46,3443.5011
2024-10-13 14:00:00,2464.45,2464.45,2444.8,2447.06,8824.2891
2024-10-13 15:00:00,2447.05,2452.2,2436.4,2440.51,9574.5665
2024-10-13 16:00:00,2440.51,2459.41,2437.92,2455.24,7986.982
2024-10-13 17:00:00,2455.24,2462.31,2440.7,2446.3,7920.5488
2024-10-13 18:00:00,2446.3,2453.9,2440.0,2444.5,4293.5759
2024-10-13 19:00:00,2444.5,2458.8,2444.5,2458.09,4062.3152
2024-10-13 20:00:00,2458.09,2460.79,2452.87,2460.71,4273.5468
2024-10-13 21:00:00,2460.72,2469.59,2457.6,2465.01,5434.5138
2024-10-13 22:00:00,2465.0,2484.6,2463.6,2467.11,8630.9221
2024-10-13 23:00:00,2467.11,2470.0,2460.67,2468.91,4776.7563
2024-10-14 00:00:00,2468.92,2469.8,2449.6,2452.77,5727.8741
2024-10-14 01:00:00,2452.76,2464.04,2450.02,2452.62,5158.1256
2024-10-14 02:00:00,2452.62,2452.84,2443.39,2452.3,5034.9039
2024-10-14 03:00:00,2452.29,2526.6,2451.25,2521.11,49419.3504
2024-10-14 04:00:00,2521.11,2548.43,2521.11,2542.15,33670.0208
2024-10-14 05:00:00,2542.16,2544.36,2511.34,2531.44,21355.461
2024-10-14 06:00:00,2531.45,2539.0,2524.6,2528.37,11950.3393
2024-10-14 07:00:00,2528.38,2540.52,2516.05,2535.78,23702.0612
2024-10-14 08:00:00,2535.78,2543.72,2521.97,2524.58,15509.3355
2024-10-14 09:00:00,2524.58,2538.7,2519.65,2533.87,8950.6451
2024-10-14 10:00:00,2533.87,2545.65,2531.0,2540.87,11261.2318
2024-10-14 11:00:00,2540.86,2547.49,2535.46,2537.9,8963.3475
2024-10-14 12:00:00,2537.91,2564.97,2534.47,2555.2,23823.5328
2024-10-14 13:00:00,2555.2,2575.28,2546.66,2568.99,28254.9066
2024-10-14 14:00:00,2569.0,2638.05,2567.99,2622.59,62391.9217
2024-10-14 15:00:00,2622.59,2642.88,2617.4,2635.47,34918.2285
2024-10-14 16:00:00,2635.47,2640.4,2615.12,2620.3,21044.2318
2024-10-14 17:00:00,2620.29,2634.63,2617.0,2627.03,11801.3867
2024-10-14 18:00:00,2627.03,2635.68,2623.16,2629.58,7510.5007
2024-10-14 19:00:00,2629.57,2634.1,2619.0,2620.51,11319.4843
2024-10-14 20:00:00,2620.5,2629.32,2617.71,2621.69,5527.3429
2024-10-14 21:00:00,2621.69,2624.47,2616.1,2616.98,3887.3338
2024-10-14 22:00:00,2616.98,2651.8,2616.55,2649.8,15143.5119
2024-10-14 23:00:00,2649.79,2654.0,2626.33,2629.79,9575.084
2024-10-15 00:00:00,2629.79,2637.38,2617.93,2622.75,9109.2021
2024-10-15 01:00:00,2622.76,2634.11,2621.0,2629.76,6435.8852
2024-10-15 02:00:00,2629.76,2634.44,2625.0,2627.4,7768.1134
2024-10-15 03:00:00,2627.4,2627.5,2608.52,2612.32,9386.7352
2024-10-15 04:00:00,2612.33,2618.71,2605.61,2614.67,8036.8866
2024-10-15 05:00:00,2614.68,2615.63,2590.29,2594.99,13456.6761
2024-10-15 06:00:00,2595.0,2610.65,2592.73,2608.7,8057.0996
2024-10-15 07:00:00,2608.7,2623.7,2608.7,2615.66,10186.4887
2024-10-15 08:00:00,2615.67,2622.5,2614.99,2617.36,8013.5068
2024-10-15 09:00:00,2617.37,2618.95,2607.26,2609.94,10124.6902
2024-10-15 10:00:00,2609.94,2620.64,2605.57,2613.17,8156.7655
2024-10-15 11:00:00,2613.17,2614.2,2580.01,2586.2,19743.612
2024-10-15 12:00:00,2586.2,2610.0,2582.18,2602.51,14753.3363
2024-10-15 13:00:00,2602.5,2676.31,2597.01,2671.18,39286.7504
2024-10-15 14:00:00,2671.19,2688.6,2562.35,2568.01,91091.9866
2024-10-15 15:00:00,2568.02,2589.18,2537.36,2573.45,46179.9473
2024-10-15 16:00:00,2573.42,2619.33,2571.36,2592.85,25221.7329
2024-10-15 17:00:00,2592.84,2600.4,2576.0,2582.04,14549.1001
2024-10-15 18:00:00,2582.03,2605.62,2580.49,2592.97,12972.8996
2024-10-15 19:00:00,2592.98,2598.28,2580.12,2592.11,17416.7588
2024-10-15 20:00:00,2592.11,2595.5,2563.6,2572.0,13835.8357
2024-10-15 21:00:00,2572.0,2590.0,2568.42,2588.29,7334.0893
2024-10-15 22:00:00,2588.28,2603.46,2585.02,2594.5,8296.1057
2024-10-15 23:00:00,2594.5,2609.08,2591.54,2607.41,6871.4622
2024-10-16 00:00:00,2607.41,2608.46,2596.0,2596.39,7294.2256
2024-10-16 01:00:00,2596.39,2624.82,2588.67,2619.5,15936.0617
2024-10-16 02:00:00,2619.49,2630.6,2617.72,2622.08,9958.1097
2024-10-16 03:00:00,2622.08,2623.0,2614.2,2617.23,8370.7524
2024-10-16 04:00:00,2617.22,2621.47,2603.25,2614.5,8151.8069
2024-10-16 05:00:00,2614.51,2624.44,2611.41,2619.01,13463.8052
2024-10-16 06:00:00,2619.01,2621.9,2604.2,2611.21,9606.2852
2024-10-16 07:00:00,2611.2,2611.21,2598.77,2607.13,13732.8614
2024-10-16 08:00:00,2607.12,2617.15,2605.01,2609.06,8178.4003
2024-10-16 09:00:00,2609.06,2622.74,2608.0,2620.32,8821.1861
2024-10-16 10:00:00,2620.33,2630.2,2612.81,2615.87,14957.1535
2024-10-16 11:00:00,2615.87,2642.69,2608.99,2630.4,25448.5017
2024-10-16 12:00:00,2630.41,2647.79,2623.8,2628.06,15914.8071
2024-10-16 13:00:00,2628.05,2636.03,2599.83,2606.36,21329.0715
2024-10-16 14:00:00,2606.37,2645.59,2595.0,2607.59,23061.8028
2024-10-16 15:00:00,2607.59,2618.68,2598.2,2607.67,8837.0596
2024-10-16 16:00:00,2607.68,2619.89,2591.58,2618.71,12524.2028
2024-10-16 17:00:00,2618.71,2626.83,2610.84,2621.0,6841.6889
2024-10-16 18:00:00,2621.0,2628.0,2615.64,2617.38,5518.8531
2024-10-16 19:00:00,2617.39,2619.5,2611.12,2614.93,4364.4387
2024-10-16 20:00:00,2614.93,2628.83,2614.25,2618.11,5002.9383
2024-10-16 21:00:00,2618.11,2621.75,2608.94,2613.79,4140.6907
2024-10-16 22:00:00,2613.79,2625.36,2613.25,2621.91,5287.8054
2024-10-16 23:00:00,2621.91,2622.74,2609.49,2611.1,3579.9156
2024-10-17 00:00:00,2611.1,2625.0,2611.1,2617.22,6125.3208
2024-10-17 01:00:00,2617.22,2642.66,2610.03,2642.56,13391.9029
2024-10-17 02:00:00,2642.56,2643.39,2617.3,2624.5,10465.575
2024-10-17 03:00:00,2624.51,2645.6,2623.0,2640.8,12114.074
2024-10-17 04:00:00,2640.8,2648.37,2625.99,2627.86,9534.1093
2024-10-17 05:00:00,2627.86,2638.64,2625.19,2626.67,6628.3611
2024-10-17 06:00:00,2626.67,2636.37,2618.99,2625.12,8008.9556
2024-10-17 07:00:00,2625.13,2630.0,2620.81,2628.5,9662.0841
2024-10-17 08:00:00,2628.5,2630.71,2615.3,2626.8,9498.8056
2024-10-17 09:00:00,2626.81,2627.81,2616.0,2616.85,8802.2181
2024-10-17 10:00:00,2616.86,2619.88,2599.32,2614.31,11402.9271
2024-10-17 11:00:00,2614.31,2617.87,2596.49,2598.01,8257.4134
2024-10-17 12:00:00,2598.01,2614.79,2595.45,2614.53,5907.5034
2024-10-17 13:00:00,2614.53,2617.2,2593.0,2600.27,11260.0749
2024-10-17 14:00:00,2600.28,2609.5,2583.5,2607.71,17993.2217
2024-10-17 15:00:00,2607.71,2632.73,2600.37,2630.82,18209.3693
2024-10-17 16:00:00,2630.81,2631.43,2606.41,2612.67,9865.6011
2024-10-17 17:00:00,2612.67,2618.9,2601.15,2605.99,6850.3932
2024-10-17 18:00:00,2606.0,2606.79,2575.4,2587.12,14877.175
2024-10-17 19:00:00,2587.13,2598.71,2583.1,2595.59,4433.8814
2024-10-17 20:00:00,2595.6,2607.99,2594.8,2597.99,4943.7003
2024-10-17 21:00:00,2597.99,2606.14,2597.67,2603.82,2374.6546
2024-10-17 22:00:00,2603.82,2614.91,2603.82,2612.68,4991.8373
2024-10-17 23:00:00,2612.68,2612.98,2601.64,2605.8,6025.3842
2024-10-18 00:00:00,2605.79,2608.32,2596.49,2597.25,6230.3829
2024-10-18 01:00:00,2597.25,2651.66,2596.8,2643.87,22025.5539
2024-10-18 02:00:00,2643.88,2646.0,2628.42,2633.8,16074.6453
2024-10-18 03:00:00,2633.79,2634.36,2608.76,2609.99,10919.4036
2024-10-18 04:00:00,2609.98,2622.2,2608.79,2615.69,8170.1995
2024-10-18 05:00:00,2615.69,2628.28,2612.62,2627.49,5799.4813
2024-10-18 06:00:00,2627.5,2638.73,2625.26,2627.29,9330.0958
2024-10-18 07:00:00,2627.29,2645.83,2625.11,2644.5,16483.203
2024-10-18 08:00:00,2644.51,2650.0,2635.2,2638.29,12131.6954
2024-10-18 09:00:00,2638.3,2639.5,2621.2,2624.75,9119.5777
2024-10-18 10:00:00,2624.74,2631.21,2624.0,2627.55,7015.5344
2024-10-18 11:00:00,2627.54,2632.5,2621.0,2621.98,5760.075
2024-10-18 12:00:00,2621.98,2624.75,2613.12,2616.61,7502.3826
2024-10-18 13:00:00,2616.6,2629.6,2612.2,2627.76,14581.3898
2024-10-18 14:00:00,2627.76,2646.44,2617.5,2641.79,27546.3203
2024-10-18 15:00:00,2641.79,2663.4,2637.46,2653.15,23664.4564
2024-10-18 16:00:00,2653.15,2656.4,2629.5,2651.49,19910.4383
2024-10-18 17:00:00,2651.49,2656.0,2639.53,2647.0,11863.7561
2024-10-18 18:00:00,2647.0,2675.58,2641.31,2663.5,20265.7232
2024-10-18 19:00:00,2663.5,2668.0,2648.79,2651.31,13294.3738
2024-10-18 20:00:00,2651.38,2652.03,2641.6,2643.52,7555.4657
2024-10-18 21:00:00,2643.52,2648.12,2636.86,2642.5,4674.3838
2024-10-18 22:00:00,2642.49,2642.77,2633.59,2636.46,6778.6479
2024-10-18 23:00:00,2636.46,2644.78,2636.13,2642.17,5746.9296
2024-10-19 00:00:00,2642.17,2643.4,2636.0,2639.7,5035.4039
2024-10-19 01:00:00,2639.7,2646.0,2635.31,2635.89,5764.6777
2024-10-19 02:00:00,2635.9,2648.4,2635.22,2647.11,4982.2942
2024-10-19 03:00:00,2647.11,2663.49,2645.74,2646.41,8568.7462
2024-10-19 04:00:00,2646.41,2650.97,2640.55,2640.74,4571.9629
2024-10-19 05:00:00,2640.73,2647.97,2640.73,2647.21,3068.0707
2024-10-19 06:00:00,2647.2,2647.52,2642.41,2644.26,4605.8063
2024-10-19 07:00:00,2644.25,2645.0,2638.0,2641.05,4632.0784
2024-10-19 08:00:00,2641.05,2647.55,2641.05,2645.69,4458.624
2024-10-19 09:00:00,2645.69,2648.6,2643.89,2646.03,2955.3425
2024-10-19 10:00:00,2646.02,2646.52,2639.52,2639.6,4097.3222
2024-10-19 11:00:00,2639.6,2644.18,2631.02,2631.48,6036.2323
2024-10-19 12:00:00,2631.48,2641.6,2631.04,2640.23,4433.2868
2024-10-19 13:00:00,2640.23,2640.57,2635.2,2635.98,3642.7843
2024-10-19 14:00:00,2635.98,2651.44,2635.98,2650.09,5517.5665
2024-10-19 15:00:00,2650.08,2654.41,2641.21,2645.7,6107.3757
2024-10-19 16:00:00,2645.69,2645.92,2637.0,2637.41,4728.7552
2024-10-19 17:00:00,2637.4,2644.18,2637.05,2641.29,3707.7875
2024-10-19 18:00:00,2641.28,2644.94,2638.5,2642.13,3291.1796
2024-10-19 19:00:00,2642.13,2646.52,2638.73,2641.34,2292.5806
2024-10-19 20:00:00,2641.34,2649.07,2640.89,2645.0,2103.71
2024-10-19 21:00:00,2645.0,2649.8,2643.3,2643.31,2567.0498
2024-10-19 22:00:00,2643.31,2653.56,2641.2,2650.8,3813.5347
2024-10-19 23:00:00,2650.81,2655.5,2647.33,2648.2,4431.5926
2024-10-20 00:00:00,2648.2,2653.56,2641.9,2642.49,4760.3974
2024-10-20 01:00:00,2642.49,2643.6,2638.22,2640.33,3733.4204
2024-10-20 02:00:00,2640.34,2645.81,2636.53,2639.19,3963.4414
2024-10-20 03:00:00,2639.19,2641.95,2635.54,2640.25,4402.8115
2024-10-20 04:00:00,2640.26,2646.78,2638.49,2641.79,3225.3912
2024-10-20 05:00:00,2641.79,2646.32,2639.8,2640.29,3522.4308
2024-10-20 06:00:00,2640.3,2652.03,2638.45,2650.79,5164.1622
2024-10-20 07:00:00,2650.78,2650.8,2645.0,2646.1,4453.2396
2024-10-20 08:00:00,2646.1,2651.49,2643.13,2646.42,4237.3679
2024-10-20 09:00:00,2646.43,2649.96,2643.56,2648.63,2791.5015
2024-10-20 10:00:00,2648.63,2651.02,2645.99,2646.06,2748.5504
2024-10-20 11:00:00,2646.07,2650.77,2646.07,2649.49,2918.7776
2024-10-20 12:00:00,2649.5,2655.28,2644.0,2644.65,7060.5459
2024-10-20 13:00:00,2644.65,2662.0,2642.0,2660.99,10017.0278
2024-10-20 14:00:00,2661.0,2721.0,2660.99,2711.01,63252.3535
2024-10-20 15:00:00,2711.0,2714.0,2685.26,2706.58,20255.0204
2024-10-20 16:00:00,2706.58,2709.77,2692.0,2692.37,11502.9439
2024-10-20 17:00:00,2692.38,2698.24,2686.25,2694.83,9311.2889
2024-10-20 18:00:00,2694.84,2706.31,2694.84,2702.13,6208.1827
2024-10-20 19:00:00,2702.14,2702.87,2692.48,2699.86,4692.3395
2024-10-20 20:00:00,2699.87,2717.98,2697.03,2711.53,6978.9742
2024-10-20 21:00:00,2711.54,2719.13,2704.88,2715.46,19246.136
2024-10-20 22:00:00,2715.46,2759.0,2714.5,2747.42,40221.0381
2024-10-20 23:00:00,2747.41,2754.48,2741.07,2746.91,12243.402
2024-10-21 00:00:00,2746.91,2769.48,2742.05,2746.25,20302.2987
2024-10-21 01:00:00,2746.24,2761.13,2742.44,2745.54,16255.8996
2024-10-21 02:00:00,2745.55,2748.54,2728.44,2731.19,19853.1878
2024-10-21 03:00:00,2731.19,2738.15,2725.3,2733.81,8867.8532
2024-10-21 04:00:00,2733.81,2739.55,2727.79,2738.5,9778.1295
2024-10-21 05:00:00,2738.51,2744.24,2733.3,2735.11,7932.7453
2024-10-21 06:00:00,2735.1,2742.76,2724.4,2727.57,8782.9427
2024-10-21 07:00:00,2727.57,2734.0,2721.62,2722.01,9992.3881
2024-10-21 08:00:00,2722.01,2729.2,2714.39,2715.4,14062.4534
2024-10-21 09:00:00,2715.4,2720.66,2701.41,2712.96,16986.2903
2024-10-21 10:00:00,2712.97,2717.11,2705.0,2705.62,8969.8469
2024-10-21 11:00:00,2705.62,2713.4,2702.0,2704.77,6360.8707
2024-10-21 12:00:00,2704.77,2711.36,2688.21,2697.86,12790.5093
2024-10-21 13:00:00,2697.85,2700.3,2662.81,2672.05,38149.7062
2024-10-21 14:00:00,2672.05,2685.46,2659.12,2672.22,24965.8128
2024-10-21 15:00:00,2672.22,2679.99,2659.54,2679.43,15008.2295
2024-10-21 16:00:00,2679.43,2679.5,2655.01,2671.57,13364.8166
2024-10-21 17:00:00,2671.56,2683.72,2671.01,2672.71,12713.7473
2024-10-21 18:00:00,2672.72,2673.75,2658.4,2666.53,10545.4111
2024-10-21 19:00:00,2666.54,2684.79,2666.53,2680.1,9807.9634
2024-10-21 20:00:00,2680.1,2681.68,2672.5,2676.06,6605.4218
2024-10-21 21:00:00,2676.07,2681.86,2672.56,2675.67,3523.2141
2024-10-21 22:00:00,2675.67,2685.02,2673.0,2677.31,8466.0988
2024-10-21 23:00:00,2677.31,2677.31,2665.69,2666.7,6588.8861
2024-10-22 00:00:00,2666.71,2671.92,2613.49,2638.1,43986.225
2024-10-22 01:00:00,2638.1,2650.0,2626.99,2647.14,13707.0113
2024-10-22 02:00:00,2647.13,2656.86,2633.4,2636.79,10325.7483
2024-10-22 03:00:00,2636.79,2646.0,2635.1,2644.56,6863.1326
2024-10-22 04:00:00,2644.56,2644.56,2635.21,2640.27,5375.0755
2024-10-22 05:00:00,2640.26,2650.98,2638.34,2646.45,6658.6577
2024-10-22 06:00:00,2646.45,2659.39,2646.45,2653.91,9363.5866
2024-10-22 07:00:00,2653.9,2658.34,2645.8,2646.79,7065.7769
2024-10-22 08:00:00,2646.8,2649.19,2628.2,2630.02,12766.5007
2024-10-22 09:00:00,2630.03,2634.48,2613.2,2622.51,16267.6475
2024-10-22 10:00:00,2622.5,2634.98,2620.0,2632.76,8362.1852
2024-10-22 11:00:00,2632.75,2640.52,2631.62,2632.9,8128.598
2024-10-22 12:00:00,2632.89,2645.5,2618.09,2622.42,12222.9337
2024-10-22 13:00:00,2622.42,2633.91,2606.56,2621.4,15041.1626
2024-10-22 14:00:00,2621.39,2641.37,2614.4,2638.95,22981.6744
2024-10-22 15:00:00,2638.96,2642.0,2615.5,2624.33,15334.7931
2024-10-22 16:00:00,2624.33,2627.74,2607.2,2607.69,11388.8217
2024-10-22 17:00:00,2607.69,2628.09,2607.0,2624.99,9126.754
2024-10-22 18:00:00,2624.98,2631.82,2621.12,2622.41,5663.1928
2024-10-22 19:00:00,2622.41,2633.82,2621.5,2628.01,4347.8705
2024-10-22 20:00:00,2628.01,2635.21,2626.32,2634.01,3618.2466
2024-10-22 21:00:00,2634.0,2636.5,2630.16,2634.37,3275.7363
2024-10-22 22:00:00,2634.36,2644.1,2632.09,2635.83,8499.6159
2024-10-22 23:00:00,2635.82,2638.78,2618.21,2622.81,5376.7661
2024-10-23 00:00:00,2622.81,2628.2,2611.92,2614.09,7051.0419
2024-10-23 01:00:00,2614.09,2625.43,2613.81,2624.16,4605.2281
2024-10-23 02:00:00,2624.14,2624.5,2610.37,2613.19,5899.9324
2024-10-23 03:00:00,2613.18,2617.75,2601.18,2616.5,10813.8312
2024-10-23 04:00:00,2616.49,2619.91,2610.07,2617.25,6008.5439
2024-10-23 05:00:00,2617.25,2619.66,2610.0,2614.99,4193.7881
2024-10-23 06:00:00,2614.99,2624.68,2610.9,2612.2,7421.7242
2024-10-23 07:00:00,2612.2,2616.45,2602.63,2602.81,7536.7634
2024-10-23 08:00:00,2602.81,2611.52,2571.57,2576.6,28953.3363
2024-10-23 09:00:00,2576.59,2582.75,2563.73,2580.03,16240.2066
2024-10-23 10:00:00,2580.03,2588.8,2578.22,2581.56,5780.3948
2024-10-23 11:00:00,2581.56,2587.56,2578.0,2580.93,6472.4263
2024-10-23 12:00:00,2580.94,2583.37,2556.8,2571.6,18103.1404
2024-10-23 13:00:00,2571.6,2587.4,2568.49,2581.99,10835.8364
2024-10-23 14:00:00,2581.99,2582.8,2560.6,2563.69,15228.2446
2024-10-23 15:00:00,2563.68,2565.0,2529.66,2540.22,38369.3366
2024-10-23 16:00:00,2540.21,2542.56,2485.71,2492.21,45077.7362
2024-10-23 17:00:00,2492.22,2512.25,2485.0,2496.1,24126.4565
2024-10-23 18:00:00,2496.1,2497.17,2450.0,2491.32,38090.6083
2024-10-23 19:00:00,2491.32,2515.48,2488.75,2512.51,19831.6835
2024-10-23 20:00:00,2512.51,2518.94,2506.49,2515.49,10950.2568
2024-10-23 21:00:00,2515.49,2515.8,2502.0,2504.76,6054.3078
2024-10-23 22:00:00,2504.75,2515.2,2503.5,2510.61,6868.7762
2024-10-23 23:00:00,2510.61,2528.49,2508.55,2524.61,8134.1081
2024-10-24 00:00:00,2524.6,2550.0,2508.98,2549.48,16371.7781
2024-10-24 01:00:00,2549.49,2560.75,2537.58,2545.35,15914.1694
2024-10-24 02:00:00,2545.35,2557.9,2540.0,2556.07,10751.7396
2024-10-24 03:00:00,2556.07,2559.59,2544.8,2544.8,8406.9184
2024-10-24 04:00:00,2544.8,2555.32,2540.38,2553.38,9536.9795
2024-10-24 05:00:00,2553.39,2559.48,2551.67,2557.13,16418.5919
2024-10-24 06:00:00,2557.11,2562.65,2547.11,2548.5,14829.9636
2024-10-24 07:00:00,2548.49,2555.25,2543.07,2544.76,9301.4637
2024-10-24 08:00:00,2544.76,2551.4,2518.1,2519.39,14161.4697
2024-10-24 09:00:00,2519.4,2528.63,2508.8,2520.87,15034.6768
2024-10-24 10:00:00,2520.87,2534.96,2520.5,2525.99,6932.8062
2024-10-24 11:00:00,2525.99,2533.2,2521.69,2529.47,6018.9542
2024-10-24 12:00:00,2529.47,2539.73,2526.35,2530.4,12186.3491
2024-10-24 13:00:00,2530.4,2545.75,2525.23,2536.21,19439.409
2024-10-24 14:00:00,2536.21,2537.71,2513.4,2525.07,23662.8767
2024-10-24 15:00:00,2525.07,2536.0,2520.25,2525.84,17328.8063
2024-10-24 16:00:00,2525.8,2530.0,2507.31,2518.36,12392.12
2024-10-24 17:00:00,2518.37,2527.59,2510.5,2521.42,7987.3844
2024-10-24 18:00:00,2521.41,2532.4,2520.24,2527.01,10157.8799
2024-10-24 19:00:00,2527.0,2541.91,2522.42,2539.96,9926.2925
2024-10-24 20:00:00,2539.97,2540.49,2526.6,2537.88,8039.6679
2024-10-24 21:00:00,2537.88,2560.0,2537.17,2538.78,14622.5502
2024-10-24 22:00:00,2538.78,2547.66,2530.7,2533.22,7329.7623
2024-10-24 23:00:00,2533.22,2537.28,2529.44,2535.82,4099.1748
2024-10-25 00:00:00,2535.82,2538.53,2520.99,2525.11,6864.4986
2024-10-25 01:00:00,2525.09,2527.22,2514.57,2519.5,6079.8624
2024-10-25 02:00:00,2519.49,2524.8,2509.89,2522.4,6759.621
2024-10-25 03:00:00,2522.4,2532.06,2520.2,2521.73,7881.163
2024-10-25 04:00:00,2521.73,2522.55,2488.8,2492.53,21269.79
2024-10-25 05:00:00,2492.52,2501.9,2485.86,2494.91,11181.394
2024-10-25 06:00:00,2494.92,2500.39,2488.42,2490.94,7835.3363
2024-10-25 07:00:00,2490.94,2496.91,2462.06,2484.07,23462.845
2024-10-25 08:00:00,2484.07,2519.41,2478.37,2517.49,26006.0811
2024-10-25 09:00:00,2517.49,2543.32,2515.23,2539.23,31786.2577
2024-10-25 10:00:00,2539.24,2545.0,2531.34,2542.25,10957.2079
2024-10-25 11:00:00,2542.25,2547.0,2537.18,2545.13,10268.4169
2024-10-25 12:00:00,2545.13,2553.5,2536.56,2538.14,12184.7155
2024-10-25 13:00:00,2538.14,2556.32,2525.1,2551.93,18872.2677
2024-10-25 14:00:00,2551.93,2566.33,2536.01,2544.79,25916.4777
2024-10-25 15:00:00,2544.79,2557.43,2508.71,2524.86,26793.6572
2024-10-25 16:00:00,2524.86,2536.7,2511.65,2531.63,15344.2703
2024-10-25 17:00:00,2531.64,2535.49,2480.36,2486.64,24186.134
2024-10-25 18:00:00,2486.64,2513.69,2455.6,2482.9,53121.1873
2024-10-25 19:00:00,2482.91,2489.08,2471.42,2476.1,22144.2476
2024-10-25 20:00:00,2476.11,2491.72,2467.44,2480.29,23739.2851
2024-10-25 21:00:00,2480.3,2495.69,2478.0,2494.99,7816.5739
2024-10-25 22:00:00,2494.99,2496.59,2463.2,2464.2,13409.109
2024-10-25 23:00:00,2464.21,2466.72,2382.59,2440.62,100919.483
2024-10-26 00:00:00,2440.63,2450.83,2430.12,2443.75,26841.0272
2024-10-26 01:00:00,2443.76,2448.6,2435.21,2442.88,12243.9794
2024-10-26 02:00:00,2442.88,2458.0,2432.72,2445.02,11802.774
2024-10-26 03:00:00,2445.01,2457.49,2439.23,2452.27,8278.6214
2024-10-26 04:00:00,2452.27,2461.5,2451.4,2460.11,8622.9593
2024-10-26 05:00:00,2460.11,2475.0,2459.8,2471.71,11323.3082
2024-10-26 06:00:00,2471.7,2479.7,2463.67,2473.54,10518.2059
2024-10-26 07:00:00,2473.54,2475.92,2464.19,2465.61,9051.1825
2024-10-26 08:00:00,2465.62,2474.7,2464.4,2471.2,6925.4667
2024-10-26 09:00:00,2471.2,2478.99,2465.0,2465.56,12933.1505
2024-10-26 10:00:00,2465.57,2474.64,2465.33,2469.13,6041.2036
2024-10-26 11:00:00,2469.12,2475.43,2463.23,2472.98,9746.7533
2024-10-26 12:00:00,2472.98,2478.8,2471.23,2471.59,8709.5423
2024-10-26 13:00:00,2471.58,2476.32,2464.24,2465.75,9708.216
2024-10-26 14:00:00,2465.64,2467.89,2442.2,2446.85,22463.8741
2024-10-26 15:00:00,2446.85,2462.49,2443.4,2457.59,13192.8825
2024-10-26 16:00:00,2457.6,2475.6,2455.77,2471.75,11157.0969
2024-10-26 17:00:00,2471.76,2483.35,2471.2,2479.29,11017.5249
2024-10-26 18:00:00,2479.3,2487.34,2477.63,2480.86,6722.421
2024-10-26 19:00:00,2480.86,2488.14,2480.71,2486.68,6333.3393
2024-10-26 20:00:00,2486.68,2508.0,2484.41,2490.81,13014.4786
2024-10-26 21:00:00,2490.81,2493.6,2485.52,2488.7,5705.8688
2024-10-26 22:00:00,2488.7,2491.38,2486.1,2486.77,3062.569
2024-10-26 23:00:00,2486.77,2488.23,2481.9,2482.51,3308.3859
2024-10-27 00:00:00,2482.51,2483.55,2474.6,2476.44,4717.1123
2024-10-27 01:00:00,2476.45,2481.11,2470.71,2477.81,3227.3805
2024-10-27 02:00:00,2477.8,2480.75,2472.22,2473.05,3128.0762
2024-10-27 03:00:00,2473.04,2484.89,2469.52,2484.64,4616.1931
2024-10-27 04:00:00,2484.65,2486.84,2478.42,2480.0,4614.6669
2024-10-27 05:00:00,2480.0,2485.46,2479.01,2482.39,3248.2852
2024-10-27 06:00:00,2482.38,2482.39,2477.98,2480.18,2809.5032
2024-10-27 07:00:00,2480.18,2483.87,2479.7,2481.26,2343.847
2024-10-27 08:00:00,2481.25,2484.4,2475.68,2475.68,4750.112
2024-10-27 09:00:00,2475.68,2475.72,2466.43,2471.82,8114.2083
2024-10-27 10:00:00,2471.81,2474.6,2465.96,2467.92,3402.6328
2024-10-27 11:00:00,2467.93,2472.42,2464.13,2469.86,3887.667
2024-10-27 12:00:00,2469.86,2483.0,2469.75,2476.16,5969.562
2024-10-27 13:00:00,2476.15,2503.98,2475.73,2484.79,18897.2453
2024-10-27 14:00:00,2484.79,2494.73,2482.12,2493.61,5434.4147
2024-10-27 15:00:00,2493.61,2505.82,2491.4,2501.97,7076.4992
2024-10-27 16:00:00,2501.98,2507.16,2492.24,2501.73,7098.7409
2024-10-27 17:00:00,2501.73,2511.7,2496.3,2497.72,7881.3823
2024-10-27 18:00:00,2497.71,2498.57,2486.22,2487.78,4375.6383
2024-10-27 19:00:00,2487.78,2496.45,2486.0,2494.59,3194.4655
2024-10-27 20:00:00,2494.58,2496.91,2491.56,2492.03,2833.4845
2024-10-27 21:00:00,2492.02,2521.83,2490.83,2511.61,8842.8624
2024-10-27 22:00:00,2511.62,2527.99,2511.62,2514.49,9825.0506
2024-10-27 23:00:00,2514.5,2523.4,2506.49,2507.8,7291.8534
2024-10-28 00:00:00,2507.8,2512.53,2498.48,2499.72,8296.7012
2024-10-28 01:00:00,2499.71,2504.09,2491.8,2492.0,5177.6491
2024-10-28 02:00:00,2492.0,2495.78,2488.2,2490.0,5124.5358
2024-10-28 03:00:00,2490.01,2495.27,2471.67,2477.71,10303.4526
2024-10-28 04:00:00,2477.7,2486.41,2473.2,2486.29,7648.3768
2024-10-28 05:00:00,2486.29,2490.79,2474.6,2486.53,5735.6652
2024-10-28 06:00:00,2486.53,2491.79,2482.38,2491.78,5274.9188
2024-10-28 07:00:00,2491.78,2527.0,2491.03,2511.77,20875.4908
2024-10-28 08:00:00,2511.77,2521.25,2509.69,2512.99,7397.5192
2024-10-28 09:00:00,2513.0,2542.62,2505.18,2542.3,16280.5353
2024-10-28 10:00:00,2542.3,2544.74,2529.49,2531.35,18901.7038
2024-10-28 11:00:00,2531.35,2532.44,2525.88,2527.12,8086.0237
2024-10-28 12:00:00,2527.12,2536.6,2517.15,2526.92,14937.7842
2024-10-28 13:00:00,2526.85,2533.5,2511.97,2513.77,18154.5327
2024-10-28 14:00:00,2513.77,2536.34,2509.05,2525.95,24079.3793
2024-10-28 15:00:00,2525.95,2526.33,2498.46,2501.02,16608.3981
2024-10-28 16:00:00,2501.01,2516.4,2494.21,2505.01,14572.5058
2024-10-28 17:00:00,2505.01,2515.5,2488.0,2501.27,20579.6942
2024-10-28 18:00:00,2501.27,2512.49,2489.1,2505.6,12395.2981
2024-10-28 19:00:00,2505.6,2524.3,2498.0,2506.7,29622.4558
2024-10-28 20:00:00,2506.7,2517.08,2505.01,2516.94,8146.2758
2024-10-28 21:00:00,2516.94,2548.47,2515.56,2544.23,21127.445
2024-10-28 22:00:00,2544.23,2589.67,2544.23,2568.79,48886.1628
2024-10-28 23:00:00,2568.78,2578.05,2563.03,2567.48,12392.8229
2024-10-29 00:00:00,2567.49,2586.89,2561.2,2583.19,14704.3099
2024-10-29 01:00:00,2583.19,2596.4,2577.68,2583.07,18955.607
2024-10-29 02:00:00,2583.07,2631.66,2579.3,2612.83,62539.6015
2024-10-29 03:00:00,2612.82,2623.57,2605.2,2607.75,17034.9969
2024-10-29 04:00:00,2607.75,2621.71,2607.75,2621.59,13016.6199
2024-10-29 05:00:00,2621.59,2626.49,2614.98,2617.71,12965.424
2024-10-29 06:00:00,2617.72,2624.49,2617.34,2620.9,9877.9449
2024-10-29 07:00:00,2620.9,2621.87,2609.09,2613.3,11738.2163
2024-10-29 08:00:00,2613.29,2630.2,2612.81,2621.82,11940.4115
2024-10-29 09:00:00,2621.82,2627.89,2620.01,2624.39,11358.6601
2024-10-29 10:00:00,2624.39,2638.8,2619.63,2631.46,14992.3005
2024-10-29 11:00:00,2631.46,2635.0,2623.85,2631.59,9192.8463
2024-10-29 12:00:00,2631.59,2634.15,2616.2,2618.01,10580.1994
2024-10-29 13:00:00,2618.0,2638.69,2611.33,2637.31,19553.4531
2024-10-29 14:00:00,2637.3,2645.41,2618.0,2630.62,22765.8293
2024-10-29 15:00:00,2630.62,2650.99,2622.8,2648.52,23856.3052
2024-10-29 16:00:00,2648.51,2673.64,2642.46,2669.41,32962.5104
2024-10-29 17:00:00,2669.41,2681.86,2654.63,2655.98,28326.4758
2024-10-29 18:00:00,2655.98,2666.99,2644.61,2666.09,21210.5233
2024-10-29 19:00:00,2666.09,2674.79,2623.22,2624.74,35682.4739
2024-10-29 20:00:00,2624.74,2629.05,2606.82,2620.67,22617.7765
2024-10-29 21:00:00,2620.67,2629.99,2616.99,2622.53,9047.6754
2024-10-29 22:00:00,2622.52,2648.25,2620.51,2636.63,10322.9656
2024-10-29 23:00:00,2636.64,2640.0,2630.6,2638.8,6672.5758
2024-10-30 00:00:00,2638.8,2641.5,2615.47,2620.41,15727.4054
2024-10-30 01:00:00,2620.41,2627.58,2599.66,2625.5,17014.2293
2024-10-30 02:00:00,2625.5,2641.6,2623.68,2627.6,10569.3321
2024-10-30 03:00:00,2627.6,2651.42,2627.17,2641.7,15340.4999
2024-10-30 04:00:00,2641.71,2646.65,2636.2,2640.42,7054.0214
2024-10-30 05:00:00,2640.42,2654.64,2640.41,2652.9,18559.1548
2024-10-30 06:00:00,2652.9,2684.21,2652.9,2657.4,18275.6403
2024-10-30 07:00:00,2657.39,2673.68,2657.39,2668.6,12203.8141
2024-10-30 08:00:00,2668.6,2682.26,2661.51,2662.95,12936.3349
2024-10-30 09:00:00,2662.94,2693.73,2662.26,2692.19,19394.0339
2024-10-30 10:00:00,2692.19,2696.5,2679.97,2682.21,21279.5848
2024-10-30 11:00:00,2682.21,2682.61,2657.09,2659.18,19804.8012
2024-10-30 12:00:00,2659.18,2692.66,2653.03,2686.08,27899.3028
2024-10-30 13:00:00,2686.07,2702.65,2671.34,2696.76,38682.7778
2024-10-30 14:00:00,2696.75,2722.3,2696.2,2709.49,50807.6086
2024-10-30 15:00:00,2709.5,2713.0,2671.1,2683.08,32102.8714
2024-10-30 16:00:00,2683.07,2696.22,2674.61,2688.0,14125.0108
2024-10-30 17:00:00,2688.0,2688.0,2660.0,2674.0,14327.0701
2024-10-30 18:00:00,2674.01,2682.5,2663.22,2666.62,12313.7433
2024-10-30 19:00:00,2666.61,2668.47,2653.26,2655.0,10993.013
2024-10-30 20:00:00,2655.0,2679.5,2635.52,2679.49,37982.7966
2024-10-30 21:00:00,2679.49,2686.13,2644.74,2660.11,16987.5022
2024-10-30 22:00:00,2660.11,2667.78,2648.87,2659.79,9645.3375
2024-10-30 23:00:00,2659.79,2670.28,2656.78,2659.19,6601.2398
2024-10-31 00:00:00,2659.19,2665.6,2655.2,2658.56,7404.9297
2024-10-31 01:00:00,2658.56,2669.0,2637.63,2663.03,14795.5611
2024-10-31 02:00:00,2663.02,2667.47,2649.0,2663.17,10484.8646
2024-10-31 03:00:00,2663.17,2667.16,2653.8,2657.0,12060.1085
2024-10-31 04:00:00,2657.0,2657.99,2642.99,2646.27,9011.3895
2024-10-31 05:00:00,2646.27,2653.8,2644.0,2649.95,5706.5563
2024-10-31 06:00:00,2649.95,2650.99,2632.35,2638.49,8039.2568
2024-10-31 07:00:00,2638.49,2648.8,2631.63,2646.8,7737.2133
2024-10-31 08:00:00,2646.79,2647.5,2625.26,2636.59,11870.4616
2024-10-31 09:00:00,2636.6,2643.63,2634.64,2635.09,8112.247
2024-10-31 10:00:00,2635.09,2646.89,2625.61,2646.61,15348.6612
2024-10-31 11:00:00,2646.6,2648.5,2630.61,2638.81,14454.01
2024-10-31 12:00:00,2638.82,2641.0,2628.65,2638.78,11507.6094
2024-10-31 13:00:00,2638.78,2639.68,2596.14,2602.84,30562.8481
2024-10-31 14:00:00,2602.83,2603.28,2541.23,2555.8,66724.6862
2024-10-31 15:00:00,2555.81,2576.46,2549.74,2562.86,30095.7319
2024-10-31 16:00:00,2562.86,2564.09,2546.02,2552.89,20457.5249
2024-10-31 17:00:00,2552.89,2561.0,2523.15,2542.49,23602.4282
2024-10-31 18:00:00,2542.49,2542.93,2506.3,2525.19,30660.9699
2024-10-31 19:00:00,2525.18,2531.86,2511.6,2514.33,11456.8286
2024-10-31 20:00:00,2514.34,2528.35,2503.0,2520.82,19981.5899
2024-10-31 21:00:00,2520.82,2527.5,2515.49,2525.05,9532.3752
2024-10-31 22:00:00,2525.05,2525.72,2506.55,2521.62,11803.533
2024-10-31 23:00:00,2521.61,2530.07,2514.2,2518.61,12015.8168
2024-11-01 00:00:00,2518.61,2533.25,2517.21,2524.61,9848.7794
2024-11-01 01:00:00,2524.6,2530.79,2495.42,2501.51,26614.1728
2024-11-01 02:00:00,2501.5,2512.63,2467.67,2510.01,40134.1753
2024-11-01 03:00:00,2510.01,2519.84,2498.32,2503.2,10094.2052
2024-11-01 04:00:00,2503.2,2516.2,2501.5,2513.35,5239.7244
2024-11-01 05:00:00,2513.36,2515.0,2507.6,2510.29,7313.1269
2024-11-01 06:00:00,2510.29,2513.4,2500.11,2500.4,11657.4784
2024-11-01 07:00:00,2500.39,2507.9,2485.35,2504.12,19518.0045
2024-11-01 08:00:00,2504.12,2515.48,2494.55,2501.03,14829.17
2024-11-01 09:00:00,2501.03,2513.55,2498.62,2510.82,8868.8199
2024-11-01 10:00:00,2510.82,2524.89,2509.22,2518.74,18157.093
2024-11-01 11:00:00,2518.75,2525.8,2515.43,2515.44,8479.1852
2024-11-01 12:00:00,2515.44,2543.14,2514.69,2536.8,22421.6351
2024-11-01 13:00:00,2536.8,2575.68,2530.1,2573.99,30193.4227
2024-11-01 14:00:00,2573.99,2586.8,2551.02,2561.82,43103.046
2024-11-01 15:00:00,2561.81,2565.0,2481.68,2500.03,52382.9551
2024-11-01 16:00:00,2500.02,2538.58,2498.64,2518.4,31051.0884
2024-11-01 17:00:00,2518.4,2530.58,2507.49,2513.6,14366.7345
2024-11-01 18:00:00,2513.6,2517.62,2505.8,2508.39,10750.8032
2024-11-01 19:00:00,2508.39,2517.48,2495.2,2514.49,14648.5301
2024-11-01 20:00:00,2514.5,2527.46,2512.15,2520.61,8483.4089
2024-11-01 21:00:00,2520.61,2520.79,2485.05,2505.9,12775.6429
2024-11-01 22:00:00,2505.9,2514.18,2503.99,2513.23,4818.1043
2024-11-01 23:00:00,2513.22,2517.33,2510.25,2511.49,4499.8011
2024-11-02 00:00:00,2511.49,2520.0,2510.61,2515.98,4645.7606
2024-11-02 01:00:00,2515.98,2520.0,2511.22,2514.8,3723.8564
2024-11-02 02:00:00,2514.8,2523.45,2511.86,2511.86,7203.9834
2024-11-02 03:00:00,2511.87,2515.4,2501.0,2506.7,8286.9829
2024-11-02 04:00:00,2506.71,2509.0,2502.0,2505.31,3308.2346
2024-11-02 05:00:00,2505.31,2513.65,2499.59,2513.0,4326.1897
2024-11-02 06:00:00,2513.0,2513.87,2505.3,2511.86,3440.5361
2024-11-02 07:00:00,2511.86,2512.15,2505.48,2507.35,4768.312
2024-11-02 08:00:00,2507.34,2510.3,2495.0,2496.0,7274.3128
2024-11-02 09:00:00,2495.99,2505.0,2491.2,2497.23,5726.1987
2024-11-02 10:00:00,2497.22,2502.64,2492.89,2502.21,4233.1426
2024-11-02 11:00:00,2502.2,2506.32,2499.5,2502.13,3319.0207
2024-11-02 12:00:00,2502.14,2504.5,2483.2,2488.33,10579.841
2024-11-02 13:00:00,2488.33,2498.79,2470.0,2480.29,23065.5094
2024-11-02 14:00:00,2480.29,2490.39,2476.0,2490.28,14672.004
2024-11-02 15:00:00,2490.27,2492.25,2478.1,2488.79,7254.8178
2024-11-02 16:00:00,2488.78,2497.73,2482.68,2494.7,4857.9733
2024-11-02 17:00:00,2494.71,2495.2,2480.0,2485.9,6721.1331
2024-11-02 18:00:00,2485.89,2491.58,2479.3,2487.29,4489.0147
2024-11-02 19:00:00,2487.29,2494.53,2485.55,2493.02,2542.6861
2024-11-02 20:00:00,2493.01,2496.76,2491.4,2495.6,3707.7868
2024-11-02 21:00:00,2495.59,2496.6,2491.8,2493.81,2117.0363
2024-11-02 22:00:00,2493.81,2497.89,2490.3,2491.45,2795.2978
2024-11-02 23:00:00,2491.44,2494.37,2485.1,2494.23,2901.4992
2024-11-03 00:00:00,2494.23,2496.39,2483.01,2483.01,3501.2172
2024-11-03 01:00:00,2483.0,2486.78,2470.78,2471.83,7628.9225
2024-11-03 02:00:00,2471.82,2477.2,2426.5,2434.6,40603.4683
2024-11-03 03:00:00,2434.59,2452.53,2421.29,2449.59,15337.1407
2024-11-03 04:00:00,2449.6,2463.83,2448.29,2455.54,7221.0529
2024-11-03 05:00:00,2455.53,2458.02,2441.1,2442.54,6018.0072
2024-11-03 06:00:00,2442.53,2462.84,2442.04,2456.41,5831.9415
2024-11-03 07:00:00,2456.41,2459.13,2449.38,2450.03,4959.4769
2024-11-03 08:00:00,2450.03,2462.64,2443.94,2459.04,19526.537
2024-11-03 09:00:00,2459.05,2460.06,2447.22,2449.6,7689.6514
2024-11-03 10:00:00,2449.61,2461.52,2449.6,2457.38,4365.6041
2024-11-03 11:00:00,2457.37,2462.37,2451.68,2454.47,5217.5427
2024-11-03 12:00:00,2454.47,2460.6,2452.44,2454.8,3674.0039
2024-11-03 13:00:00,2454.8,2457.49,2430.5,2434.85,12483.3687
2024-11-03 14:00:00,2434.86,2439.53,2418.0,2425.12,24103.841
2024-11-03 15:00:00,2425.13,2447.4,2413.38,2442.63,20684.2042
2024-11-03 16:00:00,2442.63,2459.53,2438.1,2442.78,16013.253
2024-11-03 17:00:00,2442.78,2453.92,2442.07,2447.16,9435.4238
2024-11-03 18:00:00,2447.17,2449.2,2411.0,2425.01,17894.1686
2024-11-03 19:00:00,2425.0,2453.73,2423.8,2452.89,9564.3696
2024-11-03 20:00:00,2452.89,2470.78,2447.4,2467.64,11375.8795
2024-11-03 21:00:00,2467.65,2475.52,2464.95,2470.0,9908.0736
2024-11-03 22:00:00,2470.0,2474.58,2457.36,2460.19,4178.6946
2024-11-03 23:00:00,2460.16,2460.36,2447.61,2457.73,8793.2768
2024-11-04 00:00:00,2457.73,2458.0,2434.99,2450.15,7320.3276
2024-11-04 01:00:00,2450.16,2474.77,2445.71,2466.4,10345.0695
2024-11-04 02:00:00,2466.4,2485.23,2462.53,2483.8,12908.8925
2024-11-04 03:00:00,2483.79,2491.39,2472.97,2473.76,6553.2106
2024-11-04 04:00:00,2473.77,2482.42,2471.2,2472.64,4992.6302
2024-11-04 05:00:00,2472.65,2473.93,2460.16,2462.45,4931.9902
2024-11-04 06:00:00,2462.45,2480.73,2462.45,2477.4,5039.1176
2024-11-04 07:00:00,2477.39,2479.7,2457.21,2459.67,7671.2966
2024-11-04 08:00:00,2459.68,2467.6,2451.48,2457.92,8613.4368
2024-11-04 09:00:00,2457.92,2464.87,2447.34,2457.61,6053.3758
2024-11-04 10:00:00,2457.62,2472.85,2455.44,2467.12,8122.6053
2024-11-04 11:00:00,2467.12,2478.0,2463.54,2470.2,5777.2586
2024-11-04 12:00:00,2470.2,2478.6,2466.65,2476.64,10416.0123
2024-11-04 13:00:00,2476.64,2486.0,2458.65,2458.92,10719.5036
2024-11-04 14:00:00,2458.93,2464.56,2445.4,2450.35,13921.4232
2024-11-04 15:00:00,2450.35,2454.94,2431.51,2442.6,21158.4131
2024-11-04 16:00:00,2442.6,2446.32,2407.91,2414.56,25881.7412
2024-11-04 17:00:00,2414.55,2429.12,2405.8,2424.99,21728.1177
2024-11-04 18:00:00,2424.99,2436.2,2417.92,2425.43,8810.325
2024-11-04 19:00:00,2425.43,2436.77,2425.2,2430.43,7012.3693
2024-11-04 20:00:00,2430.42,2432.08,2419.83,2422.7,7284.4951
2024-11-04 21:00:00,2422.71,2429.69,2357.59,2371.21,58057.9171
2024-11-04 22:00:00,2371.21,2414.4,2365.81,2406.2,20734.9822
2024-11-04 23:00:00,2406.2,2411.06,2392.24,2398.21,12262.4534
2024-11-05 00:00:00,2398.21,2410.8,2396.64,2401.01,14339.0381
2024-11-05 01:00:00,2401.01,2413.6,2380.74,2410.89,17088.4122
2024-11-05 02:00:00,2410.9,2415.8,2400.68,2405.28,7702.7522
2024-11-05 03:00:00,2405.29,2421.4,2405.0,2420.41,8814.6639
2024-11-05 04:00:00,2420.4,2434.24,2417.21,2428.88,6706.1133
2024-11-05 05:00:00,2428.89,2435.0,2423.96,2432.26,6947.5474
2024-11-05 06:00:00,2432.26,2433.59,2424.6,2430.16,6633.2297
2024-11-05 07:00:00,2430.16,2445.7,2422.0,2443.4,18656.1326
2024-11-05 08:00:00,2443.41,2445.46,2433.48,2442.5,9587.8818
2024-11-05 09:00:00,2442.5,2448.0,2435.22,2435.41,12450.4717
2024-11-05 10:00:00,2435.41,2439.54,2430.31,2435.5,6468.933
2024-11-05 11:00:00,2435.49,2443.3,2435.49,2440.63,7555.2147
2024-11-05 12:00:00,2440.63,2448.18,2435.52,2443.9,8104.6288
2024-11-05 13:00:00,2443.91,2445.86,2436.82,2442.1,8860.8352
2024-11-05 14:00:00,2442.1,2480.0,2438.61,2469.9,34243.8371
2024-11-05 15:00:00,2469.9,2473.6,2427.4,2441.19,38063.1643
2024-11-05 16:00:00,2441.2,2469.38,2437.8,2462.4,21602.7905
2024-11-05 17:00:00,2462.4,2475.0,2451.27,2451.43,14360.419
2024-11-05 18:00:00,2451.44,2459.39,2446.59,2452.63,9179.1599
2024-11-05 19:00:00,2452.64,2455.0,2401.3,2408.4,26186.4026
2024-11-05 20:00:00,2408.39,2436.82,2401.7,2426.58,22217.6207
2024-11-05 21:00:00,2426.58,2429.65,2413.05,2415.45,7408.834
2024-11-05 22:00:00,2415.44,2435.27,2407.71,2434.79,7975.9106
2024-11-05 23:00:00,2434.79,2440.0,2420.24,2422.55,10465.2612
2024-11-06 00:00:00,2422.6,2494.03,2420.3,2484.9,37474.5972
2024-11-06 01:00:00,2484.91,2510.39,2470.42,2482.4,47630.5784
2024-11-06 02:00:00,2482.41,2577.68,2476.67,2568.3,63474.5676
2024-11-06 03:00:00,2568.31,2638.0,2563.76,2579.31,124616.5718
2024-11-06 04:00:00,2579.31,2604.52,2575.13,2583.3,60844.2977
2024-11-06 05:00:00,2583.3,2597.4,2561.0,2596.67,46546.5809
2024-11-06 06:00:00,2596.67,2623.71,2583.73,2583.95,60894.3097
2024-11-06 07:00:00,2583.95,2643.2,2583.43,2594.0,95121.6657
2024-11-06 08:00:00,2593.99,2606.76,2571.0,2605.79,56535.7013
2024-11-06 09:00:00,2605.79,2628.87,2604.49,2622.04,27963.0023
2024-11-06 10:00:00,2622.03,2630.44,2609.82,2623.73,19076.4697
2024-11-06 11:00:00,2623.73,2637.0,2617.54,2629.02,26432.6749
2024-11-06 12:00:00,2629.03,2648.0,2628.23,2633.38,29122.1228
2024-11-06 13:00:00,2633.38,2635.2,2608.0,2618.01,27810.1824
2024-11-06 14:00:00,2618.01,2643.0,2608.35,2613.79,37598.2285
2024-11-06 15:00:00,2613.8,2666.66,2611.0,2634.19,48142.5365
2024-11-06 16:00:00,2634.2,2665.0,2633.43,2656.17,23176.3634
2024-11-06 17:00:00,2656.11,2660.57,2643.32,2652.32,17027.1742
2024-11-06 18:00:00,2652.33,2678.79,2651.0,2677.39,19453.8319
2024-11-06 19:00:00,2677.39,2687.26,2658.48,2687.25,24489.8285
2024-11-06 20:00:00,2687.25,2700.0,2669.25,2689.6,33097.6045
2024-11-06 21:00:00,2689.6,2703.5,2682.55,2686.62,21233.5764
2024-11-06 22:00:00,2686.62,2744.7,2684.0,2735.31,30227.3198
2024-11-06 23:00:00,2735.31,2741.6,2711.58,2721.87,24151.5757
2024-11-07 00:00:00,2721.88,2725.7,2699.49,2725.7,21967.6637
2024-11-07 01:00:00,2725.7,2837.2,2723.8,2813.46,115907.1268
2024-11-07 02:00:00,2813.46,2877.43,2810.91,2871.8,48003.0113
2024-11-07 03:00:00,2871.81,2880.0,2836.46,2852.42,53232.2978
2024-11-07 04:00:00,2852.43,2855.0,2825.3,2838.75,27822.5343
2024-11-07 05:00:00,2838.74,2849.86,2833.41,2838.9,20488.2341
2024-11-07 06:00:00,2838.9,2839.2,2779.91,2802.51,39315.8176
2024-11-07 07:00:00,2802.5,2825.5,2796.5,2820.29,16495.9589
2024-11-07 08:00:00,2820.3,2830.0,2804.44,2821.29,18717.5014
2024-11-07 09:00:00,2821.29,2829.99,2816.26,2822.15,14599.2545
2024-11-07 10:00:00,2822.15,2822.15,2805.71,2818.32,14182.3917
2024-11-07 11:00:00,2818.33,2825.31,2790.0,2792.28,18355.242
2024-11-07 12:00:00,2792.28,2821.25,2790.2,2818.57,14710.3317
2024-11-07 13:00:00,2818.57,2822.97,2803.0,2805.0,16441.5217
2024-11-07 14:00:00,2805.0,2819.0,2776.0,2792.62,34614.3189
2024-11-07 15:00:00,2792.62,2849.0,2780.9,2847.49,34718.2763
2024-11-07 16:00:00,2847.5,2852.47,2823.75,2844.64,24528.7219
2024-11-07 17:00:00,2844.64,2871.57,2833.34,2860.99,30098.0353
2024-11-07 18:00:00,2861.0,2890.0,2837.4,2879.17,30141.3725
2024-11-07 19:00:00,2879.16,2893.8,2850.99,2885.0,37051.7055
2024-11-07 20:00:00,2885.0,2907.75,2876.43,2896.68,36926.9359
2024-11-07 21:00:00,2896.68,2916.11,2888.11,2890.85,29819.5708
2024-11-07 22:00:00,2890.84,2895.77,2864.25,2881.41,18197.0703
2024-11-07 23:00:00,2881.42,2902.5,2867.54,2895.47,14511.0575
2024-11-08 00:00:00,2895.47,2954.94,2895.4,2907.07,50486.3286
2024-11-08 01:00:00,2907.08,2928.21,2897.49,2922.41,32117.6717
2024-11-08 02:00:00,2922.42,2928.3,2886.4,2889.65,24983.1131
2024-11-08 03:00:00,2889.65,2909.0,2886.5,2902.42,18939.8191
2024-11-08 04:00:00,2902.42,2916.58,2900.0,2901.81,15380.1499
2024-11-08 05:00:00,2901.8,2924.2,2901.01,2924.19,16147.5021
2024-11-08 06:00:00,2924.19,2924.19,2904.25,2908.63,10401.7625
2024-11-08 07:00:00,2908.63,2919.8,2892.0,2911.96,28812.3201
2024-11-08 08:00:00,2911.88,2913.62,2893.33,2899.18,18586.3002
2024-11-08 09:00:00,2899.18,2918.0,2897.61,2913.59,14823.9923
2024-11-08 10:00:00,2913.58,2930.89,2903.0,2923.52,16647.3739
2024-11-08 11:00:00,2923.52,2926.93,2913.8,2914.39,12135.2487
2024-11-08 12:00:00,2914.4,2940.8,2910.11,2936.48,18078.7252
2024-11-08 13:00:00,2936.49,2952.8,2924.6,2946.81,23434.0058
2024-11-08 14:00:00,2946.81,2956.56,2909.09,2913.1,33520.8842
2024-11-08 15:00:00,2913.09,2946.25,2903.0,2937.04,35074.4124
2024-11-08 16:00:00,2937.03,2944.66,2905.31,2906.37,31977.9563
2024-11-08 17:00:00,2906.36,2925.75,2890.04,2919.5,26417.5645
2024-11-08 18:00:00,2919.5,2971.21,2915.51,2957.93,40001.7836
2024-11-08 19:00:00,2957.93,2981.69,2949.94,2949.96,28108.4493
2024-11-08 20:00:00,2949.96,2958.71,2925.16,2935.0,26573.4954
2024-11-08 21:00:00,2935.0,2944.74,2915.8,2942.0,20227.5931
2024-11-08 22:00:00,2942.0,2975.45,2940.63,2958.87,18935.4632
2024-11-08 23:00:00,2958.87,2962.43,2952.73,2961.75,7052.5198
2024-11-09 00:00:00,2961.75,2995.0,2954.56,2982.46,29219.739
2024-11-09 01:00:00,2982.45,2995.22,2975.61,2986.07,19966.1927
2024-11-09 02:00:00,2986.07,2987.08,2961.77,2975.99,19408.5425
2024-11-09 03:00:00,2975.88,2980.4,2962.2,2965.5,8363.7222
2024-11-09 04:00:00,2965.5,2973.9,2953.71,2972.32,12281.9858
2024-11-09 05:00:00,2972.31,3051.22,2969.01,3039.61,58506.1155
2024-11-09 06:00:00,3039.61,3058.77,3030.0,3036.47,39745.3782
2024-11-09 07:00:00,3036.47,3042.53,3020.41,3030.38,18497.4587
2024-11-09 08:00:00,3030.37,3034.5,3021.46,3025.61,16313.5364
2024-11-09 09:00:00,3025.61,3050.0,3025.28,3046.0,20580.0258
2024-11-09 10:00:00,3045.99,3055.88,3040.18,3048.87,18961.6607
2024-11-09 11:00:00,3048.88,3055.0,3044.61,3051.6,13815.0712
2024-11-09 12:00:00,3051.59,3054.17,3030.0,3031.08,15969.539
2024-11-09 13:00:00,3031.08,3052.6,3031.08,3046.73,11846.7777
2024-11-09 14:00:00,3046.72,3046.73,3028.4,3040.96,14995.6277
2024-11-09 15:00:00,3040.95,3049.0,3031.2,3040.88,10936.9409
2024-11-09 16:00:00,3040.85,3044.4,3019.15,3028.28,17817.3486
2024-11-09 17:00:00,3028.28,3036.71,2990.58,3036.71,29786.9806
2024-11-09 18:00:00,3036.72,3050.0,3031.65,3049.51,10666.9646
2024-11-09 19:00:00,3049.52,3094.55,3048.5,3070.39,40260.1152
2024-11-09 20:00:00,3070.4,3090.36,3065.56,3086.27,10243.3485
2024-11-09 21:00:00,3086.27,3087.0,3072.6,3076.97,8998.5187
2024-11-09 22:00:00,3076.97,3142.67,3073.13,3134.37,36580.2538
2024-11-09 23:00:00,3134.36,3157.4,3115.39,3126.21,42957.5772
2024-11-10 00:00:00,3126.2,3134.31,3112.0,3121.59,25010.6361
2024-11-10 01:00:00,3121.59,3123.0,3103.7,3119.24,21290.2186
2024-11-10 02:00:00,3119.24,3151.41,3118.77,3126.99,30116.3262
2024-11-10 03:00:00,3126.99,3144.27,3118.31,3134.82,16152.3877
2024-11-10 04:00:00,3134.82,3186.76,3129.97,3181.02,51762.4488
2024-11-10 05:00:00,3181.02,3216.47,3166.83,3180.4,78445.945
2024-11-10 06:00:00,3180.41,3182.4,3163.02,3178.65,33583.9562
2024-11-10 07:00:00,3178.65,3202.83,3178.65,3185.89,24352.9829
2024-11-10 08:00:00,3185.89,3190.99,3168.81,3182.59,17359.2721
2024-11-10 09:00:00,3182.6,3199.44,3180.5,3187.6,16226.1567
2024-11-10 10:00:00,3187.6,3212.58,3183.6,3200.26,29636.6443
2024-11-10 11:00:00,3200.27,3230.0,3191.93,3220.0,32899.1917
2024-11-10 12:00:00,3220.01,3236.64,3178.45,3195.06,44324.9471
2024-11-10 13:00:00,3195.06,3208.0,3191.0,3201.8,18574.3203
2024-11-10 14:00:00,3201.81,3209.0,3167.56,3195.41,35734.1496
2024-11-10 15:00:00,3195.42,3210.0,3185.5,3209.53,28229.6019
2024-11-10 16:00:00,3209.52,3222.0,3190.8,3212.0,26713.2403
2024-11-10 17:00:00,3212.0,3240.8,3205.57,3210.01,36725.0274
2024-11-10 18:00:00,3210.01,3248.52,3210.0,3218.26,40207.3502
2024-11-10 19:00:00,3218.26,3233.61,3150.0,3164.27,63965.1
2024-11-10 20:00:00,3164.27,3184.26,3115.21,3117.36,61713.0962
2024-11-10 21:00:00,3117.36,3186.14,3069.0,3169.33,61873.4308
2024-11-10 22:00:00,3169.34,3225.99,3148.18,3184.36,48659.7697
2024-11-10 23:00:00,3184.38,3195.47,3172.09,3183.21,21980.5324
2024-11-11 00:00:00,3183.2,3205.22,3174.47,3193.5,30108.1177
2024-11-11 01:00:00,3193.57,3221.8,3183.04,3199.2,21777.2148
2024-11-11 02:00:00,3199.2,3214.0,3192.0,3202.28,19060.9787
2024-11-11 03:00:00,3202.29,3202.94,3171.16,3195.07,23264.8303
2024-11-11 04:00:00,3195.08,3196.98,3164.48,3180.2,21772.1932
2024-11-11 05:00:00,3180.2,3184.0,3105.0,3129.62,39536.6198
2024-11-11 06:00:00,3129.62,3149.73,3117.32,3137.65,25171.5835
2024-11-11 07:00:00,3137.65,3146.05,3127.24,3140.16,17153.4923
2024-11-11 08:00:00,3140.16,3152.93,3132.1,3149.28,19840.6535
2024-11-11 09:00:00,3149.27,3185.4,3142.0,3173.99,23118.4467
2024-11-11 10:00:00,3174.0,3212.49,3170.58,3190.99,30472.4723
2024-11-11 11:00:00,3190.98,3204.07,3180.51,3197.79,18490.4278
2024-11-11 12:00:00,3197.79,3208.42,3152.36,3172.64,47946.2888
2024-11-11 13:00:00,3172.65,3176.96,3139.5,3152.19,28700.2871
2024-11-11 14:00:00,3152.19,3190.35,3144.69,3182.8,41504.7591
2024-11-11 15:00:00,3182.81,3256.4,3174.51,3236.98,84113.0724
2024-11-11 16:00:00,3236.97,3311.48,3233.63,3276.7,104305.6765
2024-11-11 17:00:00,3276.71,3323.05,3272.51,3294.2,57644.7134
2024-11-11 18:00:00,3294.29,3328.19,3270.75,3323.61,49413.2628
2024-11-11 19:00:00,3323.61,3346.4,3294.09,3300.2,53011.5146
2024-11-11 20:00:00,3300.21,3368.18,3291.69,3353.78,58221.1147
2024-11-11 21:00:00,3353.78,3365.92,3316.13,3323.49,58996.8003
2024-11-11 22:00:00,3323.49,3342.56,3280.0,3341.8,53896.3682
2024-11-11 23:00:00,3341.8,3387.61,3334.33,3371.59,72573.0779
2024-11-12 00:00:00,3371.59,3374.78,3248.42,3342.46,66001.5559
2024-11-12 01:00:00,3342.45,3345.77,3299.0,3317.99,39013.0853
2024-11-12 02:00:00,3317.99,3335.22,3281.08,3306.04,36695.5575
2024-11-12 03:00:00,3306.04,3338.0,3292.5,3335.6,34273.5885
2024-11-12 04:00:00,3335.59,3350.92,3314.98,3326.57,35136.1369
2024-11-12 05:00:00,3326.57,3347.72,3316.74,3329.01,25374.8904
2024-11-12 06:00:00,3329.01,3394.09,3321.31,3379.87,38700.9585
2024-11-12 07:00:00,3379.87,3383.44,3348.6,3368.72,30751.2891
2024-11-12 08:00:00,3368.72,3424.92,3361.55,3420.64,41716.3611
2024-11-12 09:00:00,3420.64,3442.5,3347.94,3358.53,66622.2457
2024-11-12 10:00:00,3358.54,3377.4,3207.67,3281.13,122005.7702
2024-11-12 11:00:00,3281.14,3315.05,3259.36,3282.42,50205.2854
2024-11-12 12:00:00,3282.41,3296.93,3225.0,3251.0,44176.8295
2024-11-12 13:00:00,3251.01,3274.0,3208.33,3261.54,56436.1332
2024-11-12 14:00:00,3261.53,3291.46,3230.0,3285.25,51892.874
2024-11-12 15:00:00,3285.26,3292.5,3250.32,3261.65,35791.6297
2024-11-12 16:00:00,3261.72,3272.29,3209.5,3253.0,42022.7353
2024-11-12 17:00:00,3253.0,3271.6,3226.03,3228.43,19439.5524
2024-11-12 18:00:00,3228.44,3288.55,3226.13,3282.41,24837.2281
2024-11-12 19:00:00,3282.41,3304.57,3270.63,3272.82,30933.9979
2024-11-12 20:00:00,3272.94,3304.78,3258.3,3286.0,21686.108
2024-11-12 21:00:00,3286.0,3291.82,3251.25,3278.24,20891.6148
2024-11-12 22:00:00,3278.24,3291.72,3253.32,3288.4,16460.1502
2024-11-12 23:00:00,3288.4,3288.4,3238.63,3243.8,22150.1509
2024-11-13 00:00:00,3243.79,3267.34,3222.22,3249.25,27945.6784
2024-11-13 01:00:00,3249.25,3285.52,3239.51,3271.01,36486.3603
2024-11-13 02:00:00,3271.01,3276.66,3206.9,3252.01,35129.6175
2024-11-13 03:00:00,3252.01,3258.2,3201.83,3207.99,30887.882
2024-11-13 04:00:00,3207.99,3230.19,3150.0,3190.06,54389.8206
2024-11-13 05:00:00,3190.06,3190.19,3129.8,3140.91,37630.3935
2024-11-13 06:00:00,3140.9,3156.25,3116.69,3126.96,35782.6937
2024-11-13 07:00:00,3126.97,3164.32,3126.14,3160.89,25690.7089
2024-11-13 08:00:00,3160.89,3182.35,3144.0,3158.75,22219.8762
2024-11-13 09:00:00,3158.74,3169.8,3140.75,3162.0,15496.8198
2024-11-13 10:00:00,3161.99,3168.79,3143.01,3167.62,21218.5049
2024-11-13 11:00:00,3167.61,3191.74,3163.7,3168.0,24758.3536
2024-11-13 12:00:00,3168.0,3178.39,3152.15,3164.4,16853.0571
2024-11-13 13:00:00,3164.41,3241.77,3155.11,3215.28,69417.3729
2024-11-13 14:00:00,3215.28,3328.53,3194.52,3320.2,102452.1542
2024-11-13 15:00:00,3320.19,3320.27,3261.29,3309.28,64401.4675
2024-11-13 16:00:00,3309.28,3331.0,3255.89,3285.0,61264.367
2024-11-13 17:00:00,3285.01,3304.0,3262.6,3274.22,29158.1163
2024-11-13 18:00:00,3274.22,3286.33,3253.72,3270.23,24508.4599
2024-11-13 19:00:00,3270.23,3273.2,3155.0,3158.81,78205.3326
2024-11-13 20:00:00,3158.8,3198.52,3127.0,3168.39,42482.0255
2024-11-13 21:00:00,3168.38,3172.5,3118.39,3151.45,36182.7375
2024-11-13 22:00:00,3151.44,3187.07,3140.7,3179.8,13238.9586
2024-11-13 23:00:00,3179.79,3196.0,3160.64,3187.16,13885.6162
2024-11-14 00:00:00,3187.16,3205.81,3178.81,3180.01,18004.827
2024-11-14 01:00:00,3180.01,3217.02,3163.64,3215.82,22343.6065
2024-11-14 02:00:00,3215.81,3228.35,3181.78,3210.51,22289.2247
2024-11-14 03:00:00,3210.5,3217.99,3180.41,3217.21,23091.7599
2024-11-14 04:00:00,3217.21,3240.4,3204.29,3236.41,18164.9702
2024-11-14 05:00:00,3236.4,3236.41,3213.33,3222.53,12302.4428
2024-11-14 06:00:00,3222.52,3239.32,3184.44,3184.45,17370.8309
2024-11-14 07:00:00,3184.44,3224.18,3174.37,3217.62,19522.2027
2024-11-14 08:00:00,3217.62,3230.73,3193.18,3202.73,17823.6437
2024-11-14 09:00:00,3202.73,3217.82,3193.96,3204.13,13431.199
2024-11-14 10:00:00,3204.13,3219.59,3179.0,3180.36,17257.5287
2024-11-14 11:00:00,3180.37,3190.72,3155.0,3185.23,29804.4033
2024-11-14 12:00:00,3185.22,3193.8,3176.68,3182.53,19098.513
2024-11-14 13:00:00,3182.53,3198.99,3157.38,3166.59,30122.3847
2024-11-14 14:00:00,3166.59,3195.0,3108.01,3109.4,60794.9964
2024-11-14 15:00:00,3109.4,3127.74,3060.0,3077.68,70760.0747
2024-11-14 16:00:00,3077.68,3181.0,3070.84,3171.2,55208.2344
2024-11-14 17:00:00,3171.13,3171.46,3122.34,3130.33,19231.9903
2024-11-14 18:00:00,3130.33,3143.85,3123.12,3132.18,11482.5494
2024-11-14 19:00:00,3132.18,3149.0,3127.62,3145.41,11153.0463
2024-11-14 20:00:00,3145.41,3145.41,3094.51,3099.16,26890.5996
2024-11-14 21:00:00,3099.05,3120.84,3082.79,3119.0,19926.5077
2024-11-14 22:00:00,3119.03,3122.29,3068.0,3088.0,19165.7009
2024-11-14 23:00:00,3088.0,3094.4,3028.56,3058.82,30539.4294
2024-11-15 00:00:00,3058.81,3092.54,3056.28,3061.01,19923.2289
2024-11-15 01:00:00,3061.01,3078.4,3034.87,3064.32,19967.7145
2024-11-15 02:00:00,3064.33,3084.57,3048.53,3081.74,11902.279
2024-11-15 03:00:00,3081.73,3090.39,3068.34,3082.44,10566.8668
2024-11-15 04:00:00,3082.43,3082.43,3014.79,3026.0,24915.6079
2024-11-15 05:00:00,3025.99,3059.76,3017.5,3056.71,14866.0643
2024-11-15 06:00:00,3056.72,3073.0,3044.4,3064.01,12820.575
2024-11-15 07:00:00,3064.0,3073.15,3038.94,3039.48,22325.244
2024-11-15 08:00:00,3039.49,3072.65,3022.0,3069.95,16222.4255
2024-11-15 09:00:00,3069.95,3114.0,3068.75,3096.25,26113.1767
2024-11-15 10:00:00,3096.25,3110.0,3088.5,3100.79,11597.2197
2024-11-15 11:00:00,3100.8,3106.04,3083.47,3104.29,18663.496
2024-11-15 12:00:00,3104.29,3131.06,3086.66,3103.68,23095.5318
2024-11-15 13:00:00,3103.67,3114.29,3080.76,3102.85,21554.3007
2024-11-15 14:00:00,3102.84,3107.23,3043.13,3059.38,39633.3489
2024-11-15 15:00:00,3059.37,3061.2,3014.5,3023.73,35539.8197
2024-11-15 16:00:00,3023.73,3049.99,3016.0,3035.0,27869.1419
2024-11-15 17:00:00,3034.99,3055.78,3031.5,3036.59,16614.8816
2024-11-15 18:00:00,3036.52,3045.75,3017.74,3020.54,28668.9718
2024-11-15 19:00:00,3020.54,3059.9,3015.6,3039.58,21619.9689
2024-11-15 20:00:00,3039.58,3091.22,3038.24,3090.6,35658.6538
2024-11-15 21:00:00,3090.62,3100.0,3077.42,3090.01,26584.1188
2024-11-15 22:00:00,3090.01,3120.0,3081.32,3100.49,19100.0038
2024-11-15 23:00:00,3100.49,3111.74,3086.6,3090.01,13800.9917
2024-11-16 00:00:00,3090.01,3090.4,3072.0,3084.92,14886.0518
2024-11-16 01:00:00,3084.91,3111.47,3081.99,3098.01,17221.1096
2024-11-16 02:00:00,3098.0,3122.72,3094.06,3110.78,15460.5769
2024-11-16 03:00:00,3110.77,3157.71,3108.2,3154.78,22292.1597
2024-11-16 04:00:00,3154.77,3165.0,3127.0,3133.5,14911.2791
2024-11-16 05:00:00,3133.5,3137.0,3123.97,3130.51,13100.3814
2024-11-16 06:00:00,3130.51,3131.4,3110.55,3113.8,12567.0905
2024-11-16 07:00:00,3113.81,3122.95,3101.11,3106.66,12904.2229
2024-11-16 08:00:00,3106.67,3121.31,3103.17,3120.38,11646.9173
2024-11-16 09:00:00,3120.38,3127.15,3106.82,3116.61,14775.8377
2024-11-16 10:00:00,3116.61,3134.7,3113.03,3127.11,13401.3984
2024-11-16 11:00:00,3127.11,3195.63,3121.27,3195.34,41650.2352
2024-11-16 12:00:00,3195.34,3219.97,3166.26,3175.84,49393.6863
2024-11-16 13:00:00,3175.83,3189.81,3158.1,3172.72,17919.6724
2024-11-16 14:00:00,3172.73,3183.0,3156.32,3168.2,18980.4127
2024-11-16 15:00:00,3168.19,3171.4,3120.41,3141.11,34338.1427
2024-11-16 16:00:00,3141.11,3157.35,3128.0,3145.18,19499.5285
2024-11-16 17:00:00,3145.19,3176.3,3141.18,3167.41,13260.0725
2024-11-16 18:00:00,3167.4,3182.33,3163.63,3180.76,12191.2088
2024-11-16 19:00:00,3180.76,3184.6,3164.59,3169.01,10067.3986
2024-11-16 20:00:00,3169.01,3175.0,3144.66,3150.12,14318.26
2024-11-16 21:00:00,3150.12,3159.49,3147.5,3154.2,7265.4812
2024-11-16 22:00:00,3154.2,3164.6,3132.4,3132.99,9507.2153
2024-11-16 23:00:00,3132.99,3146.2,3121.91,3132.87,12080.8178
2024-11-17 00:00:00,3132.88,3154.0,3131.2,3149.13,11380.7413
2024-11-17 01:00:00,3149.13,3149.13,3073.0,3085.0,32874.8138
2024-11-17 02:00:00,3085.0,3085.0,3034.99,3065.36,39334.9677
2024-11-17 03:00:00,3065.36,3080.97,3053.07,3080.68,15708.9407
2024-11-17 04:00:00,3080.67,3136.64,3076.2,3126.7,35026.2298
2024-11-17 05:00:00,3126.69,3135.47,3093.76,3103.45,18954.3689
2024-11-17 06:00:00,3103.46,3141.43,3102.51,3134.27,17433.2662
2024-11-17 07:00:00,3134.26,3147.72,3120.58,3136.79,13925.572
2024-11-17 08:00:00,3136.79,3161.49,3130.37,3145.33,21875.5059
2024-11-17 09:00:00,3145.34,3162.11,3131.94,3140.33,11535.0813
2024-11-17 10:00:00,3140.32,3151.32,3130.37,3138.0,10951.5361
2024-11-17 11:00:00,3138.0,3138.57,3100.81,3105.52,20064.8404
2024-11-17 12:00:00,3105.53,3126.72,3101.2,3121.6,12095.7157
2024-11-17 13:00:00,3121.6,3122.26,3077.0,3103.34,24083.0232
2024-11-17 14:00:00,3103.34,3111.36,3067.33,3088.27,24266.865
2024-11-17 15:00:00,3088.26,3102.68,3077.55,3086.21,15282.6606
2024-11-17 16:00:00,3086.2,3098.35,3071.6,3093.16,14060.7543
2024-11-17 17:00:00,3093.16,3115.72,3081.0,3107.0,15684.0425
2024-11-17 18:00:00,3107.0,3107.9,3072.34,3081.0,15899.7669
2024-11-17 19:00:00,3081.0,3097.9,3071.87,3097.74,11815.4923
2024-11-17 20:00:00,3097.74,3106.99,3057.45,3073.37,20559.2902
2024-11-17 21:00:00,3073.37,3086.18,3054.5,3062.25,13755.783
2024-11-17 22:00:00,3062.25,3089.59,3042.93,3068.08,21296.4828
2024-11-17 23:00:00,3068.07,3078.2,3050.56,3076.0,11953.2169
2024-11-18 00:00:00,3075.99,3124.2,3069.0,3097.99,23314.0949
2024-11-18 01:00:00,3097.99,3121.8,3093.0,3115.05,12560.2956
2024-11-18 02:00:00,3115.06,3124.13,3104.0,3110.4,10478.9569
2024-11-18 03:00:00,3110.4,3112.28,3094.6,3111.96,9319.1414
2024-11-18 04:00:00,3111.95,3116.2,3096.07,3100.65,8621.2977
2024-11-18 05:00:00,3100.65,3118.6,3097.0,3118.42,9883.3066
2024-11-18 06:00:00,3118.43,3146.93,3113.2,3146.34,22151.0826
2024-11-18 07:00:00,3146.33,3149.71,3123.38,3130.55,16393.1471
2024-11-18 08:00:00,3130.56,3139.78,3116.22,3121.51,12408.0874
2024-11-18 09:00:00,3121.51,3123.8,3102.0,3107.25,14853.6105
2024-11-18 10:00:00,3107.25,3123.46,3105.0,3115.45,13416.8643
2024-11-18 11:00:00,3115.45,3116.97,3050.01,3056.28,33956.3152
2024-11-18 12:00:00,3056.29,3090.0,3053.86,3086.92,33466.3126
2024-11-18 13:00:00,3086.92,3089.2,3052.19,3067.6,35671.708
2024-11-18 14:00:00,3067.6,3108.79,3058.82,3087.12,37867.2252
2024-11-18 15:00:00,3087.12,3157.5,3083.62,3143.41,43236.0753
2024-11-18 16:00:00,3143.41,3187.0,3134.62,3168.01,65668.9402
2024-11-18 17:00:00,3168.0,3189.0,3152.29,3174.92,30610.735
2024-11-18 18:00:00,3174.93,3199.0,3156.0,3164.18,38526.64
2024-11-18 19:00:00,3164.18,3168.36,3090.3,3127.17,47373.1548
2024-11-18 20:00:00,3127.17,3189.13,3122.22,3155.21,44377.6127
2024-11-18 21:00:00,3155.2,3171.8,3144.0,3147.59,15237.6918
2024-11-18 22:00:00,3147.59,3163.8,3146.1,3149.11,12686.2038
2024-11-18 23:00:00,3149.12,3224.94,3140.1,3207.8,48579.9361
2024-11-19 00:00:00,3207.81,3221.2,3154.45,3156.01,41260.4978
2024-11-19 01:00:00,3156.01,3164.01,3141.7,3143.4,24226.0946
2024-11-19 02:00:00,3143.4,3160.34,3143.22,3157.14,9053.2413
2024-11-19 03:00:00,3157.14,3159.33,3145.09,3148.5,10072.5785
2024-11-19 04:00:00,3148.5,3159.93,3120.5,3130.25,19840.5135
2024-11-19 05:00:00,3130.24,3141.0,3114.99,3134.86,19072.4565
2024-11-19 06:00:00,3134.85,3134.85,3116.14,3130.45,10911.5101
2024-11-19 07:00:00,3130.45,3131.14,3107.37,3118.08,17246.1036
2024-11-19 08:00:00,3118.09,3127.63,3104.25,3119.64,25308.866
2024-11-19 09:00:00,3119.64,3127.33,3091.13,3110.63,17017.5412
2024-11-19 10:00:00,3110.63,3122.98,3101.76,3120.32,10120.5213
2024-11-19 11:00:00,3120.33,3130.0,3111.66,3126.51,11498.8348
2024-11-19 12:00:00,3126.51,3150.0,3126.51,3132.21,18211.5471
2024-11-19 13:00:00,3132.21,3135.28,3079.0,3082.19,34355.4823
2024-11-19 14:00:00,3082.19,3119.5,3076.0,3096.78,37055.9616
2024-11-19 15:00:00,3096.77,3108.39,3087.25,3104.36,20583.3108
2024-11-19 16:00:00,3104.35,3116.5,3099.49,3110.16,15221.9486
2024-11-19 17:00:00,3110.17,3129.65,3105.93,3117.45,16115.0543
2024-11-19 18:00:00,3117.44,3143.0,3113.91,3140.69,33821.2631
2024-11-19 19:00:00,3140.7,3145.0,3118.0,3122.19,21729.5172
2024-11-19 20:00:00,3122.2,3131.11,3085.0,3100.17,20976.5046
2024-11-19 21:00:00,3100.17,3106.91,3068.0,3092.19,38041.0802
2024-11-19 22:00:00,3092.19,3099.51,3065.4,3092.67,14723.6717
2024-11-19 23:00:00,3092.66,3114.87,3087.8,3107.44,13647.9187
2024-11-20 00:00:00,3107.45,3112.98,3090.39,3107.06,12522.741
2024-11-20 01:00:00,3107.06,3127.64,3093.63,3098.97,17052.3378
2024-11-20 02:00:00,3098.98,3106.19,3084.0,3086.44,14913.1404
2024-11-20 03:00:00,3086.44,3097.69,3071.6,3096.0,16755.9025
2024-11-20 04:00:00,3095.99,3102.0,3087.51,3098.0,7541.457
2024-11-20 05:00:00,3098.0,3115.01,3091.22,3108.5,11219.6911
2024-11-20 06:00:00,3108.51,3113.99,3101.57,3104.52,8701.1078
2024-11-20 07:00:00,3104.52,3115.0,3098.8,3109.54,14414.2312
2024-11-20 08:00:00,3109.54,3129.54,3105.52,3123.46,17730.0497
2024-11-20 09:00:00,3123.45,3135.13,3116.0,3118.65,24824.9096
2024-11-20 10:00:00,3118.66,3120.83,3108.11,3109.4,10307.5304
2024-11-20 11:00:00,3109.4,3110.16,3083.8,3099.82,17908.6028
2024-11-20 12:00:00,3099.82,3102.33,3081.56,3089.45,25871.4508
2024-11-20 13:00:00,3089.45,3114.26,3085.5,3113.26,23656.329
2024-11-20 14:00:00,3113.25,3159.2,3091.0,3114.48,61067.1575
2024-11-20 15:00:00,3114.48,3130.79,3090.0,3130.0,36350.9134
2024-11-20 16:00:00,3130.0,3135.0,3075.02,3089.1,39337.8372
2024-11-20 17:00:00,3089.07,3096.5,3063.81,3064.01,28162.5677
2024-11-20 18:00:00,3064.01,3077.74,3037.05,3049.01,40546.4028
2024-11-20 19:00:00,3049.0,3063.32,3029.41,3058.05,22121.3957
2024-11-20 20:00:00,3058.04,3081.88,3044.38,3072.32,20044.6255
2024-11-20 21:00:00,3072.32,3083.05,3062.21,3078.16,12362.1334
2024-11-20 22:00:00,3078.15,3093.16,3066.33,3074.38,10537.2525
2024-11-20 23:00:00,3074.38,3079.68,3063.4,3069.97,9658.0668
2024-11-21 00:00:00,3069.97,3090.0,3065.2,3079.19,11708.0096
2024-11-21 01:00:00,3079.2,3098.43,3076.4,3079.06,11550.9055
2024-11-21 02:00:00,3079.07,3080.01,3032.59,3056.21,27526.9407
2024-11-21 03:00:00,3056.21,3101.0,3053.67,3081.98,37569.6038
2024-11-21 04:00:00,3081.99,3139.4,3080.5,3130.67,53599.3311
2024-11-21 05:00:00,3130.67,3143.64,3092.65,3107.71,34959.6742
2024-11-21 06:00:00,3107.71,3129.0,3099.5,3127.21,22711.4954
2024-11-21 07:00:00,3127.21,3141.14,3121.61,3137.02,20490.9523
2024-11-21 08:00:00,3137.02,3148.11,3128.0,3141.19,25307.485
2024-11-21 09:00:00,3141.19,3144.34,3122.4,3125.99,20396.2099
2024-11-21 10:00:00,3125.98,3139.13,3118.37,3131.7,16245.2878
2024-11-21 11:00:00,3131.7,3155.0,3129.18,3147.75,30490.13
2024-11-21 12:00:00,3147.74,3317.85,3146.2,3284.99,179740.4868
2024-11-21 13:00:00,3284.99,3366.94,3284.38,3348.0,98001.2227
2024-11-21 14:00:00,3348.0,3372.6,3307.81,3345.5,77582.9823
2024-11-21 15:00:00,3345.49,3346.28,3236.88,3277.03,90929.2832
2024-11-21 16:00:00,3277.03,3340.82,3277.03,3331.48,40817.5219
2024-11-21 17:00:00,3331.47,3350.0,3313.05,3349.27,24337.7757
2024-11-21 18:00:00,3349.27,3383.58,3338.91,3379.22,40354.203
2024-11-21 19:00:00,3379.22,3386.73,3337.01,3347.0,39189.219
2024-11-21 20:00:00,3347.0,3367.58,3333.54,3347.96,22105.5789
2024-11-21 21:00:00,3347.96,3355.96,3334.2,3345.13,15057.3191
2024-11-21 22:00:00,3345.13,3378.68,3344.01,3371.34,17009.4074
2024-11-21 23:00:00,3371.33,3376.2,3354.81,3355.81,17242.2782
2024-11-22 00:00:00,3355.88,3372.56,3309.47,3316.1,26507.7822
2024-11-22 01:00:00,3316.09,3330.41,3304.39,3321.5,18054.234
2024-11-22 02:00:00,3321.49,3343.72,3320.0,3331.01,20471.4336
2024-11-22 03:00:00,3331.0,3380.68,3321.0,3365.8,27973.0969
2024-11-22 04:00:00,3365.8,3425.92,3357.44,3390.01,44626.4088
2024-11-22 05:00:00,3390.0,3394.98,3369.4,3376.14,22925.0339
2024-11-22 06:00:00,3376.15,3384.42,3355.0,3371.77,19019.827
2024-11-22 07:00:00,3371.77,3386.87,3358.29,3362.66,20666.6954
2024-11-22 08:00:00,3362.65,3381.2,3360.01,3372.01,18990.8137
2024-11-22 09:00:00,3372.01,3383.84,3350.01,3364.31,19219.573
2024-11-22 10:00:00,3364.31,3369.84,3319.54,3322.62,30734.5027
2024-11-22 11:00:00,3322.63,3347.0,3311.68,3344.75,22269.5648
2024-11-22 12:00:00,3344.76,3357.18,3329.14,3348.43,19200.852
2024-11-22 13:00:00,3348.43,3348.59,3257.54,3293.21,83686.6854
2024-11-22 14:00:00,3293.22,3311.2,3280.32,3288.0,36803.993
2024-11-22 15:00:00,3287.99,3323.67,3282.67,3314.15,34906.2183
2024-11-22 16:00:00,3314.15,3316.73,3290.07,3308.41,24710.5269
2024-11-22 17:00:00,3308.4,3321.14,3293.21,3296.48,19047.741
2024-11-22 18:00:00,3296.48,3307.4,3266.66,3280.01,17723.6531
2024-11-22 19:00:00,3280.0,3297.38,3264.84,3282.4,19764.6886
2024-11-22 20:00:00,3282.39,3297.26,3273.2,3291.31,13140.2523
2024-11-22 21:00:00,3291.31,3319.67,3279.39,3316.47,13923.0339
2024-11-22 22:00:00,3316.51,3319.45,3300.85,3308.14,14736.0182
2024-11-22 23:00:00,3308.14,3330.0,3307.01,3327.78,14171.0806
2024-11-23 00:00:00,3327.78,3364.98,3317.0,3341.81,30155.5223
2024-11-23 01:00:00,3341.81,3358.03,3321.63,3343.2,42729.6519
2024-11-23 02:00:00,3343.19,3347.8,3312.72,3325.79,19549.2114
2024-11-23 03:00:00,3325.79,3345.52,3320.09,3345.51,12831.365
2024-11-23 04:00:00,3345.51,3356.06,3326.89,3353.87,25242.0246
2024-11-23 05:00:00,3353.86,3361.71,3329.1,3348.75,15417.865
2024-11-23 06:00:00,3348.75,3351.8,3341.7,3343.72,11618.1029
2024-11-23 07:00:00,3343.71,3351.45,3335.2,3341.34,15167.3434
2024-11-23 08:00:00,3341.34,3402.98,3335.16,3369.27,55944.1373
2024-11-23 09:00:00,3369.28,3373.82,3342.63,3359.87,19664.5283
2024-11-23 10:00:00,3359.87,3367.4,3342.6,3348.27,18185.3677
2024-11-23 11:00:00,3348.26,3363.89,3347.0,3354.65,11484.9866
2024-11-23 12:00:00,3354.65,3428.0,3349.68,3399.82,56873.1526
2024-11-23 13:00:00,3399.82,3444.47,3392.01,3435.03,55172.6575
2024-11-23 14:00:00,3435.02,3497.51,3426.29,3472.2,77400.4418
2024-11-23 15:00:00,3472.19,3480.42,3444.53,3460.33,40079.1527
2024-11-23 16:00:00,3460.34,3470.22,3377.0,3413.14,83239.0688
2024-11-23 17:00:00,3413.13,3435.19,3389.44,3424.67,37633.4777
2024-11-23 18:00:00,3424.67,3431.11,3401.01,3424.18,16507.87
2024-11-23 19:00:00,3424.18,3433.0,3400.77,3407.83,12756.469
2024-11-23 20:00:00,3407.82,3408.73,3379.2,3405.1,21240.0642
2024-11-23 21:00:00,3405.11,3427.73,3401.78,3417.24,15728.263
2024-11-23 22:00:00,3417.24,3423.48,3393.0,3405.87,14222.6376
2024-11-23 23:00:00,3405.85,3406.96,3382.0,3393.91,12180.6396
2024-11-24 00:00:00,3393.91,3425.9,3389.03,3417.5,16380.3334
2024-11-24 01:00:00,3417.49,3436.62,3414.99,3433.38,19682.1357
2024-11-24 02:00:00,3433.38,3450.0,3428.68,3430.39,15560.8673
2024-11-24 03:00:00,3430.39,3432.6,3418.15,3427.0,11318.5956
2024-11-24 04:00:00,3427.0,3431.99,3399.69,3413.45,15349.3518
2024-11-24 05:00:00,3413.45,3421.22,3398.12,3413.61,14343.7254
2024-11-24 06:00:00,3413.6,3430.0,3401.17,3423.0,10659.1772
2024-11-24 07:00:00,3423.01,3427.25,3409.46,3422.51,9796.4219
2024-11-24 08:00:00,3422.51,3428.35,3388.7,3394.0,20034.8766
2024-11-24 09:00:00,3394.0,3405.9,3388.01,3403.09,12710.0708
2024-11-24 10:00:00,3403.09,3403.91,3360.01,3374.54,20443.3577
2024-11-24 11:00:00,3374.54,3379.6,3339.11,3344.22,46582.037
2024-11-24 12:00:00,3344.22,3357.32,3281.4,3315.0,59235.8848
2024-11-24 13:00:00,3314.99,3340.07,3305.0,3325.0,27591.4783
2024-11-24 14:00:00,3325.01,3332.73,3284.32,3325.99,35051.1827
2024-11-24 15:00:00,3325.99,3327.75,3291.85,3294.39,25658.5876
2024-11-24 16:00:00,3294.39,3333.07,3287.19,3318.48,24455.5367
2024-11-24 17:00:00,3318.48,3319.65,3298.0,3309.61,14067.0571
2024-11-24 18:00:00,3309.6,3334.19,3307.07,3326.59,13181.5979
2024-11-24 19:00:00,3326.59,3329.25,3309.99,3326.63,11508.3886
2024-11-24 20:00:00,3326.64,3343.82,3321.51,3341.59,12351.2148
2024-11-24 21:00:00,3341.59,3346.73,3331.68,3345.01,8402.7462
2024-11-24 22:00:00,3345.01,3363.38,3337.4,3358.83,14461.9997
2024-11-24 23:00:00,3358.83,3372.22,3351.38,3361.2,20271.4673
2024-11-25 00:00:00,3361.21,3365.68,3334.99,3348.82,20176.9968
2024-11-25 01:00:00,3348.81,3353.78,3300.01,3328.55,23365.2303
2024-11-25 02:00:00,3328.56,3350.11,3327.95,3338.16,10740.1496
2024-11-25 03:00:00,3338.16,3370.4,3338.16,3362.44,11882.7511
2024-11-25 04:00:00,3362.44,3387.66,3361.21,3365.79,18172.7731
2024-11-25 05:00:00,3365.79,3391.79,3365.61,3381.72,12677.6894
2024-11-25 06:00:00,3381.72,3390.39,3375.0,3380.39,9950.5677
2024-11-25 07:00:00,3380.4,3419.81,3368.58,3399.41,22415.5538
2024-11-25 08:00:00,3399.4,3414.4,3396.6,3413.0,15521.016
2024-11-25 09:00:00,3413.0,3483.88,3410.3,3477.56,53171.4017
2024-11-25 10:00:00,3477.55,3527.0,3460.02,3500.78,61354.1293
2024-11-25 11:00:00,3500.77,3507.33,3453.02,3471.84,39714.7774
2024-11-25 12:00:00,3471.84,3499.72,3470.0,3482.0,24775.0569
2024-11-25 13:00:00,3482.0,3495.02,3448.59,3476.38,40281.0716
2024-11-25 14:00:00,3476.38,3521.5,3403.66,3407.74,90543.1626
2024-11-25 15:00:00,3407.75,3537.98,3348.72,3518.41,134055.2385
2024-11-25 16:00:00,3518.41,3546.66,3460.0,3483.8,86641.2093
2024-11-25 17:00:00,3483.81,3485.44,3423.47,3462.18,49844.4154
2024-11-25 18:00:00,3462.18,3481.47,3437.6,3447.73,26094.7548
2024-11-25 19:00:00,3447.74,3485.0,3429.26,3464.0,28170.6467
2024-11-25 20:00:00,3464.01,3503.0,3456.82,3501.8,27823.1558
2024-11-25 21:00:00,3501.79,3505.45,3415.67,3439.37,35356.4172
2024-11-25 22:00:00,3439.36,3455.0,3363.62,3451.15,73057.5054
2024-11-25 23:00:00,3451.16,3471.42,3409.09,3414.49,33544.6996
2024-11-26 00:00:00,3414.49,3451.91,3395.84,3425.5,38917.0842
2024-11-26 01:00:00,3425.51,3462.49,3422.61,3447.85,22984.2653
2024-11-26 02:00:00,3447.84,3455.61,3437.03,3444.99,12362.7843
2024-11-26 03:00:00,3444.99,3447.57,3421.23,3434.61,24789.3303
2024-11-26 04:00:00,3434.62,3439.35,3415.43,3420.61,23527.7406
2024-11-26 05:00:00,3420.61,3432.38,3410.0,3432.14,12714.4335
2024-11-26 06:00:00,3432.14,3442.72,3417.58,3423.77,12362.3662
2024-11-26 07:00:00,3423.76,3423.77,3382.35,3394.8,24016.9566
2024-11-26 08:00:00,3394.8,3397.33,3350.99,3373.21,44889.0582
2024-11-26 09:00:00,3373.21,3390.74,3342.75,3356.81,27596.1541
2024-11-26 10:00:00,3356.81,3367.98,3314.1,3317.4,33970.6681
2024-11-26 11:00:00,3317.41,3331.32,3280.1,3323.01,53314.1369
2024-11-26 12:00:00,3323.02,3339.6,3299.85,3312.0,29698.0859
2024-11-26 13:00:00,3312.01,3335.49,3302.18,3311.5,22941.6587
2024-11-26 14:00:00,3311.51,3362.5,3290.35,3345.96,45743.8152
2024-11-26 15:00:00,3345.96,3354.4,3296.12,3296.32,33129.491
2024-11-26 16:00:00,3296.33,3338.0,3291.49,3335.4,30007.076
2024-11-26 17:00:00,3335.4,3336.01,3308.28,3326.57,31639.1803
2024-11-26 18:00:00,3326.57,3331.82,3252.0,3282.31,46887.0904
2024-11-26 19:00:00,3282.31,3300.8,3263.94,3300.61,30796.5942
2024-11-26 20:00:00,3300.61,3333.48,3286.89,3324.19,30851.4159
2024-11-26 21:00:00,3324.18,3331.79,3302.8,3323.52,17931.0133
2024-11-26 22:00:00,3323.53,3344.31,3319.5,3325.39,12970.8608
2024-11-26 23:00:00,3325.4,3333.17,3315.2,3324.73,8325.8903
2024-11-27 00:00:00,3324.74,3345.73,3305.75,3309.35,15812.8528
2024-11-27 01:00:00,3309.34,3346.6,3302.4,3341.77,16036.9579
2024-11-27 02:00:00,3341.78,3366.61,3318.49,3364.77,30995.2311
2024-11-27 03:00:00,3364.77,3372.5,3350.0,3361.03,23257.9507
2024-11-27 04:00:00,3361.02,3436.05,3359.32,3400.64,53884.1928
2024-11-27 05:00:00,3400.65,3414.29,3385.0,3399.6,17212.0223
2024-11-27 06:00:00,3399.59,3445.73,3398.5,3426.92,37545.0967
2024-11-27 07:00:00,3426.93,3437.2,3418.15,3424.11,15470.6086
2024-11-27 08:00:00,3424.12,3438.44,3412.57,3421.98,22478.7669
2024-11-27 09:00:00,3421.98,3423.5,3402.43,3412.6,13022.2038
2024-11-27 10:00:00,3412.61,3485.5,3411.43,3455.49,44642.6321
2024-11-27 11:00:00,3455.5,3467.35,3434.83,3460.43,17537.1559
2024-11-27 12:00:00,3460.43,3484.0,3441.31,3478.0,23035.9114
2024-11-27 13:00:00,3478.0,3505.0,3472.05,3504.99,33588.1829
2024-11-27 14:00:00,3504.99,3528.8,3468.11,3520.5,69082.9613
2024-11-27 15:00:00,3520.51,3573.17,3517.6,3552.79,66339.3705
2024-11-27 16:00:00,3552.79,3574.89,3539.42,3557.89,41744.5587
2024-11-27 17:00:00,3557.89,3570.42,3533.83,3560.77,24840.4095
2024-11-27 18:00:00,3560.77,3593.73,3553.6,3586.19,27130.0224
2024-11-27 19:00:00,3586.19,3611.8,3573.31,3589.6,36537.9685
2024-11-27 20:00:00,3589.6,3630.0,3588.0,3623.99,33938.9897
2024-11-27 21:00:00,3624.0,3645.94,3613.63,3632.79,30189.2508
2024-11-27 22:00:00,3632.79,3674.97,3632.4,3665.9,32518.0794
2024-11-27 23:00:00,3665.9,3684.92,3650.79,3653.28,27732.2718
2024-11-28 00:00:00,3653.27,3661.92,3634.5,3642.54,33071.8655
2024-11-28 01:00:00,3642.54,3646.75,3615.0,3638.73,19679.6626
2024-11-28 02:00:00,3638.73,3644.13,3616.67,3621.49,14065.977
2024-11-28 03:00:00,3621.49,3627.8,3564.75,3598.8,35961.0745
2024-11-28 04:00:00,3598.81,3613.98,3580.0,3604.0,34138.9206
2024-11-28 05:00:00,3604.0,3618.4,3585.09,3588.95,15359.5798
2024-11-28 06:00:00,3588.96,3603.82,3566.91,3594.81,17171.0135
2024-11-28 07:00:00,3594.8,3612.13,3583.62,3592.4,14883.6167
2024-11-28 08:00:00,3592.4,3638.39,3574.23,3629.14,39565.2573
2024-11-28 09:00:00,3629.14,3630.5,3598.35,3598.36,18227.9603
2024-11-28 10:00:00,3598.36,3622.99,3577.91,3603.26,17953.0031
2024-11-28 11:00:00,3603.27,3636.36,3590.0,3620.51,17663.2522
2024-11-28 12:00:00,3620.51,3642.19,3606.88,3622.38,21606.1538
2024-11-28 13:00:00,3622.37,3622.92,3580.83,3588.12,24324.7015
2024-11-28 14:00:00,3588.13,3607.79,3548.01,3567.17,47236.3011
2024-11-28 15:00:00,3567.18,3577.01,3536.95,3541.78,53596.0764
2024-11-28 16:00:00,3541.78,3559.18,3529.76,3541.08,31650.0767
2024-11-28 17:00:00,3541.08,3563.46,3540.42,3552.99,18107.0802
2024-11-28 18:00:00,3552.99,3582.69,3552.79,3578.39,17051.304
2024-11-28 19:00:00,3578.39,3584.87,3564.19,3575.05,9762.1012
2024-11-28 20:00:00,3575.05,3575.24,3547.86,3556.52,10684.6751
2024-11-28 21:00:00,3556.53,3578.2,3556.53,3571.77,9682.3506
2024-11-28 22:00:00,3571.78,3599.2,3567.22,3592.62,13379.3495
2024-11-28 23:00:00,3592.62,3597.32,3574.86,3578.79,26155.0718
2024-11-29 00:00:00,3578.8,3584.93,3552.0,3558.11,21412.8296
2024-11-29 01:00:00,3558.11,3570.14,3550.07,3565.15,11089.2736
2024-11-29 02:00:00,3565.15,3600.0,3564.0,3599.98,20425.0602
2024-11-29 03:00:00,3599.98,3602.85,3578.98,3583.82,12105.9804
2024-11-29 04:00:00,3583.82,3588.44,3563.16,3578.75,10544.3146
2024-11-29 05:00:00,3578.75,3595.7,3575.59,3578.03,12976.3996
2024-11-29 06:00:00,3578.03,3586.5,3558.0,3561.45,19160.3398
2024-11-29 07:00:00,3561.46,3566.64,3534.28,3544.49,33343.4365
2024-11-29 08:00:00,3544.5,3569.99,3544.49,3568.88,12436.1602
2024-11-29 09:00:00,3568.88,3579.0,3560.5,3568.35,9835.854
2024-11-29 10:00:00,3568.35,3584.88,3562.05,3584.88,15952.2749
2024-11-29 11:00:00,3584.87,3599.66,3572.8,3594.74,17276.2677
2024-11-29 12:00:00,3594.75,3600.69,3574.0,3586.39,19940.0263
2024-11-29 13:00:00,3586.38,3616.99,3584.34,3610.61,25195.9134
2024-11-29 14:00:00,3610.6,3636.36,3595.99,3633.6,23950.5357
2024-11-29 15:00:00,3633.6,3647.98,3602.0,3613.95,45021.6581
2024-11-29 16:00:00,3613.95,3620.08,3585.0,3596.61,26607.8747
2024-11-29 17:00:00,3596.61,3601.8,3578.48,3582.99,20399.0903
2024-11-29 18:00:00,3582.99,3593.34,3570.0,3573.79,16826.587
2024-11-29 19:00:00,3573.78,3585.0,3559.24,3582.79,12661.0697
2024-11-29 20:00:00,3582.78,3603.08,3577.16,3592.86,9915.0931
2024-11-29 21:00:00,3592.87,3594.62,3575.56,3591.34,9874.9416
2024-11-29 22:00:00,3591.34,3604.0,3584.83,3595.97,6982.6002
2024-11-29 23:00:00,3595.96,3599.0,3588.12,3592.21,11559.6637
2024-11-30 00:00:00,3592.22,3609.99,3578.0,3590.0,14481.1797
2024-11-30 01:00:00,3590.0,3623.26,3568.4,3599.83,21475.4213
2024-11-30 02:00:00,3599.83,3647.4,3593.81,3624.72,28509.5312
2024-11-30 03:00:00,3624.72,3661.0,3617.84,3657.12,27713.202
2024-11-30 04:00:00,3657.12,3668.64,3635.42,3651.78,21470.2794
2024-11-30 05:00:00,3651.78,3694.08,3639.87,3693.69,28432.3283
2024-11-30 06:00:00,3693.7,3726.71,3685.8,3696.19,56692.766
2024-11-30 07:00:00,3696.19,3716.59,3686.76,3703.07,22231.4817
2024-11-30 08:00:00,3703.06,3718.0,3690.72,3693.62,19946.4935
2024-11-30 09:00:00,3693.62,3696.4,3679.01,3692.0,14093.2749
2024-11-30 10:00:00,3692.0,3692.55,3636.87,3641.79,25967.5454
2024-11-30 11:00:00,3641.79,3663.26,3631.23,3653.69,16956.7026
2024-11-30 12:00:00,3653.68,3681.81,3652.63,3681.6,14350.0064
2024-11-30 13:00:00,3681.59,3682.46,3666.1,3667.83,26126.5385
2024-11-30 14:00:00,3667.84,3684.18,3651.63,3655.79,17532.2504
2024-11-30 15:00:00,3655.8,3685.33,3651.38,3674.0,19201.0562
2024-11-30 16:00:00,3674.0,3682.58,3656.23,3675.41,28087.8167
2024-11-30 17:00:00,3675.4,3687.49,3665.79,3677.0,10681.1865
2024-11-30 18:00:00,3677.0,3678.99,3663.64,3670.98,10608.8182
2024-11-30 19:00:00,3670.99,3696.78,3666.1,3689.56,12116.4817
2024-11-30 20:00:00,3689.56,3712.85,3686.58,3712.02,12325.8133
2024-11-30 21:00:00,3712.03,3734.95,3695.0,3720.2,19398.6311
2024-11-30 22:00:00,3720.21,3727.01,3701.15,3708.75,19022.3279
2024-11-30 23:00:00,3708.75,3738.98,3701.64,3703.6,16263.6156
2024-12-01 00:00:00,3703.59,3727.42,3687.72,3688.54,22205.3595
2024-12-01 01:00:00,3688.55,3732.34,3675.03,3709.59,28933.7269
2024-12-01 02:00:00,3709.59,3713.53,3659.2,3664.01,27340.4985
2024-12-01 03:00:00,3664.02,3712.55,3663.5,3707.0,14300.0108
2024-12-01 04:00:00,3707.0,3707.63,3688.2,3702.21,11741.5138
2024-12-01 05:00:00,3702.2,3702.21,3682.01,3683.26,11450.6999
2024-12-01 06:00:00,3683.26,3705.67,3682.0,3699.86,7675.9117
2024-12-01 07:00:00,3699.87,3716.96,3693.7,3702.31,9683.3944
2024-12-01 08:00:00,3702.32,3717.0,3698.71,3707.62,16578.5791
2024-12-01 09:00:00,3707.61,3710.83,3690.78,3700.7,11053.4555
2024-12-01 10:00:00,3700.7,3701.05,3675.47,3682.25,12197.5358
2024-12-01 11:00:00,3682.25,3698.67,3677.59,3692.42,21628.7035
2024-12-01 12:00:00,3692.43,3695.2,3680.27,3682.62,13078.7755
2024-12-01 13:00:00,3682.62,3714.74,3678.61,3701.21,22214.9356
2024-12-01 14:00:00,3701.2,3713.0,3693.43,3706.01,26181.9711
2024-12-01 15:00:00,3706.01,3746.8,3701.2,3728.59,38241.5685
2024-12-01 16:00:00,3728.59,3744.11,3723.0,3725.43,18785.6844
2024-12-01 17:00:00,3725.43,3729.75,3705.88,3723.5,17406.5713
2024-12-01 18:00:00,3723.5,3731.47,3708.21,3711.81,14201.1527
2024-12-01 19:00:00,3711.81,3718.2,3693.02,3707.96,15829.0991
2024-12-01 20:00:00,3707.95,3710.0,3679.0,3690.43,20029.167
2024-12-01 21:00:00,3690.43,3706.27,3686.66,3706.26,13438.3955
2024-12-01 22:00:00,3706.27,3734.26,3702.0,3721.21,21544.6142
2024-12-01 23:00:00,3721.2,3728.5,3703.0,3707.61,13347.939
2024-12-02 00:00:00,3707.61,3719.35,3692.84,3701.84,20077.6802
2024-12-02 01:00:00,3701.84,3739.0,3697.6,3732.47,28286.4734
2024-12-02 02:00:00,3732.48,3740.9,3703.61,3740.51,19391.9158
2024-12-02 03:00:00,3740.5,3760.0,3674.6,3685.01,46864.5791
2024-12-02 04:00:00,3685.0,3695.99,3650.0,3691.12,44882.9764
2024-12-02 05:00:00,3691.12,3709.59,3672.4,3676.82,34169.9938
2024-12-02 06:00:00,3676.82,3684.0,3655.0,3680.61,20122.2233
2024-12-02 07:00:00,3680.61,3686.29,3651.88,3666.88,22600.2446
2024-12-02 08:00:00,3666.88,3672.47,3586.5,3602.51,108271.5513
2024-12-02 09:00:00,3602.5,3622.16,3594.28,3621.2,33642.6989
2024-12-02 10:00:00,3621.21,3622.22,3571.81,3578.41,36864.4
2024-12-02 11:00:00,3578.27,3597.96,3569.58,3588.99,23926.3108
2024-12-02 12:00:00,3588.99,3615.19,3582.6,3595.64,20758.0196
2024-12-02 13:00:00,3595.64,3629.4,3590.71,3626.34,22063.0441
2024-12-02 14:00:00,3626.34,3664.5,3615.2,3640.42,33980.2153
2024-12-02 15:00:00,3640.42,3680.37,3620.29,3672.13,32711.5266
2024-12-02 16:00:00,3672.13,3682.01,3618.0,3625.95,31967.9036
2024-12-02 17:00:00,3625.95,3644.99,3554.32,3566.35,65730.2515
2024-12-02 18:00:00,3566.35,3632.88,3564.5,3622.38,23853.082
2024-12-02 19:00:00,3622.37,3622.5,3584.36,3612.17,16132.1198
2024-12-02 20:00:00,3612.17,3630.58,3601.83,3614.81,14806.6899
2024-12-02 21:00:00,3614.82,3628.63,3599.5,3615.92,13575.7454
2024-12-02 22:00:00,3615.92,3622.11,3598.5,3615.03,12056.6175
2024-12-02 23:00:00,3615.02,3644.44,3612.0,3643.42,10394.3061
2024-12-03 00:00:00,3643.43,3647.34,3621.5,3637.74,22270.8088
2024-12-03 01:00:00,3637.73,3653.83,3617.64,3619.02,19064.108
2024-12-03 02:00:00,3619.01,3658.16,3607.8,3644.38,26073.7206
2024-12-03 03:00:00,3644.37,3656.79,3635.59,3639.75,19324.787
2024-12-03 04:00:00,3639.75,3655.52,3635.27,3644.43,12347.8613
2024-12-03 05:00:00,3644.43,3664.54,3640.34,3655.14,13415.7978
2024-12-03 06:00:00,3655.13,3670.0,3626.34,3634.14,16039.2091
2024-12-03 07:00:00,3634.14,3641.0,3600.0,3616.85,31245.8637
2024-12-03 08:00:00,3616.85,3635.14,3600.5,3613.81,37930.0582
2024-12-03 09:00:00,3613.82,3615.45,3596.2,3611.0,29723.4866
2024-12-03 10:00:00,3611.01,3618.88,3585.0,3594.44,26466.2991
2024-12-03 11:00:00,3594.44,3615.01,3591.54,3613.81,26953.919
2024-12-03 12:00:00,3613.81,3617.64,3598.0,3605.0,20350.8761
2024-12-03 13:00:00,3605.0,3608.6,3538.0,3545.41,59613.93
2024-12-03 14:00:00,3545.22,3586.0,3500.0,3580.36,101373.4198
2024-12-03 15:00:00,3580.35,3597.21,3558.17,3571.79,47675.0703
2024-12-03 16:00:00,3571.8,3594.4,3542.39,3551.81,33613.6463
2024-12-03 17:00:00,3551.81,3578.76,3538.55,3578.76,22665.6431
2024-12-03 18:00:00,3578.75,3582.92,3565.03,3578.26,15202.8408
2024-12-03 19:00:00,3578.26,3579.85,3550.07,3577.34,19032.2715
2024-12-03 20:00:00,3577.34,3609.5,3575.2,3606.94,19487.4806
2024-12-03 21:00:00,3606.78,3627.83,3603.59,3611.78,17505.6948
2024-12-03 22:00:00,3611.79,3633.0,3595.52,3632.42,15107.0728
2024-12-03 23:00:00,3632.42,3634.81,3611.75,3614.51,25916.3379
2024-12-04 00:00:00,3614.51,3694.86,3614.51,3691.87,46056.7366
2024-12-04 01:00:00,3691.87,3707.57,3673.6,3686.04,60141.2521
2024-12-04 02:00:00,3686.04,3687.77,3628.84,3648.63,51061.9205
2024-12-04 03:00:00,3648.63,3676.43,3648.5,3661.8,15688.6212
2024-12-04 04:00:00,3661.79,3675.39,3659.55,3669.63,14535.062
2024-12-04 05:00:00,3669.62,3686.56,3669.55,3681.99,14747.1758
2024-12-04 06:00:00,3681.99,3695.38,3664.03,3694.61,16911.7049
2024-12-04 07:00:00,3694.61,3721.73,3681.72,3714.99,32692.8464
2024-12-04 08:00:00,3715.0,3720.44,3698.0,3702.7,23707.3787
2024-12-04 09:00:00,3702.69,3733.0,3696.42,3725.93,35356.1297
2024-12-04 10:00:00,3725.93,3742.17,3711.64,3721.91,36065.2565
2024-12-04 11:00:00,3721.91,3751.44,3717.17,3729.09,44515.282
2024-12-04 12:00:00,3729.09,3744.0,3697.24,3717.89,35079.1887
2024-12-04 13:00:00,3717.9,3735.86,3690.0,3707.61,31552.1369
2024-12-04 14:00:00,3707.61,3794.89,3693.23,3778.9,64539.7728
2024-12-04 15:00:00,3778.9,3853.38,3763.84,3821.0,111093.624
2024-12-04 16:00:00,3820.99,3829.6,3732.98,3756.43,80879.9363
2024-12-04 17:00:00,3756.43,3819.73,3754.75,3811.24,45012.1697
2024-12-04 18:00:00,3811.25,3839.04,3796.0,3823.16,36025.2785
2024-12-04 19:00:00,3823.11,3844.65,3817.1,3841.15,28934.8555
2024-12-04 20:00:00,3841.15,3887.0,3830.01,3879.01,61655.3413
2024-12-04 21:00:00,3879.01,3887.24,3832.6,3837.6,35003.6298
2024-12-04 22:00:00,3837.61,3870.23,3833.3,3842.0,16519.7062
2024-12-04 23:00:00,3842.0,3860.5,3822.5,3837.8,30969.0338
2024-12-05 00:00:00,3837.8,3839.6,3795.59,3796.44,28135.5577
2024-12-05 01:00:00,3796.43,3826.52,3765.71,3801.21,46779.4766
2024-12-05 02:00:00,3801.21,3880.0,3797.61,3856.0,59440.3959
2024-12-05 03:00:00,3856.0,3905.0,3817.74,3832.66,83971.649
2024-12-05 04:00:00,3832.67,3880.2,3830.79,3855.98,32758.551
2024-12-05 05:00:00,3855.99,3872.96,3820.02,3845.99,30703.5213
2024-12-05 06:00:00,3846.0,3864.99,3818.61,3850.3,22546.8605
2024-12-05 07:00:00,3850.29,3867.14,3844.0,3850.98,24878.5349
2024-12-05 08:00:00,3850.98,3922.99,3850.75,3907.3,47269.3514
2024-12-05 09:00:00,3907.3,3922.0,3900.0,3920.8,37045.5151
2024-12-05 10:00:00,3920.79,3935.0,3908.5,3915.6,28007.8721
2024-12-05 11:00:00,3915.6,3943.28,3909.2,3930.98,25986.4015
2024-12-05 12:00:00,3930.98,3938.87,3917.4,3924.6,28959.1192
2024-12-05 13:00:00,3924.56,3937.0,3913.15,3917.14,26322.1106
2024-12-05 14:00:00,3917.14,3956.0,3902.0,3927.18,38189.912
2024-12-05 15:00:00,3927.19,3930.0,3861.0,3888.0,59532.4842
2024-12-05 16:00:00,3888.0,3921.4,3869.54,3901.58,34089.2892
2024-12-05 17:00:00,3901.58,3926.33,3893.18,3918.31,24954.7719
2024-12-05 18:00:00,3918.31,3923.61,3866.67,3870.0,27626.0598
2024-12-05 19:00:00,3870.01,3887.77,3820.01,3830.81,34196.7464
2024-12-05 20:00:00,3830.8,3846.74,3785.49,3826.2,54462.8373
2024-12-05 21:00:00,3826.2,3858.96,3820.23,3855.6,17976.6754
2024-12-05 22:00:00,3855.6,3862.23,3677.0,3803.32,93377.9077
2024-12-05 23:00:00,3803.32,3818.5,3763.85,3785.2,39281.6753
2024-12-06 00:00:00,3785.21,3882.7,3777.26,3862.32,42943.531
2024-12-06 01:00:00,3862.32,3888.2,3838.4,3869.47,30267.0551
2024-12-06 02:00:00,3869.47,3877.14,3849.88,3877.14,15615.3591
2024-12-06 03:00:00,3877.13,3914.0,3850.39,3907.01,24301.0882
2024-12-06 04:00:00,3907.01,3913.95,3889.4,3903.0,17111.6647
2024-12-06 05:00:00,3903.0,3903.61,3874.5,3889.09,18209.4599
2024-12-06 06:00:00,3889.1,3929.0,3888.8,3907.02,27877.9448
2024-12-06 07:00:00,3907.02,3907.73,3885.75,3893.75,17599.6907
2024-12-06 08:00:00,3893.74,3910.45,3878.48,3879.38,20699.6074
2024-12-06 09:00:00,3879.38,3886.65,3855.46,3868.6,28542.7258
2024-12-06 10:00:00,3868.6,3876.36,3845.3,3864.01,24240.7526
2024-12-06 11:00:00,3864.01,3879.79,3852.4,3867.02,18857.4589
2024-12-06 12:00:00,3867.01,3883.45,3831.9,3837.0,24659.1381
2024-12-06 13:00:00,3837.01,3894.6,3836.22,3888.8,46376.6517
2024-12-06 14:00:00,3888.79,3986.15,3874.06,3984.49,71928.0543
2024-12-06 15:00:00,3984.48,4041.0,3974.6,3993.02,143735.0337
2024-12-06 16:00:00,3993.01,4014.42,3980.11,4003.52,39957.3454
2024-12-06 17:00:00,4003.51,4041.81,4003.51,4016.41,36731.0801
2024-12-06 18:00:00,4016.42,4058.0,4008.57,4051.01,33748.7938
2024-12-06 19:00:00,4051.0,4073.86,4043.0,4067.62,27189.8283
2024-12-06 20:00:00,4067.61,4087.73,4024.59,4044.31,42330.1112
2024-12-06 21:00:00,4044.31,4056.22,4018.67,4022.8,19582.8674
2024-12-06 22:00:00,4022.8,4039.98,4021.2,4023.94,13289.5365
2024-12-06 23:00:00,4023.94,4026.64,3990.03,3998.87,18060.3359
2024-12-07 00:00:00,3998.87,4024.46,3991.39,4013.4,14762.1069
2024-12-07 01:00:00,4013.4,4018.91,3978.94,3981.62,22877.0492
2024-12-07 02:00:00,3981.62,4001.6,3975.08,3991.36,13202.8066
2024-12-07 03:00:00,3991.35,3994.48,3970.0,3986.87,14446.5118
2024-12-07 04:00:00,3986.87,4000.0,3980.61,3995.26,12113.2449
2024-12-07 05:00:00,3995.26,4003.16,3981.69,3989.21,11611.0912
2024-12-07 06:00:00,3989.22,3992.25,3976.69,3978.0,9172.1801
2024-12-07 07:00:00,3978.0,3987.99,3968.0,3985.87,11561.5311
2024-12-07 08:00:00,3985.87,3996.02,3973.51,3979.22,11015.4131
2024-12-07 09:00:00,3979.21,3991.46,3978.27,3986.28,10821.5723
2024-12-07 10:00:00,3986.28,3986.44,3975.0,3981.83,9147.6256
2024-12-07 11:00:00,3981.83,4009.0,3980.41,3998.3,13398.8611
2024-12-07 12:00:00,3998.29,4004.5,3990.0,3999.12,9605.1676
2024-12-07 13:00:00,3999.13,4008.46,3991.61,3994.23,9363.7283
2024-12-07 14:00:00,3994.24,4008.0,3976.2,3997.79,13930.1878
2024-12-07 15:00:00,3997.79,4007.83,3988.44,4004.71,15759.7536
2024-12-07 16:00:00,4004.72,4006.51,3986.0,3997.2,12354.2054
2024-12-07 17:00:00,3997.2,3997.95,3986.43,3991.37,8502.8236
2024-12-07 18:00:00,3991.37,4016.47,3991.36,4011.41,11486.5704
2024-12-07 19:00:00,4011.41,4020.43,4003.57,4012.19,13947.8205
2024-12-07 20:00:00,4012.2,4024.01,4007.79,4016.91,8826.4715
2024-12-07 21:00:00,4016.91,4022.5,3998.63,4005.36,10216.8782
2024-12-07 22:00:00,4005.37,4008.5,3993.02,3994.3,7644.0419
2024-12-07 23:00:00,3994.3,4012.64,3993.4,3996.22,8152.3773
2024-12-08 00:00:00,3996.22,4005.72,3993.4,4003.79,6478.1226
2024-12-08 01:00:00,4003.79,4008.99,3985.47,3993.2,7754.3523
2024-12-08 02:00:00,3993.21,4003.23,3989.15,3997.49,6673.8297
2024-12-08 03:00:00,3997.48,4001.6,3988.15,3989.28,6395.9257
2024-12-08 04:00:00,3989.28,3995.85,3979.57,3979.58,11766.233
2024-12-08 05:00:00,3979.57,3983.98,3961.0,3970.82,11351.2629
2024-12-08 06:00:00,3970.82,3982.4,3958.87,3979.22,8610.6655
2024-12-08 07:00:00,3979.21,3986.41,3972.73,3980.6,5534.2726
2024-12-08 08:00:00,3980.6,3981.79,3937.1,3939.98,19618.502
2024-12-08 09:00:00,3939.98,3958.11,3923.5,3936.16,17039.8718
2024-12-08 10:00:00,3936.16,3965.0,3936.16,3962.74,9595.41
2024-12-08 11:00:00,3962.74,3980.41,3956.04,3971.84,9606.4905
2024-12-08 12:00:00,3971.85,3992.38,3959.4,3985.61,12091.5555
2024-12-08 13:00:00,3985.61,4003.4,3980.02,3997.17,19149.4878
2024-12-08 14:00:00,3997.17,3997.78,3976.81,3978.68,12871.8228
2024-12-08 15:00:00,3978.69,4000.0,3956.16,3990.79,16010.3617
2024-12-08 16:00:00,3990.79,3999.89,3976.2,3983.79,11870.2952
2024-12-08 17:00:00,3983.8,3991.22,3973.33,3985.17,8785.3217
2024-12-08 18:00:00,3985.18,3987.0,3965.4,3968.36,6536.6035
2024-12-08 19:00:00,3968.35,3992.9,3964.4,3989.99,8438.6087
2024-12-08 20:00:00,3989.99,3992.6,3976.0,3976.6,6052.9341
2024-12-08 21:00:00,3976.6,3992.71,3975.4,3991.01,4612.3863
2024-12-08 22:00:00,3991.0,4010.71,3988.44,4010.34,8774.7288
2024-12-08 23:00:00,4010.34,4015.58,3987.8,4004.15,15743.1238
2024-12-09 00:00:00,4004.15,4006.17,3953.54,3972.37,29234.7891
2024-12-09 01:00:00,3972.36,3980.05,3942.2,3945.0,14564.4115
2024-12-09 02:00:00,3945.0,3959.2,3935.0,3941.53,12653.7861
2024-12-09 03:00:00,3941.54,3955.13,3905.21,3929.37,18452.7302
2024-12-09 04:00:00,3929.37,3940.98,3903.66,3940.97,16348.7548
2024-12-09 05:00:00,3940.98,3948.91,3934.6,3943.38,13096.0962
2024-12-09 06:00:00,3943.39,3943.5,3906.0,3916.0,13296.2788
2024-12-09 07:00:00,3916.01,3927.31,3880.44,3918.44,32450.5731
2024-12-09 08:00:00,3918.44,3920.0,3860.48,3866.85,34689.0182
2024-12-09 09:00:00,3866.81,3886.0,3850.01,3873.53,27162.8424
2024-12-09 10:00:00,3873.53,3888.22,3864.73,3884.39,12440.1917
2024-12-09 11:00:00,3884.4,3884.4,3841.24,3850.88,21043.6835
2024-12-09 12:00:00,3850.88,3867.36,3836.84,3864.25,22055.0491
2024-12-09 13:00:00,3864.24,3903.0,3851.14,3897.01,22703.8552
2024-12-09 14:00:00,3897.0,3946.0,3877.15,3931.78,37667.3001
2024-12-09 15:00:00,3931.78,3937.4,3804.32,3824.0,81586.3713
2024-12-09 16:00:00,3824.0,3866.35,3807.42,3846.13,33132.3047
2024-12-09 17:00:00,3846.12,3863.77,3827.1,3827.41,15423.342
2024-12-09 18:00:00,3827.41,3858.0,3826.7,3837.11,15538.4473
2024-12-09 19:00:00,3837.1,3837.11,3786.87,3795.78,44379.6568
2024-12-09 20:00:00,3795.77,3804.19,3723.33,3743.79,81573.8237
2024-12-09 21:00:00,3743.79,3747.94,3509.0,3698.36,164375.2535
2024-12-09 22:00:00,3698.36,3731.11,3513.41,3714.19,140435.6294
2024-12-09 23:00:00,3714.18,3735.0,3690.0,3712.0,35338.0114
2024-12-10 00:00:00,3712.0,3780.76,3678.26,3767.43,52701.9576
2024-12-10 01:00:00,3767.43,3774.6,3724.66,3757.89,30195.449
2024-12-10 02:00:00,3757.89,3758.17,3684.36,3686.94,32445.4054
2024-12-10 03:00:00,3686.98,3698.8,3615.11,3682.4,86304.74
2024-12-10 04:00:00,3682.39,3709.69,3638.0,3708.72,34729.1632
2024-12-10 05:00:00,3708.62,3713.4,3679.41,3702.82,18896.1841
2024-12-10 06:00:00,3702.82,3743.65,3691.5,3739.5,21818.4157
2024-12-10 07:00:00,3739.49,3740.38,3719.02,3734.55,19697.0624
2024-12-10 08:00:00,3734.54,3752.0,3713.56,3743.15,17246.9543
2024-12-10 09:00:00,3743.14,3766.0,3736.5,3751.89,18470.5125
2024-12-10 10:00:00,3751.89,3773.39,3750.31,3763.8,17662.158
2024-12-10 11:00:00,3763.79,3763.8,3738.2,3750.11,13089.7642
2024-12-10 12:00:00,3750.1,3754.5,3665.16,3677.21,48344.2677
2024-12-10 13:00:00,3677.2,3713.39,3673.76,3693.66,36558.2102
2024-12-10 14:00:00,3693.67,3731.66,3655.18,3671.44,55266.816
2024-12-10 15:00:00,3671.44,3689.61,3555.41,3567.75,119862.93
2024-12-10 16:00:00,3567.76,3618.89,3530.0,3613.4,100110.4712
2024-12-10 17:00:00,3613.4,3615.6,3520.2,3527.51,68615.8566
2024-12-10 18:00:00,3527.52,3596.9,3515.89,3580.71,42957.9704
2024-12-10 19:00:00,3580.71,3634.92,3577.0,3628.82,26701.0364
2024-12-10 20:00:00,3628.81,3657.87,3619.8,3646.7,24903.2341
2024-12-10 21:00:00,3646.7,3673.2,3630.08,3639.13,21385.2496
2024-12-10 22:00:00,3639.14,3655.93,3630.0,3633.22,14391.932
2024-12-10 23:00:00,3633.21,3653.0,3613.3,3628.25,19850.2931
2024-12-11 00:00:00,3628.24,3638.31,3581.0,3611.94,21727.145
2024-12-11 01:00:00,3611.93,3613.63,3565.42,3567.19,25061.4304
2024-12-11 02:00:00,3567.19,3658.48,3562.34,3651.2,21431.8153
2024-12-11 03:00:00,3651.2,3668.96,3648.02,3665.23,15458.0593
2024-12-11 04:00:00,3665.23,3681.5,3657.4,3668.4,12690.6593
2024-12-11 05:00:00,3668.4,3674.98,3646.0,3659.19,11503.1255
2024-12-11 06:00:00,3659.2,3678.4,3651.0,3674.82,9201.9054
2024-12-11 07:00:00,3674.82,3681.81,3650.61,3652.58,13693.0196
2024-12-11 08:00:00,3652.58,3707.0,3651.23,3696.5,20672.8531
2024-12-11 09:00:00,3696.5,3700.0,3683.6,3699.7,12754.6798
2024-12-11 10:00:00,3699.69,3708.71,3694.6,3707.81,12428.7142
2024-12-11 11:00:00,3707.8,3728.0,3704.6,3716.84,16278.132
2024-12-11 12:00:00,3716.84,3737.4,3710.18,3722.33,14895.7282
2024-12-11 13:00:00,3722.34,3749.79,3709.17,3743.78,31317.0271
2024-12-11 14:00:00,3743.77,3777.57,3716.79,3770.8,32296.7328
2024-12-11 15:00:00,3770.8,3821.0,3763.51,3787.34,53306.7459
2024-12-11 16:00:00,3787.34,3803.87,3778.56,3797.5,29062.6959
2024-12-11 17:00:00,3797.49,3814.2,3757.61,3762.35,22610.2886
2024-12-11 18:00:00,3762.35,3808.0,3753.5,3790.5,20302.6034
2024-12-11 19:00:00,3790.5,3812.37,3788.56,3803.91,11868.4727
2024-12-11 20:00:00,3803.91,3840.0,3803.0,3832.36,21169.0309
2024-12-11 21:00:00,3832.22,3834.44,3811.96,3828.67,9900.8258
2024-12-11 22:00:00,3828.66,3846.0,3823.0,3836.01,10848.3045
2024-12-11 23:00:00,3836.0,3848.64,3824.4,3831.81,11338.7854
2024-12-12 00:00:00,3831.82,3837.33,3806.4,3817.81,12428.5313
2024-12-12 01:00:00,3817.81,3823.71,3796.8,3804.23,11916.0117
2024-12-12 02:00:00,3804.23,3884.94,3801.01,3880.39,22931.882
2024-12-12 03:00:00,3880.39,3947.81,3849.68,3935.0,49716.5494
2024-12-12 04:00:00,3935.0,3944.68,3894.09,3908.96,24845.9526
2024-12-12 05:00:00,3908.95,3945.67,3901.61,3925.4,20455.1274
2024-12-12 06:00:00,3925.4,3937.27,3907.27,3937.26,14934.2409
2024-12-12 07:00:00,3937.26,3941.6,3902.74,3905.4,15406.2198
2024-12-12 08:00:00,3905.4,3922.61,3901.6,3911.99,11793.1001
2024-12-12 09:00:00,3911.99,3937.0,3911.39,3922.31,11335.2041
2024-12-12 10:00:00,3922.31,3925.67,3891.32,3925.67,19623.4197
2024-12-12 11:00:00,3925.67,3937.99,3903.0,3913.38,17480.856
2024-12-12 12:00:00,3913.38,3962.6,3913.38,3955.3,22959.6428
2024-12-12 13:00:00,3955.3,3979.2,3916.34,3942.6,61033.0743
2024-12-12 14:00:00,3942.6,3984.8,3931.0,3981.92,45928.7127
2024-12-12 15:00:00,3981.91,3987.41,3939.07,3957.67,31396.6638
2024-12-12 16:00:00,3957.77,3985.56,3929.36,3934.24,31292.6389
2024-12-12 17:00:00,3934.23,3966.6,3928.2,3961.79,17347.7878
2024-12-12 18:00:00,3961.79,3966.38,3913.0,3920.64,15683.159
2024-12-12 19:00:00,3920.64,3933.16,3853.83,3871.14,45426.8852
2024-12-12 20:00:00,3871.13,3902.04,3864.26,3886.87,18404.5927
2024-12-12 21:00:00,3886.83,3895.53,3862.5,3865.69,16233.768
2024-12-12 22:00:00,3865.68,3889.58,3836.07,3882.73,25129.6775
2024-12-12 23:00:00,3882.73,3887.14,3858.35,3881.61,8394.9366
2024-12-13 00:00:00,3881.6,3906.0,3874.63,3888.8,11185.1113
2024-12-13 01:00:00,3888.81,3889.5,3852.94,3884.0,15946.0667
2024-12-13 02:00:00,3884.0,3928.05,3878.5,3907.49,20095.9572
2024-12-13 03:00:00,3907.49,3941.19,3902.16,3932.83,17314.8915
2024-12-13 04:00:00,3932.83,3936.26,3911.96,3916.97,12409.9115
2024-12-13 05:00:00,3916.98,3931.4,3904.61,3908.99,8100.4455
2024-12-13 06:00:00,3909.0,3926.8,3886.99,3886.99,11644.9749
2024-12-13 07:00:00,3886.99,3904.39,3871.0,3885.64,19820.8774
2024-12-13 08:00:00,3885.64,3903.8,3874.2,3898.31,15943.3636
2024-12-13 09:00:00,3898.31,3904.2,3875.46,3889.61,10880.176
2024-12-13 10:00:00,3889.61,3907.05,3872.2,3904.0,11275.7477
2024-12-13 11:00:00,3904.01,3923.66,3901.5,3901.5,16133.8208
2024-12-13 12:00:00,3901.5,3931.58,3901.5,3930.69,16640.7691
2024-12-13 13:00:00,3930.69,3936.43,3908.89,3924.53,21933.5274
2024-12-13 14:00:00,3924.54,3951.4,3917.8,3951.0,27056.3915
2024-12-13 15:00:00,3951.0,3968.47,3879.0,3886.21,41633.2703
2024-12-13 16:00:00,3886.2,3934.8,3880.07,3912.0,27791.8055
2024-12-13 17:00:00,3912.0,3946.37,3907.16,3939.49,16587.5884
2024-12-13 18:00:00,3939.48,3941.39,3912.0,3912.83,14388.7913
2024-12-13 19:00:00,3912.83,3926.92,3911.0,3917.98,7574.137
2024-12-13 20:00:00,3917.99,3936.0,3910.14,3917.49,15498.4796
2024-12-13 21:00:00,3917.5,3918.0,3891.0,3902.0,12286.39
2024-12-13 22:00:00,3902.0,3906.58,3892.36,3896.45,8739.5695
2024-12-13 23:00:00,3896.44,3913.46,3895.0,3906.8,6883.6236
2024-12-14 00:00:00,3906.8,3926.55,3895.67,3906.01,9578.4826
2024-12-14 01:00:00,3906.0,3945.0,3905.63,3925.21,20868.8685
2024-12-14 02:00:00,3925.2,3927.68,3902.61,3912.61,8454.3593
2024-12-14 03:00:00,3912.6,3921.65,3904.5,3910.83,9175.533
2024-12-14 04:00:00,3910.83,3918.4,3906.26,3915.54,6406.8637
2024-12-14 05:00:00,3915.55,3921.49,3909.0,3920.6,4990.6892
2024-12-14 06:00:00,3920.59,3935.71,3918.21,3930.89,6789.0306
2024-12-14 07:00:00,3930.89,3933.8,3919.6,3920.76,5104.2051
2024-12-14 08:00:00,3920.75,3931.38,3916.91,3925.75,6488.3447
2024-12-14 09:00:00,3925.75,3927.27,3911.2,3911.79,6018.6907
2024-12-14 10:00:00,3911.79,3912.37,3886.2,3897.9,14043.7542
2024-12-14 11:00:00,3897.89,3905.58,3891.5,3894.53,6048.5338
2024-12-14 12:00:00,3894.53,3898.8,3865.02,3868.84,16110.1714
2024-12-14 13:00:00,3868.83,3875.81,3846.3,3863.59,21626.6617
2024-12-14 14:00:00,3863.58,3892.81,3863.0,3884.2,10101.7399
2024-12-14 15:00:00,3884.2,3893.95,3877.68,3889.01,11261.3238
2024-12-14 16:00:00,3889.0,3897.48,3869.0,3893.21,15885.3003
2024-12-14 17:00:00,3893.21,3898.23,3842.0,3859.21,20382.2007
2024-12-14 18:00:00,3859.21,3863.55,3827.0,3833.59,19697.6738
2024-12-14 19:00:00,3833.59,3860.8,3830.87,3859.11,9899.4083
2024-12-14 20:00:00,3859.11,3865.8,3825.03,3832.95,10447.9465
2024-12-14 21:00:00,3832.95,3857.38,3831.97,3848.11,6569.8893
2024-12-14 22:00:00,3848.1,3867.55,3839.0,3861.89,8622.5576
2024-12-14 23:00:00,3861.89,3876.87,3854.8,3870.29,10966.7192
2024-12-15 00:00:00,3870.3,3875.44,3856.02,3864.21,5579.7368
2024-12-15 01:00:00,3864.21,3895.53,3863.52,3890.11,8991.301
2024-12-15 02:00:00,3890.11,3893.0,3882.53,3884.1,5506.4433
2024-12-15 03:00:00,3884.09,3887.2,3872.61,3874.48,4706.3579
2024-12-15 04:00:00,3874.49,3911.5,3872.6,3897.39,11874.6334
2024-12-15 05:00:00,3897.38,3905.0,3891.5,3892.84,5371.8587
2024-12-15 06:00:00,3892.84,3895.2,3875.95,3877.9,6793.4425
2024-12-15 07:00:00,3877.9,3883.18,3831.5,3845.2,14016.123
2024-12-15 08:00:00,3845.19,3865.51,3837.21,3862.41,8629.7583
2024-12-15 09:00:00,3862.41,3868.0,3851.8,3863.38,5748.8408
2024-12-15 10:00:00,3863.39,3874.31,3860.42,3860.43,5464.9945
2024-12-15 11:00:00,3860.42,3879.01,3859.36,3877.61,5746.7897
2024-12-15 12:00:00,3877.61,3893.2,3867.99,3884.63,13181.8887
2024-12-15 13:00:00,3884.62,3893.53,3873.0,3884.03,9666.9073
2024-12-15 14:00:00,3884.02,3910.33,3883.23,3907.08,11575.7058
2024-12-15 15:00:00,3907.07,3909.34,3887.11,3894.76,10189.9493
2024-12-15 16:00:00,3894.76,3919.6,3886.4,3911.81,11466.6553
2024-12-15 17:00:00,3911.82,3916.71,3902.13,3910.41,6472.1626
2024-12-15 18:00:00,3910.41,3913.6,3890.79,3898.82,6304.1872
2024-12-15 19:00:00,3898.82,3913.61,3898.03,3904.09,7568.637
2024-12-15 20:00:00,3904.09,3911.13,3889.74,3892.0,9112.4065
2024-12-15 21:00:00,3892.01,3892.64,3844.4,3856.23,21134.2227
2024-12-15 22:00:00,3856.23,3900.0,3850.0,3889.21,13702.0115
2024-12-15 23:00:00,3889.21,3974.61,3887.41,3959.09,45028.2003
2024-12-16 00:00:00,3959.09,4019.0,3948.75,4000.27,61008.694
2024-12-16 01:00:00,4000.28,4025.18,3989.18,4009.59,43873.3144
2024-12-16 02:00:00,4009.6,4011.59,3961.11,3971.21,20146.8237
2024-12-16 03:00:00,3971.2,3977.78,3928.88,3942.6,19601.91
2024-12-16 04:00:00,3942.6,3961.92,3935.23,3955.0,10169.4135
2024-12-16 05:00:00,3955.0,3972.2,3946.21,3966.86,9080.727
2024-12-16 06:00:00,3966.86,3975.0,3950.4,3957.81,10145.9031
2024-12-16 07:00:00,3957.81,3983.0,3952.76,3974.01,14412.3444
2024-12-16 08:00:00,3974.0,3975.91,3951.53,3951.83,11306.4797
2024-12-16 09:00:00,3951.84,3961.21,3935.5,3942.28,13577.057
2024-12-16 10:00:00,3942.29,3954.7,3926.05,3950.81,18631.9045
2024-12-16 11:00:00,3950.8,3953.35,3902.39,3909.67,20394.8455
2024-12-16 12:00:00,3909.68,3926.15,3886.42,3894.99,34886.9683
2024-12-16 13:00:00,3895.0,3914.42,3884.0,3898.75,17293.2727
2024-12-16 14:00:00,3898.75,3960.0,3898.51,3929.99,31075.3801
2024-12-16 15:00:00,3930.0,3949.2,3917.95,3941.21,39028.6036
2024-12-16 16:00:00,3941.21,3973.0,3939.4,3962.41,31949.4036
2024-12-16 17:00:00,3962.42,4042.11,3958.6,4033.7,66377.4354
2024-12-16 18:00:00,4033.7,4107.8,4031.71,4086.66,73953.7892
2024-12-16 19:00:00,4086.66,4088.22,4033.24,4056.88,48001.6435
2024-12-16 20:00:00,4056.89,4071.99,4036.27,4043.39,23227.4679
2024-12-16 21:00:00,4043.39,4054.41,4017.79,4047.31,20097.686
2024-12-16 22:00:00,4047.31,4053.99,4024.15,4031.04,13653.6963
2024-12-16 23:00:00,4031.04,4038.6,3980.0,3986.24,21456.3089
2024-12-17 00:00:00,3986.24,3989.6,3950.0,3959.01,28520.8595
2024-12-17 01:00:00,3959.0,3993.04,3943.0,3987.23,16691.2076
2024-12-17 02:00:00,3987.23,4024.08,3987.23,4009.72,16129.9992
2024-12-17 03:00:00,4009.72,4041.82,4008.0,4035.01,11692.8273
2024-12-17 04:00:00,4035.01,4035.02,3999.63,4005.2,14638.8948
2024-12-17 05:00:00,4005.21,4027.8,3999.6,4024.53,8270.384
2024-12-17 06:00:00,4024.53,4030.8,3996.02,4010.09,10114.661
2024-12-17 07:00:00,4010.1,4024.4,3982.77,3994.24,16937.3037
2024-12-17 08:00:00,3994.23,4019.19,3992.52,4010.62,14089.9454
2024-12-17 09:00:00,4010.61,4031.38,4004.2,4027.0,14196.0969
2024-12-17 10:00:00,4027.0,4030.0,4004.0,4011.33,12164.7764
2024-12-17 11:00:00,4011.34,4023.0,3990.0,3997.14,11391.7063
2024-12-17 12:00:00,3997.15,4013.24,3986.21,4002.2,13750.5093
2024-12-17 13:00:00,4002.2,4019.12,3994.38,4007.6,13224.3076
2024-12-17 14:00:00,4007.61,4025.6,3975.4,4020.01,30719.9187
2024-12-17 15:00:00,4020.02,4020.02,3916.57,3939.18,61296.113
2024-12-17 16:00:00,3939.19,3962.28,3922.0,3953.02,23571.1415
2024-12-17 17:00:00,3953.03,3984.46,3942.98,3974.52,13979.0467
2024-12-17 18:00:00,3974.52,3981.6,3926.0,3930.97,19539.5532
2024-12-17 19:00:00,3930.98,3954.09,3917.2,3943.99,14603.8424
2024-12-17 20:00:00,3944.0,3952.0,3924.64,3936.5,11807.9679
2024-12-17 21:00:00,3936.5,3951.08,3921.0,3932.01,8801.3726
2024-12-17 22:00:00,3932.01,3937.4,3853.2,3883.33,32603.3736
2024-12-17 23:00:00,3883.32,3893.93,3847.96,3893.01,32090.1775
2024-12-18 00:00:00,3893.01,3903.2,3855.99,3883.43,21721.9319
2024-12-18 01:00:00,3883.43,3897.42,3834.66,3845.06,23399.6152
2024-12-18 02:00:00,3845.06,3880.54,3838.49,3870.66,19468.4574
2024-12-18 03:00:00,3870.66,3874.36,3838.0,3849.81,15974.7349
2024-12-18 04:00:00,3849.8,3850.77,3814.4,3841.12,26644.9496
2024-12-18 05:00:00,3841.12,3861.7,3829.0,3836.48,14837.89
2024-12-18 06:00:00,3836.48,3849.98,3803.63,3829.38,27766.7342
2024-12-18 07:00:00,3829.38,3856.79,3825.27,3847.33,14655.3546
2024-12-18 08:00:00,3847.33,3861.24,3842.12,3842.61,10870.1874
2024-12-18 09:00:00,3842.62,3878.01,3841.6,3869.81,12331.8882
2024-12-18 10:00:00,3869.81,3876.97,3859.99,3873.39,10119.4272
2024-12-18 11:00:00,3873.4,3887.32,3872.0,3882.65,11433.3046
2024-12-18 12:00:00,3882.66,3891.09,3852.43,3861.22,19569.3202
2024-12-18 13:00:00,3861.22,3875.96,3852.37,3855.71,15249.1622
2024-12-18 14:00:00,3855.72,3873.04,3833.07,3837.55,21708.75
2024-12-18 15:00:00,3837.56,3873.51,3825.0,3867.98,28823.6817
2024-12-18 16:00:00,3867.99,3879.4,3836.29,3872.13,16259.8498
2024-12-18 17:00:00,3872.14,3892.0,3856.5,3879.54,15136.465
2024-12-18 18:00:00,3879.55,3902.51,3867.46,3899.09,11176.7325
2024-12-18 19:00:00,3899.09,3907.19,3770.0,3770.29,77533.4753
2024-12-18 20:00:00,3770.3,3786.23,3650.0,3695.0,186764.2125
2024-12-18 21:00:00,3695.01,3714.34,3662.5,3692.8,50839.7621
2024-12-18 22:00:00,3692.74,3702.98,3664.21,3680.75,24024.0878
2024-12-18 23:00:00,3680.76,3681.17,3617.42,3626.8,46195.0875
2024-12-19 00:00:00,3626.8,3664.92,3626.08,3655.99,32865.0968
2024-12-19 01:00:00,3656.0,3657.6,3596.55,3609.79,32464.0298
2024-12-19 02:00:00,3609.78,3654.34,3542.22,3648.87,101950.8976
2024-12-19 03:00:00,3648.88,3673.82,3644.47,3668.9,32608.0929
2024-12-19 04:00:00,3668.9,3676.6,3653.0,3654.01,13227.5826
2024-12-19 05:00:00,3654.01,3680.08,3654.0,3671.11,13037.5948
2024-12-19 06:00:00,3671.11,3692.4,3664.4,3680.0,16382.4881
2024-12-19 07:00:00,3680.0,3699.58,3678.31,3693.79,19481.468
2024-12-19 08:00:00,3693.79,3693.79,3666.4,3669.24,14746.2004
2024-12-19 09:00:00,3669.24,3680.8,3664.28,3680.0,11806.6026
2024-12-19 10:00:00,3680.0,3720.0,3671.61,3707.59,20188.9019
2024-12-19 11:00:00,3707.6,3712.99,3697.09,3705.62,11556.9539
2024-12-19 12:00:00,3705.62,3710.2,3674.4,3679.73,15833.5775
2024-12-19 13:00:00,3679.73,3699.31,3673.48,3678.39,23140.9521
2024-12-19 14:00:00,3678.39,3702.51,3634.34,3638.59,37906.7045
2024-12-19 15:00:00,3638.59,3640.94,3572.73,3613.92,61338.9843
2024-12-19 16:00:00,3613.92,3637.1,3589.07,3620.17,26959.945
2024-12-19 17:00:00,3620.17,3621.01,3394.97,3479.84,148346.1249
2024-12-19 18:00:00,3479.83,3521.05,3403.12,3519.91,122796.1941
2024-12-19 19:00:00,3519.9,3528.69,3376.2,3439.44,94436.3717
2024-12-19 20:00:00,3439.45,3442.2,3326.8,3381.47,126190.2947
2024-12-19 21:00:00,3381.48,3453.77,3350.0,3419.07,50221.8298
2024-12-19 22:00:00,3419.01,3465.11,3404.07,3459.41,27685.934
2024-12-19 23:00:00,3459.41,3459.78,3415.63,3417.01,22980.6631
2024-12-20 00:00:00,3417.01,3438.64,3382.49,3411.84,39549.3217
2024-12-20 01:00:00,3411.84,3431.26,3373.01,3379.49,36708.8117
2024-12-20 02:00:00,3379.5,3465.6,3370.47,3455.1,45581.3704
2024-12-20 03:00:00,3455.11,3457.35,3406.8,3413.87,25179.137
2024-12-20 04:00:00,3413.85,3431.16,3393.07,3393.74,24371.6835
2024-12-20 05:00:00,3393.74,3402.89,3352.0,3356.85,33208.1064
2024-12-20 06:00:00,3356.84,3390.4,3328.44,3359.22,40720.459
2024-12-20 07:00:00,3359.22,3418.54,3357.51,3390.48,47536.1542
2024-12-20 08:00:00,3390.48,3390.79,3280.0,3290.29,98189.8031
2024-12-20 09:00:00,3290.29,3315.39,3260.35,3265.59,84933.051
2024-12-20 10:00:00,3265.6,3278.0,3145.65,3186.73,142491.2678
2024-12-20 11:00:00,3186.73,3218.21,3103.0,3104.56,132908.402
2024-12-20 12:00:00,3104.68,3255.0,3101.9,3236.01,96748.9933
2024-12-20 13:00:00,3236.0,3313.67,3206.69,3296.63,87564.5794
2024-12-20 14:00:00,3296.62,3356.85,3273.37,3328.54,66291.6531
2024-12-20 15:00:00,3328.55,3396.4,3327.37,3374.61,84869.0874
2024-12-20 16:00:00,3374.62,3423.81,3366.68,3383.18,69322.6844
2024-12-20 17:00:00,3383.18,3452.21,3371.4,3437.81,33547.3206
2024-12-20 18:00:00,3437.81,3451.48,3413.06,3429.55,24018.01
2024-12-20 19:00:00,3429.55,3497.84,3427.63,3479.35,33778.9635
2024-12-20 20:00:00,3479.36,3480.45,3437.78,3440.75,20938.074
2024-12-20 21:00:00,3440.75,3450.23,3393.09,3440.31,30925.6803
2024-12-20 22:00:00,3440.31,3480.24,3434.03,3472.0,18522.1605
2024-12-20 23:00:00,3471.99,3489.99,3459.18,3472.21,14878.9567
2024-12-21 00:00:00,3472.2,3477.68,3445.35,3457.63,14156.575
2024-12-21 01:00:00,3457.62,3483.3,3455.06,3473.03,20044.8526
2024-12-21 02:00:00,3473.03,3489.96,3460.0,3474.72,12461.7329
2024-12-21 03:00:00,3474.72,3478.74,3455.0,3467.64,7912.0257
2024-12-21 04:00:00,3467.64,3488.82,3460.8,3483.0,12238.1553
2024-12-21 05:00:00,3483.01,3532.99,3476.95,3532.59,22030.2716
2024-12-21 06:00:00,3532.59,3534.3,3504.83,3531.95,28776.8992
2024-12-21 07:00:00,3531.95,3555.18,3523.01,3523.46,22470.5953
2024-12-21 08:00:00,3523.45,3527.49,3479.33,3484.5,22373.9839
2024-12-21 09:00:00,3484.5,3489.2,3456.96,3482.76,16056.5709
2024-12-21 10:00:00,3482.76,3497.12,3456.34,3466.13,15124.6651
2024-12-21 11:00:00,3466.14,3471.2,3423.91,3442.23,18288.4102
2024-12-21 12:00:00,3442.23,3444.24,3400.06,3403.19,28874.5211
2024-12-21 13:00:00,3403.2,3422.45,3347.0,3390.56,56084.2
2024-12-21 14:00:00,3390.56,3418.89,3372.5,3375.27,25399.8446
2024-12-21 15:00:00,3375.27,3403.98,3373.45,3390.4,11499.5158
2024-12-21 16:00:00,3390.4,3401.33,3358.42,3369.99,22938.3673
2024-12-21 17:00:00,3370.07,3388.12,3349.85,3382.18,19195.832
2024-12-21 18:00:00,3382.18,3392.26,3351.78,3363.4,13286.6218
2024-12-21 19:00:00,3363.4,3364.36,3326.59,3359.89,24069.8646
2024-12-21 20:00:00,3359.89,3388.88,3349.01,3357.44,17285.4638
2024-12-21 21:00:00,3357.44,3362.64,3303.2,3318.0,18575.6932
2024-12-21 22:00:00,3318.0,3338.0,3293.11,3330.5,16003.115
2024-12-21 23:00:00,3330.5,3343.02,3303.69,3338.92,10128.0431
2024-12-22 00:00:00,3338.92,3369.44,3323.64,3362.37,12391.9531
2024-12-22 01:00:00,3362.36,3374.48,3335.73,3356.32,10856.3323
2024-12-22 02:00:00,3356.31,3367.4,3329.34,3336.79,9376.5553
2024-12-22 03:00:00,3336.8,3362.31,3318.71,3356.38,13988.2855
2024-12-22 04:00:00,3356.38,3361.75,3311.0,3311.5,9861.5866
2024-12-22 05:00:00,3311.55,3338.98,3295.07,3330.35,15816.259
2024-12-22 06:00:00,3330.35,3350.0,3322.63,3342.54,8730.7827
2024-12-22 07:00:00,3342.54,3349.12,3323.01,3332.4,6172.9025
2024-12-22 08:00:00,3332.5,3366.66,3331.19,3357.39,12326.096
2024-12-22 09:00:00,3357.39,3401.69,3350.0,3383.51,14509.8072
2024-12-22 10:00:00,3383.52,3403.0,3378.66,3379.26,10054.0779
2024-12-22 11:00:00,3379.25,3392.0,3374.47,3381.03,7380.8918
2024-12-22 12:00:00,3381.03,3397.88,3368.51,3375.11,11861.1504
2024-12-22 13:00:00,3375.11,3390.33,3362.84,3370.97,13969.4647
2024-12-22 14:00:00,3370.97,3377.68,3275.0,3277.94,38541.2844
2024-12-22 15:00:00,3277.94,3316.2,3277.37,3302.38,22057.617
2024-12-22 16:00:00,3302.38,3337.29,3291.05,3333.46,19795.0272
2024-12-22 17:00:00,3333.45,3335.87,3312.01,3315.27,13057.8571
2024-12-22 18:00:00,3315.27,3338.65,3298.73,3311.15,15679.7219
2024-12-22 19:00:00,3311.15,3319.19,3238.0,3247.14,27045.2779
2024-12-22 20:00:00,3247.14,3291.96,3221.1,3290.77,25050.8149
2024-12-22 21:00:00,3290.81,3310.93,3274.9,3283.51,13348.2196
2024-12-22 22:00:00,3283.51,3291.14,3235.0,3288.96,18618.8014
2024-12-22 23:00:00,3288.95,3306.0,3268.51,3281.83,11429.4831
2024-12-23 00:00:00,3281.83,3290.5,3250.0,3255.32,14920.3273
2024-12-23 01:00:00,3255.25,3297.6,3216.97,3261.33,28348.7508
2024-12-23 02:00:00,3261.33,3285.5,3230.0,3282.52,21985.438
2024-12-23 03:00:00,3282.51,3357.03,3275.46,3351.0,26818.4066
2024-12-23 04:00:00,3351.0,3363.12,3316.54,3325.59,15086.1197
2024-12-23 05:00:00,3325.57,3332.19,3300.67,3319.39,12422.1044
2024-12-23 06:00:00,3319.4,3322.0,3260.48,3277.47,19841.7988
2024-12-23 07:00:00,3277.47,3306.46,3273.0,3305.2,12139.0221
2024-12-23 08:00:00,3305.2,3318.69,3293.5,3316.68,12243.7828
2024-12-23 09:00:00,3316.68,3344.0,3315.58,3336.91,17398.455
2024-12-23 10:00:00,3336.91,3354.2,3333.76,3349.78,14607.0652
2024-12-23 11:00:00,3349.78,3355.54,3332.1,3339.54,10293.6953
2024-12-23 12:00:00,3339.51,3361.78,3334.8,3349.08,15499.1032
2024-12-23 13:00:00,3349.07,3353.61,3308.11,3317.6,20883.6725
2024-12-23 14:00:00,3317.6,3355.27,3281.4,3313.12,32722.5158
2024-12-23 15:00:00,3313.12,3314.29,3269.35,3277.2,30019.457
2024-12-23 16:00:00,3277.19,3384.6,3270.91,3374.67,40361.7622
2024-12-23 17:00:00,3374.67,3382.45,3327.77,3336.02,26548.1545
2024-12-23 18:00:00,3336.02,3348.19,3297.52,3305.0,13481.7255
2024-12-23 19:00:00,3304.99,3354.5,3304.01,3338.21,17249.0358
2024-12-23 20:00:00,3338.21,3415.67,3329.66,3403.59,23401.6479
2024-12-23 21:00:00,3403.6,3459.88,3403.2,3423.01,32135.5459
2024-12-23 22:00:00,3423.0,3466.99,3417.73,3459.68,15127.9825
2024-12-23 23:00:00,3459.68,3465.25,3415.61,3422.53,14717.8412
2024-12-24 00:00:00,3422.53,3426.4,3390.01,3419.03,14717.657
2024-12-24 01:00:00,3419.03,3422.76,3377.13,3383.34,14631.8163
2024-12-24 02:00:00,3383.34,3392.57,3358.19,3372.76,12689.6227
2024-12-24 03:00:00,3372.76,3398.79,3372.76,3396.94,10022.6019
2024-12-24 04:00:00,3396.95,3417.32,3387.3,3413.32,9567.9625
2024-12-24 05:00:00,3413.33,3434.97,3408.5,3423.98,8873.9008
2024-12-24 06:00:00,3423.99,3426.81,3386.95,3393.42,10262.0836
2024-12-24 07:00:00,3393.42,3415.66,3385.02,3401.22,8984.1094
2024-12-24 08:00:00,3401.22,3416.65,3393.44,3413.69,9442.0549
2024-12-24 09:00:00,3413.69,3415.5,3385.98,3399.51,9599.7995
2024-12-24 10:00:00,3399.5,3405.54,3389.93,3393.19,10018.8228
2024-12-24 11:00:00,3393.2,3416.04,3392.69,3414.56,5649.304
2024-12-24 12:00:00,3414.56,3415.94,3395.59,3406.55,9427.953
2024-12-24 13:00:00,3406.64,3456.26,3401.68,3452.96,18744.7213
2024-12-24 14:00:00,3452.95,3471.29,3430.73,3455.91,27559.359
2024-12-24 15:00:00,3455.9,3510.0,3443.98,3493.07,28995.1068
2024-12-24 16:00:00,3493.07,3519.0,3475.48,3480.0,20900.4783
2024-12-24 17:00:00,3480.0,3510.96,3479.5,3501.75,17125.7911
2024-12-24 18:00:00,3501.76,3539.65,3486.6,3493.62,18957.3701
2024-12-24 19:00:00,3493.63,3499.63,3465.02,3465.52,11658.4935
2024-12-24 20:00:00,3465.51,3468.5,3431.99,3450.21,15636.8765
2024-12-24 21:00:00,3450.2,3493.2,3446.52,3489.24,9607.5583
2024-12-24 22:00:00,3489.25,3500.0,3478.0,3492.63,6616.979
2024-12-24 23:00:00,3492.62,3505.0,3489.6,3493.18,6033.254
2024-12-25 00:00:00,3493.17,3495.88,3478.54,3482.73,7995.2874
2024-12-25 01:00:00,3482.73,3491.41,3466.26,3473.31,9676.1638
2024-12-25 02:00:00,3473.3,3491.74,3458.0,3485.31,11761.0005
2024-12-25 03:00:00,3485.31,3495.97,3468.16,3478.23,8020.0374
2024-12-25 04:00:00,3478.23,3492.33,3469.61,3488.81,5181.6388
2024-12-25 05:00:00,3488.81,3499.0,3483.13,3492.2,4477.6004
2024-12-25 06:00:00,3492.19,3509.68,3482.6,3486.7,7320.9979
2024-12-25 07:00:00,3486.7,3505.69,3480.0,3489.22,6489.8202
2024-12-25 08:00:00,3489.21,3502.4,3481.0,3489.2,8367.7886
2024-12-25 09:00:00,3489.2,3499.62,3483.73,3494.99,6638.2523
2024-12-25 10:00:00,3494.99,3547.95,3492.0,3514.79,25374.1203
2024-12-25 11:00:00,3514.69,3524.81,3465.43,3471.04,16308.9173
2024-12-25 12:00:00,3471.04,3492.67,3457.7,3478.45,16372.0029
2024-12-25 13:00:00,3478.45,3490.93,3473.99,3482.57,7790.4444
2024-12-25 14:00:00,3482.57,3501.05,3478.53,3490.59,8613.9488
2024-12-25 15:00:00,3490.6,3491.63,3458.7,3472.99,10487.4077
2024-12-25 16:00:00,3473.0,3478.8,3440.93,3454.48,13094.5833
2024-12-25 17:00:00,3454.49,3472.22,3446.6,3471.0,5580.9526
2024-12-25 18:00:00,3471.0,3479.05,3465.77,3470.68,5907.5706
2024-12-25 19:00:00,3470.68,3488.55,3467.4,3481.21,5699.9969
2024-12-25 20:00:00,3481.21,3488.39,3466.41,3473.73,4739.653
2024-12-25 21:00:00,3473.73,3482.6,3449.64,3467.59,8415.6934
2024-12-25 22:00:00,3467.59,3485.7,3460.94,3475.6,6415.0092
2024-12-25 23:00:00,3475.6,3500.0,3475.11,3497.0,9117.1575
2024-12-26 00:00:00,3497.0,3514.94,3475.2,3482.31,12831.6245
2024-12-26 01:00:00,3482.31,3490.0,3464.46,3476.49,10302.6204
2024-12-26 02:00:00,3476.37,3481.0,3455.93,3460.61,9277.587
2024-12-26 03:00:00,3460.61,3466.0,3450.45,3455.71,7078.2762
2024-12-26 04:00:00,3455.71,3455.71,3426.79,3441.39,10831.0619
2024-12-26 05:00:00,3441.39,3447.61,3428.57,3441.97,7655.8439
2024-12-26 06:00:00,3441.97,3450.8,3432.57,3440.01,6342.0776
2024-12-26 07:00:00,3440.01,3446.65,3417.95,3422.0,12181.8419
2024-12-26 08:00:00,3422.0,3426.0,3346.87,3366.48,42539.7727
2024-12-26 09:00:00,3366.51,3381.0,3364.56,3372.42,15878.2027
2024-12-26 10:00:00,3372.42,3378.63,3358.4,3369.42,11027.6872
2024-12-26 11:00:00,3369.42,3384.05,3367.1,3373.28,6259.4959
2024-12-26 12:00:00,3373.28,3373.28,3354.41,3358.02,7979.4084
2024-12-26 13:00:00,3358.01,3364.37,3336.8,3354.19,16675.6435
2024-12-26 14:00:00,3354.19,3374.0,3328.21,3340.0,16316.4031
2024-12-26 15:00:00,3340.01,3360.23,3330.25,3344.13,11875.1749
2024-12-26 16:00:00,3344.14,3363.25,3335.08,3356.97,12403.8183
2024-12-26 17:00:00,3356.97,3365.01,3313.5,3327.7,19218.873
2024-12-26 18:00:00,3327.71,3339.7,3317.01,3337.38,10822.9078
2024-12-26 19:00:00,3337.38,3341.82,3314.01,3339.75,8566.3078
2024-12-26 20:00:00,3339.74,3341.82,3308.33,3329.81,10492.1746
2024-12-26 21:00:00,3329.82,3344.09,3304.63,3337.04,10686.145
2024-12-26 22:00:00,3337.05,3350.0,3333.36,3340.96,8460.6228
2024-12-26 23:00:00,3340.96,3342.26,3310.68,3335.05,24466.6008
2024-12-27 00:00:00,3335.04,3349.3,3317.27,3347.42,9994.0377
2024-12-27 01:00:00,3347.42,3374.72,3341.44,3364.2,12599.5113
2024-12-27 02:00:00,3364.2,3388.57,3352.01,3364.99,15032.4902
2024-12-27 03:00:00,3365.0,3385.6,3359.67,3379.4,8004.5583
2024-12-27 04:00:00,3379.4,3392.45,3373.34,3379.17,7655.4451
2024-12-27 05:00:00,3379.17,3384.54,3362.62,3383.93,7418.6627
2024-12-27 06:00:00,3383.94,3397.99,3372.2,3397.99,7492.2773
2024-12-27 07:00:00,3397.99,3398.79,3317.25,3326.02,29023.0069
2024-12-27 08:00:00,3326.01,3372.36,3325.68,3359.0,15154.6147
2024-12-27 09:00:00,3359.0,3444.16,3358.09,3423.09,46412.4444
2024-12-27 10:00:00,3423.08,3429.28,3385.01,3402.53,15684.6238
2024-12-27 11:00:00,3402.53,3420.0,3397.2,3419.27,7488.9331
2024-12-27 12:00:00,3419.27,3423.0,3407.73,3413.84,8146.8531
2024-12-27 13:00:00,3413.84,3415.15,3379.0,3387.87,10980.8783
2024-12-27 14:00:00,3387.87,3393.64,3338.85,3359.0,23042.895
2024-12-27 15:00:00,3359.0,3360.33,3307.83,3326.32,34314.6756
2024-12-27 16:00:00,3326.32,3337.6,3309.68,3316.6,15641.6095
2024-12-27 17:00:00,3316.6,3352.94,3306.6,3351.05,17955.7883
2024-12-27 18:00:00,3350.43,3366.62,3342.2,3361.99,9750.1919
2024-12-27 19:00:00,3361.99,3362.93,3343.3,3355.0,8234.5321
2024-12-27 20:00:00,3354.99,3355.54,3335.0,3339.84,7984.338
2024-12-27 21:00:00,3339.84,3344.86,3317.6,3319.17,8402.2588
2024-12-27 22:00:00,3319.17,3334.93,3310.0,3320.84,7492.4927
2024-12-27 23:00:00,3320.85,3337.84,3315.67,3333.51,8622.485
2024-12-28 00:00:00,3333.51,3347.8,3332.2,3344.03,6916.0756
2024-12-28 01:00:00,3344.03,3347.0,3322.23,3334.01,7691.366
2024-12-28 02:00:00,3334.01,3343.45,3327.34,3327.35,5794.7754
2024-12-28 03:00:00,3327.34,3353.09,3326.92,3345.51,5836.5358
2024-12-28 04:00:00,3345.51,3348.3,3339.81,3344.47,2709.5539
2024-12-28 05:00:00,3344.47,3361.14,3344.47,3348.02,7054.5037
2024-12-28 06:00:00,3348.02,3350.8,3334.0,3341.68,8627.745
2024-12-28 07:00:00,3341.68,3349.5,3332.71,3335.53,5575.8429
2024-12-28 08:00:00,3335.53,3347.75,3333.0,3345.01,5963.9352
2024-12-28 09:00:00,3345.01,3359.26,3342.65,3351.61,7978.7414
2024-12-28 10:00:00,3351.61,3353.93,3337.36,3339.8,7268.5611
2024-12-28 11:00:00,3339.79,3363.53,3339.79,3359.23,5748.3428
2024-12-28 12:00:00,3359.23,3365.0,3351.65,3353.11,6664.6138
2024-12-28 13:00:00,3353.11,3370.06,3351.02,3366.01,7505.5859
2024-12-28 14:00:00,3366.0,3396.0,3364.19,3373.2,16246.5691
2024-12-28 15:00:00,3373.19,3388.97,3366.26,3368.38,10846.6045
2024-12-28 16:00:00,3368.39,3388.0,3365.61,3387.99,7558.7714
2024-12-28 17:00:00,3387.99,3413.0,3382.58,3394.5,12675.9972
2024-12-28 18:00:00,3394.5,3398.0,3384.13,3390.88,7774.1753
2024-12-28 19:00:00,3390.89,3402.56,3390.88,3400.87,5155.8654
2024-12-28 20:00:00,3400.87,3404.18,3393.03,3400.36,4690.1411
2024-12-28 21:00:00,3400.36,3405.53,3389.71,3403.89,4686.269
2024-12-28 22:00:00,3403.89,3428.68,3397.86,3410.61,8333.3151
2024-12-28 23:00:00,3410.6,3412.86,3397.04,3404.0,6659.7264
2024-12-29 00:00:00,3404.01,3406.6,3386.76,3393.65,6201.7798
2024-12-29 01:00:00,3393.65,3396.28,3375.62,3378.57,6063.9594
2024-12-29 02:00:00,3378.57,3393.0,3376.69,3388.16,4559.7138
2024-12-29 03:00:00,3388.17,3389.29,3377.74,3382.98,3933.8939
2024-12-29 04:00:00,3382.98,3392.58,3381.26,3388.78,2759.4402
2024-12-29 05:00:00,3388.78,3391.4,3384.3,3387.77,2785.6362
2024-12-29 06:00:00,3387.76,3398.5,3380.0,3397.38,4841.9727
2024-12-29 07:00:00,3397.39,3407.99,3392.8,3407.61,5242.5197
2024-12-29 08:00:00,3407.6,3409.81,3393.61,3396.4,7198.7357
2024-12-29 09:00:00,3396.41,3406.5,3390.0,3405.87,5214.4869
2024-12-29 10:00:00,3405.88,3413.78,3402.16,3404.5,5206.656
2024-12-29 11:00:00,3404.5,3407.92,3397.84,3398.36,3993.9333
2024-12-29 12:00:00,3398.37,3404.5,3390.79,3391.8,4345.7263
2024-12-29 13:00:00,3391.79,3400.0,3387.57,3399.39,5249.7391
2024-12-29 14:00:00,3399.38,3410.92,3354.68,3370.12,20734.7508
2024-12-29 15:00:00,3370.12,3383.26,3364.35,3373.82,5315.0307
2024-12-29 16:00:00,3373.82,3376.21,3345.9,3356.38,10681.1011
2024-12-29 17:00:00,3356.39,3365.06,3348.38,3361.08,4813.2133
2024-12-29 18:00:00,3361.08,3369.74,3350.7,3361.91,5297.6191
2024-12-29 19:00:00,3361.92,3369.65,3357.09,3362.6,4382.8382
2024-12-29 20:00:00,3362.59,3362.59,3335.0,3359.37,8374.6891
2024-12-29 21:00:00,3359.36,3368.35,3341.66,3350.27,6528.2234
2024-12-29 22:00:00,3350.27,3361.59,3326.41,3340.44,10404.9137
2024-12-29 23:00:00,3340.44,3366.62,3326.17,3356.48,12126.3095
2024-12-30 00:00:00,3356.48,3391.8,3347.77,3385.59,15888.875
2024-12-30 01:00:00,3385.59,3437.59,3383.64,3421.02,26768.4926
2024-12-30 02:00:00,3421.01,3426.48,3404.49,3417.21,10430.649
2024-12-30 03:00:00,3417.2,3425.0,3403.52,3403.76,10544.2066
2024-12-30 04:00:00,3403.75,3417.68,3391.2,3391.6,10641.7076
2024-12-30 05:00:00,3391.6,3409.6,3388.6,3408.56,8193.6468
2024-12-30 06:00:00,3408.55,3431.25,3407.08,3431.25,14354.1947
2024-12-30 07:00:00,3431.24,3432.65,3409.44,3427.0,16235.0473
2024-12-30 08:00:00,3427.01,3434.35,3412.83,3422.1,15974.2326
2024-12-30 09:00:00,3422.1,3427.91,3412.75,3421.6,8601.182
2024-12-30 10:00:00,3421.6,3427.99,3411.73,3412.42,6997.3127
2024-12-30 11:00:00,3412.42,3424.8,3395.05,3424.13,10201.055
2024-12-30 12:00:00,3424.12,3430.2,3403.72,3409.01,8341.2076
2024-12-30 13:00:00,3409.0,3413.0,3330.39,3336.84,31498.8417
2024-12-30 14:00:00,3336.89,3352.64,3310.0,3315.54,30471.8646
2024-12-30 15:00:00,3315.57,3343.98,3305.0,3324.16,33692.2557
2024-12-30 16:00:00,3324.16,3341.92,3317.5,3339.89,16076.5829
2024-12-30 17:00:00,3339.89,3408.56,3333.0,3391.27,25912.6658
2024-12-30 18:00:00,3391.24,3405.0,3382.67,3396.52,20415.4558
2024-12-30 19:00:00,3396.52,3407.6,3388.32,3401.93,11570.1986
2024-12-30 20:00:00,3401.93,3419.0,3396.58,3399.43,10496.3129
2024-12-30 21:00:00,3399.37,3401.25,3308.87,3319.26,36738.9652
2024-12-30 22:00:00,3319.26,3367.94,3317.63,3358.93,21722.4794
2024-12-30 23:00:00,3358.93,3368.45,3347.56,3361.84,19027.2155
2024-12-31 00:00:00,3361.83,3365.04,3327.2,3328.67,15740.6939
2024-12-31 01:00:00,3328.68,3345.0,3315.59,3340.6,13851.1532
2024-12-31 02:00:00,3340.6,3349.51,3332.8,3343.24,6023.8241
2024-12-31 03:00:00,3343.23,3347.3,3332.5,3340.18,5746.8545
2024-12-31 04:00:00,3340.19,3354.04,3330.5,3333.7,5880.076
2024-12-31 05:00:00,3333.71,3348.19,3328.77,3344.32,3756.6715
2024-12-31 06:00:00,3344.33,3363.42,3339.85,3353.46,9038.6361
2024-12-31 07:00:00,3353.48,3361.41,3350.05,3353.64,6179.2006
2024-12-31 08:00:00,3353.64,3410.0,3352.79,3380.14,19313.2408
2024-12-31 09:00:00,3380.13,3394.4,3378.01,3389.23,9646.6858
2024-12-31 10:00:00,3389.22,3399.66,3379.57,3394.95,9910.9878
2024-12-31 11:00:00,3394.96,3399.99,3389.76,3394.73,5666.4101
2024-12-31 12:00:00,3394.74,3414.01,3393.15,3393.16,15263.7557
2024-12-31 13:00:00,3393.15,3442.0,3393.12,3428.37,22501.4807
2024-12-31 14:00:00,3428.37,3451.0,3420.0,3426.75,32763.6388
2024-12-31 15:00:00,3426.75,3434.0,3404.66,3412.85,24795.1411
2024-12-31 16:00:00,3412.86,3416.35,3390.29,3408.62,19369.9867
2024-12-31 17:00:00,3408.63,3410.66,3330.0,3363.42,28059.3213
2024-12-31 18:00:00,3363.42,3373.18,3350.22,3361.37,12628.021
2024-12-31 19:00:00,3361.36,3368.25,3343.77,3355.38,5911.0961
2024-12-31 20:00:00,3355.37,3364.64,3337.44,3346.2,8087.2671
2024-12-31 21:00:00,3346.2,3354.44,3332.0,3352.75,7845.7308
2024-12-31 22:00:00,3352.64,3352.64,3329.0,3339.88,8990.5065
2024-12-31 23:00:00,3339.88,3345.98,3328.47,3337.78,6082.7883
2025-01-01 00:00:00,3337.78,3365.71,3335.84,3363.7,8894.4444
2025-01-01 01:00:00,3363.69,3366.4,3342.67,3346.54,6138.1376
2025-01-01 02:00:00,3346.54,3368.42,3346.35,3362.61,8775.81
2025-01-01 03:00:00,3362.61,3363.72,3351.0,3355.2,4025.4646
2025-01-01 04:00:00,3355.2,3356.61,3339.45,3341.14,4626.6506
2025-01-01 05:00:00,3341.14,3351.57,3340.02,3345.41,3247.0621
2025-01-01 06:00:00,3345.41,3348.0,3336.88,3346.6,6325.1491
2025-01-01 07:00:00,3346.61,3350.49,3339.35,3347.12,5869.4211
2025-01-01 08:00:00,3347.11,3348.84,3331.56,3337.01,8469.9751
2025-01-01 09:00:00,3337.0,3341.0,3313.88,3334.64,18722.6924
2025-01-01 10:00:00,3334.83,3338.82,3325.7,3326.69,5694.9502
2025-01-01 11:00:00,3326.69,3348.35,3323.71,3341.0,6732.5827
2025-01-01 12:00:00,3341.01,3352.31,3338.58,3347.46,5866.8953
2025-01-01 13:00:00,3347.46,3353.5,3332.51,3343.37,6632.2317
2025-01-01 14:00:00,3343.37,3359.37,3328.2,3345.86,10728.9812
2025-01-01 15:00:00,3345.86,3355.91,3333.42,3352.93,7671.632
2025-01-01 16:00:00,3352.93,3357.19,3332.26,3338.68,9897.787
2025-01-01 17:00:00,3338.68,3344.81,3323.03,3343.7,6245.6219
2025-01-01 18:00:00,3343.71,3352.0,3333.26,3348.57,7571.9247
2025-01-01 19:00:00,3348.57,3364.14,3337.92,3356.55,12249.5259
2025-01-01 20:00:00,3356.56,3362.6,3352.0,3360.4,9048.4681
2025-01-01 21:00:00,3360.41,3371.39,3353.76,3368.39,8283.2453
2025-01-01 22:00:00,3368.39,3374.85,3359.0,3361.63,12395.1235
2025-01-01 23:00:00,3361.63,3366.79,3352.66,3360.38,6124.8096
2025-01-02 00:00:00,3360.39,3400.0,3354.5,3389.92,25353.4495
2025-01-02 01:00:00,3389.91,3405.6,3377.72,3383.92,12042.4553
2025-01-02 02:00:00,3383.93,3398.5,3378.0,3398.49,6649.5622
2025-01-02 03:00:00,3398.49,3401.99,3387.23,3388.55,8153.031
2025-01-02 04:00:00,3388.54,3427.54,3388.0,3417.69,21263.6161
2025-01-02 05:00:00,3417.69,3419.14,3403.99,3412.39,9082.2648
2025-01-02 06:00:00,3412.4,3415.68,3402.13,3410.37,6764.2091
2025-01-02 07:00:00,3410.37,3422.0,3408.79,3420.05,8269.1047
2025-01-02 08:00:00,3420.06,3442.62,3414.21,3437.93,12781.0633
2025-01-02 09:00:00,3437.92,3470.0,3434.4,3467.95,16975.8994
2025-01-02 10:00:00,3467.94,3476.0,3457.99,3468.81,13175.5473
2025-01-02 11:00:00,3468.81,3475.0,3456.87,3471.18,8525.1221
2025-01-02 12:00:00,3471.18,3481.14,3465.93,3480.48,11713.9902
2025-01-02 13:00:00,3480.48,3484.4,3459.44,3465.85,17496.4264
2025-01-02 14:00:00,3465.86,3509.99,3440.38,3495.19,48467.5536
2025-01-02 15:00:00,3495.15,3496.26,3456.52,3463.51,22439.9878
2025-01-02 16:00:00,3463.52,3491.19,3448.6,3469.54,20071.7158
2025-01-02 17:00:00,3469.54,3478.95,3428.99,3450.46,19324.2089
2025-01-02 18:00:00,3450.42,3465.53,3440.21,3465.24,10697.789
2025-01-02 19:00:00,3465.23,3474.69,3459.13,3463.18,9031.3711
2025-01-02 20:00:00,3463.18,3475.28,3452.04,3453.0,7230.9041
2025-01-02 21:00:00,3453.0,3455.93,3443.01,3454.2,6454.7338
2025-01-02 22:00:00,3454.2,3454.2,3421.79,3440.61,9097.7128
2025-01-02 23:00:00,3440.6,3456.99,3437.49,3455.67,7571.1691
2025-01-03 00:00:00,3455.68,3466.54,3446.75,3449.22,6987.2027
2025-01-03 01:00:00,3449.22,3465.59,3442.62,3464.83,7084.8117
2025-01-03 02:00:00,3464.83,3477.03,3457.04,3457.95,9491.4632
2025-01-03 03:00:00,3457.96,3472.89,3456.02,3470.16,6813.8043
2025-01-03 04:00:00,3470.17,3470.94,3456.0,3458.38,4721.452
2025-01-03 05:00:00,3458.39,3460.51,3444.81,3455.98,5278.9939
2025-01-03 06:00:00,3455.98,3461.51,3442.0,3442.6,6067.3688
2025-01-03 07:00:00,3442.59,3444.4,3432.44,3433.27,10366.9208
2025-01-03 08:00:00,3433.27,3442.51,3423.44,3430.2,9863.8558
2025-01-03 09:00:00,3430.2,3450.85,3429.11,3443.62,8419.4183
2025-01-03 10:00:00,3443.63,3452.0,3438.59,3446.01,6043.2111
2025-01-03 11:00:00,3446.0,3468.01,3446.0,3465.62,8910.8343
2025-01-03 12:00:00,3465.61,3476.53,3461.26,3463.83,9335.3841
2025-01-03 13:00:00,3463.83,3498.38,3463.51,3481.85,20429.6258
2025-01-03 14:00:00,3481.86,3536.64,3481.61,3527.19,40404.7648
2025-01-03 15:00:00,3527.19,3576.0,3520.09,3565.13,43427.6596
2025-01-03 16:00:00,3565.14,3598.8,3565.14,3584.28,36438.0576
2025-01-03 17:00:00,3584.28,3593.45,3573.6,3575.47,17057.277
2025-01-03 18:00:00,3575.47,3617.5,3574.08,3605.59,21918.6992
2025-01-03 19:00:00,3605.59,3630.0,3602.24,3622.83,16233.7184
2025-01-03 20:00:00,3622.82,3623.44,3600.0,3600.57,12673.3172
2025-01-03 21:00:00,3600.57,3616.69,3595.0,3614.39,9275.1467
2025-01-03 22:00:00,3614.38,3624.38,3610.21,3616.18,9072.8703
2025-01-03 23:00:00,3616.19,3617.72,3604.63,3609.01,7725.2028
2025-01-04 00:00:00,3609.0,3620.86,3601.81,3602.41,8720.3463
2025-01-04 01:00:00,3602.42,3604.11,3579.92,3596.27,12627.9075
2025-01-04 02:00:00,3596.28,3600.0,3582.88,3596.4,5799.9804
2025-01-04 03:00:00,3596.4,3600.42,3591.0,3597.97,4911.3179
2025-01-04 04:00:00,3597.98,3597.98,3584.16,3591.47,6145.7455
2025-01-04 05:00:00,3591.48,3597.01,3586.71,3596.65,6759.1067
2025-01-04 06:00:00,3596.66,3607.13,3595.2,3600.61,8055.571
2025-01-04 07:00:00,3600.61,3609.81,3593.2,3594.04,8427.0417
2025-01-04 08:00:00,3594.05,3603.62,3585.0,3585.01,8414.6727
2025-01-04 09:00:00,3585.01,3595.58,3583.73,3589.55,5935.4402
2025-01-04 10:00:00,3589.55,3592.57,3572.42,3588.09,6155.1131
2025-01-04 11:00:00,3588.08,3605.57,3585.0,3602.01,6166.174
2025-01-04 12:00:00,3602.01,3644.4,3600.62,3635.52,19709.5732
2025-01-04 13:00:00,3635.53,3649.66,3626.32,3644.0,15195.3965
2025-01-04 14:00:00,3644.0,3647.03,3633.1,3636.99,10596.9781
2025-01-04 15:00:00,3637.0,3663.25,3592.06,3607.81,29445.2197
2025-01-04 16:00:00,3607.81,3628.23,3601.62,3622.09,13219.1063
2025-01-04 17:00:00,3622.09,3634.1,3620.01,3633.31,7443.0027
2025-01-04 18:00:00,3633.32,3644.54,3619.61,3626.73,5942.0122
2025-01-04 19:00:00,3626.73,3639.39,3624.24,3631.14,5014.6305
2025-01-04 20:00:00,3631.13,3668.0,3631.13,3660.47,11788.1643
2025-01-04 21:00:00,3660.47,3671.6,3654.73,3658.11,10460.5936
2025-01-04 22:00:00,3658.12,3662.92,3646.0,3660.09,5837.6981
2025-01-04 23:00:00,3660.08,3665.75,3651.12,3656.88,6495.5211
2025-01-05 00:00:00,3656.88,3675.25,3648.32,3650.11,7721.2453
2025-01-05 01:00:00,3650.11,3651.35,3631.28,3636.78,7251.8803
2025-01-05 02:00:00,3636.79,3645.37,3635.0,3641.41,3940.0888
2025-01-05 03:00:00,3641.42,3641.56,3629.66,3637.79,4257.575
2025-01-05 04:00:00,3637.79,3650.44,3637.17,3644.3,5267.2416
2025-01-05 05:00:00,3644.31,3644.31,3631.14,3632.65,3565.7741
2025-01-05 06:00:00,3632.65,3641.83,3629.0,3639.08,2493.9537
2025-01-05 07:00:00,3639.09,3641.26,3630.2,3631.56,3206.8857
2025-01-05 08:00:00,3631.55,3633.29,3607.35,3620.01,10062.2175
2025-01-05 09:00:00,3620.0,3623.4,3605.0,3609.46,6934.7639
2025-01-05 10:00:00,3609.49,3618.12,3603.33,3615.62,6390.2224
2025-01-05 11:00:00,3615.61,3620.96,3609.61,3613.47,5702.4335
2025-01-05 12:00:00,3613.46,3622.82,3605.0,3614.08,6026.4379
2025-01-05 13:00:00,3614.13,3627.5,3612.74,3614.65,5317.1915
2025-01-05 14:00:00,3614.67,3628.15,3593.7,3623.11,16124.9013
2025-01-05 15:00:00,3623.12,3638.77,3619.43,3629.6,10598.325
2025-01-05 16:00:00,3629.6,3641.12,3624.51,3628.01,8603.3835
2025-01-05 17:00:00,3628.02,3648.11,3622.47,3627.81,7556.8965
2025-01-05 18:00:00,3627.81,3632.91,3613.04,3630.75,6588.636
2025-01-05 19:00:00,3630.75,3639.67,3626.51,3637.78,4983.438
2025-01-05 20:00:00,3637.78,3656.88,3629.5,3635.77,7618.656
2025-01-05 21:00:00,3635.77,3648.4,3634.13,3645.66,4085.5397
2025-01-05 22:00:00,3645.65,3649.49,3634.78,3645.32,4857.2098
2025-01-05 23:00:00,3645.32,3656.0,3633.0,3635.99,6289.2771
2025-01-06 00:00:00,3636.0,3655.62,3621.15,3621.74,8638.5392
2025-01-06 01:00:00,3621.74,3655.58,3610.63,3648.84,10083.4556
2025-01-06 02:00:00,3648.83,3684.03,3645.01,3658.46,24484.5836
2025-01-06 03:00:00,3658.45,3675.0,3654.3,3664.92,7108.9878
2025-01-06 04:00:00,3664.92,3678.79,3660.01,3672.68,8059.5478
2025-01-06 05:00:00,3672.67,3698.04,3667.29,3680.61,13438.1539
2025-01-06 06:00:00,3680.61,3684.98,3665.61,3666.22,9560.6493
2025-01-06 07:00:00,3666.22,3668.45,3642.6,3650.75,12947.0168
2025-01-06 08:00:00,3650.75,3662.73,3636.41,3640.9,11828.1837
2025-01-06 09:00:00,3640.89,3650.0,3640.38,3644.75,7532.7706
2025-01-06 10:00:00,3644.75,3646.48,3633.0,3637.87,9231.291
2025-01-06 11:00:00,3637.88,3659.58,3636.0,3654.52,7279.3633
2025-01-06 12:00:00,3654.51,3663.11,3641.73,3642.52,7854.6157
2025-01-06 13:00:00,3642.52,3653.17,3625.27,3651.03,11920.5926
2025-01-06 14:00:00,3651.03,3702.8,3622.1,3685.47,39793.0032
2025-01-06 15:00:00,3685.48,3714.49,3671.11,3714.45,38122.313
2025-01-06 16:00:00,3714.45,3744.83,3691.19,3710.18,35457.3293
2025-01-06 17:00:00,3710.18,3710.19,3655.55,3673.87,22148.2314
2025-01-06 18:00:00,3673.86,3692.3,3662.14,3682.22,8783.3147
2025-01-06 19:00:00,3682.23,3695.51,3675.36,3687.44,5775.7957
2025-01-06 20:00:00,3687.44,3703.38,3672.68,3683.49,9805.4595
2025-01-06 21:00:00,3683.41,3689.2,3666.37,3667.16,8740.3237
2025-01-06 22:00:00,3667.17,3683.67,3667.0,3678.52,5738.7596
2025-01-06 23:00:00,3678.52,3687.74,3668.69,3687.45,5310.0838
2025-01-07 00:00:00,3687.44,3693.67,3673.04,3675.14,9549.757
2025-01-07 01:00:00,3675.14,3696.27,3663.0,3694.55,7285.253
2025-01-07 02:00:00,3694.55,3700.86,3676.0,3678.07,5392.2517
2025-01-07 03:00:00,3678.07,3688.68,3674.24,3682.25,5464.8177
2025-01-07 04:00:00,3682.25,3685.92,3673.51,3673.52,3573.3921
2025-01-07 05:00:00,3673.51,3676.91,3659.0,3669.38,7338.6124
2025-01-07 06:00:00,3669.37,3675.52,3664.43,3672.6,4213.4243
2025-01-07 07:00:00,3672.61,3680.0,3662.8,3667.77,5648.3919
2025-01-07 08:00:00,3667.78,3679.27,3660.33,3674.63,6959.3098
2025-01-07 09:00:00,3674.63,3676.74,3652.8,3661.09,8630.073
2025-01-07 10:00:00,3661.08,3665.31,3651.54,3657.61,6950.9515
2025-01-07 11:00:00,3657.6,3658.59,3625.55,3639.27,15576.5266
2025-01-07 12:00:00,3639.28,3643.16,3626.07,3633.42,9322.2855
2025-01-07 13:00:00,3633.42,3645.95,3631.0,3636.0,11886.0966
2025-01-07 14:00:00,3636.0,3642.0,3532.41,3568.75,40590.9625
2025-01-07 15:00:00,3568.75,3582.4,3413.81,3462.64,175958.0091
2025-01-07 16:00:00,3462.65,3491.7,3448.74,3458.06,39325.1035
2025-01-07 17:00:00,3458.07,3470.28,3420.0,3442.55,32622.0802
2025-01-07 18:00:00,3442.56,3458.96,3413.11,3421.82,24724.3267
2025-01-07 19:00:00,3421.82,3438.01,3372.71,3385.67,40578.2809
2025-01-07 20:00:00,3385.68,3400.9,3364.85,3396.62,29685.6682
2025-01-07 21:00:00,3396.61,3414.04,3361.77,3363.32,23011.093
2025-01-07 22:00:00,3363.31,3397.67,3356.31,3396.7,15975.0119
2025-01-07 23:00:00,3396.7,3396.7,3374.67,3381.31,11281.6083
2025-01-08 00:00:00,3381.31,3415.1,3378.23,3411.71,16300.7594
2025-01-08 01:00:00,3411.71,3411.72,3375.01,3391.32,12559.7522
2025-01-08 02:00:00,3391.32,3404.78,3382.73,3382.9,11179.4043
2025-01-08 03:00:00,3382.9,3387.94,3343.22,3360.31,31992.3981
2025-01-08 04:00:00,3360.31,3373.14,3342.76,3348.12,19029.7933
2025-01-08 05:00:00,3348.12,3373.0,3336.95,3351.41,18943.3303
2025-01-08 06:00:00,3351.41,3362.37,3307.1,3308.77,35109.8738
2025-01-08 07:00:00,3308.77,3359.37,3306.41,3354.59,23788.447
2025-01-08 08:00:00,3354.59,3376.85,3351.01,3366.14,17986.478
2025-01-08 09:00:00,3366.13,3374.28,3346.2,3347.48,11564.1915
2025-01-08 10:00:00,3347.48,3373.37,3346.91,3362.45,9384.1924
2025-01-08 11:00:00,3362.45,3367.81,3323.0,3349.79,17172.4943
2025-01-08 12:00:00,3349.78,3360.91,3338.83,3339.62,11019.1562
2025-01-08 13:00:00,3339.61,3366.54,3339.61,3358.25,21452.5986
2025-01-08 14:00:00,3358.25,3381.6,3347.66,3369.53,36293.0925
2025-01-08 15:00:00,3369.54,3386.36,3332.55,3346.73,41700.7057
2025-01-08 16:00:00,3346.72,3347.68,3311.71,3314.03,26561.8171
2025-01-08 17:00:00,3314.03,3320.1,3208.2,3263.06,114192.1444
2025-01-08 18:00:00,3263.06,3330.98,3259.1,3282.83,39039.0985
2025-01-08 19:00:00,3282.84,3310.0,3272.05,3280.68,22809.3997
2025-01-08 20:00:00,3280.68,3292.14,3266.08,3285.68,11729.2775
2025-01-08 21:00:00,3285.68,3305.31,3270.0,3299.35,15413.6005
2025-01-08 22:00:00,3299.35,3334.15,3299.01,3333.14,13115.6852
2025-01-08 23:00:00,3333.13,3334.8,3316.67,3327.29,6412.2722
2025-01-09 00:00:00,3327.29,3343.2,3318.21,3342.2,7581.3299
2025-01-09 01:00:00,3342.2,3357.27,3335.54,3345.96,9720.2156
2025-01-09 02:00:00,3345.96,3351.22,3306.5,3341.18,25042.5614
2025-01-09 03:00:00,3341.19,3342.49,3317.19,3324.74,9884.4092
2025-01-09 04:00:00,3324.71,3343.23,3312.13,3340.3,9291.5614
2025-01-09 05:00:00,3340.3,3343.36,3325.06,3328.87,8953.9185
2025-01-09 06:00:00,3328.86,3334.99,3315.26,3316.21,9212.1338
2025-01-09 07:00:00,3316.21,3324.43,3281.96,3288.71,21420.9516
2025-01-09 08:00:00,3288.71,3327.2,3265.77,3309.91,28998.0043
2025-01-09 09:00:00,3309.92,3327.75,3306.93,3318.1,13185.9131
2025-01-09 10:00:00,3318.11,3322.11,3284.88,3311.56,16748.1018
2025-01-09 11:00:00,3311.57,3326.72,3293.5,3301.41,9477.9267
2025-01-09 12:00:00,3301.41,3310.31,3280.86,3296.2,10210.5769
2025-01-09 13:00:00,3296.21,3298.99,3213.0,3221.04,45027.4256
2025-01-09 14:00:00,3221.04,3253.2,3210.28,3251.3,41712.5213
2025-01-09 15:00:00,3251.3,3337.0,3244.29,3320.58,32545.3779
2025-01-09 16:00:00,3320.57,3327.91,3288.01,3302.76,24390.6587
2025-01-09 17:00:00,3302.75,3304.4,3235.8,3250.48,25390.063
2025-01-09 18:00:00,3250.46,3270.35,3245.63,3260.16,14587.1581
2025-01-09 19:00:00,3260.17,3268.79,3190.82,3195.63,36953.3121
2025-01-09 20:00:00,3195.63,3214.4,3158.0,3195.55,54616.7903
2025-01-09 21:00:00,3195.55,3226.29,3190.21,3207.43,16850.589
2025-01-09 22:00:00,3207.43,3239.59,3187.58,3224.24,20748.2553
2025-01-09 23:00:00,3224.23,3233.33,3209.99,3219.2,9268.6692
2025-01-10 00:00:00,3219.2,3233.79,3214.11,3222.98,8720.494
2025-01-10 01:00:00,3222.98,3240.24,3213.74,3237.29,10481.3848
2025-01-10 02:00:00,3237.29,3260.47,3230.89,3241.47,11765.7733
2025-01-10 03:00:00,3241.48,3256.0,3239.16,3254.37,7758.615
2025-01-10 04:00:00,3254.36,3265.08,3246.84,3254.2,8337.3664
2025-01-10 05:00:00,3254.21,3281.57,3242.4,3264.18,11603.6494
2025-01-10 06:00:00,3264.19,3280.97,3260.0,3278.39,9624.4359
2025-01-10 07:00:00,3278.38,3313.65,3271.02,3296.29,24701.258
2025-01-10 08:00:00,3296.29,3302.0,3288.12,3296.31,14474.4792
2025-01-10 09:00:00,3296.31,3310.8,3290.5,3302.45,15979.6805
2025-01-10 10:00:00,3302.45,3321.25,3297.84,3318.54,10522.1835
2025-01-10 11:00:00,3318.53,3320.8,3295.74,3311.65,17363.6052
2025-01-10 12:00:00,3311.64,3312.52,3293.1,3310.73,10621.6203
2025-01-10 13:00:00,3310.73,3317.03,3215.76,3244.24,80403.3222
2025-01-10 14:00:00,3244.23,3279.39,3235.75,3257.01,40048.9256
2025-01-10 15:00:00,3257.0,3276.34,3193.97,3245.14,57697.7222
2025-01-10 16:00:00,3245.15,3261.84,3232.2,3247.48,23216.5797
2025-01-10 17:00:00,3247.48,3322.49,3242.52,3315.07,30344.343
2025-01-10 18:00:00,3315.06,3315.06,3281.43,3286.67,22616.7283
2025-01-10 19:00:00,3286.67,3299.27,3270.55,3295.66,11624.6174
2025-01-10 20:00:00,3295.65,3295.65,3257.38,3259.59,10231.9101
2025-01-10 21:00:00,3259.57,3274.4,3256.9,3264.85,5626.5976
2025-01-10 22:00:00,3264.85,3281.37,3260.0,3273.62,6197.2518
2025-01-10 23:00:00,3273.61,3275.53,3264.77,3267.04,4179.5899
2025-01-11 00:00:00,3267.05,3270.0,3257.42,3265.55,5538.7822
2025-01-11 01:00:00,3265.55,3267.72,3236.54,3245.64,7443.4878
2025-01-11 02:00:00,3245.65,3252.24,3237.6,3247.96,5068.2413
2025-01-11 03:00:00,3247.96,3248.56,3231.83,3236.8,5534.5624
2025-01-11 04:00:00,3236.8,3243.0,3230.0,3239.11,4481.0077
2025-01-11 05:00:00,3239.08,3246.22,3233.0,3246.0,3681.7333
2025-01-11 06:00:00,3246.0,3251.13,3237.95,3238.06,4764.008
2025-01-11 07:00:00,3238.06,3244.58,3222.73,3235.72,9117.1608
2025-01-11 08:00:00,3235.72,3240.3,3217.56,3224.64,9500.0823
2025-01-11 09:00:00,3224.64,3244.41,3223.53,3244.0,5395.231
2025-01-11 10:00:00,3244.0,3256.1,3243.06,3256.1,6713.2099
2025-01-11 11:00:00,3256.09,3280.5,3254.04,3273.81,12319.6434
2025-01-11 12:00:00,3273.81,3281.23,3267.45,3272.6,4777.0516
2025-01-11 13:00:00,3272.6,3275.62,3258.3,3267.61,8357.3724
2025-01-11 14:00:00,3267.62,3280.0,3258.36,3278.52,5322.3801
2025-01-11 15:00:00,3278.52,3282.94,3266.5,3271.33,4119.3617
2025-01-11 16:00:00,3271.33,3277.9,3262.0,3274.99,5486.8559
2025-01-11 17:00:00,3275.0,3275.78,3259.06,3271.79,5795.2263
2025-01-11 18:00:00,3271.78,3280.94,3267.51,3278.37,5100.0272
2025-01-11 19:00:00,3278.37,3283.54,3269.6,3278.45,4291.9093
2025-01-11 20:00:00,3278.46,3300.69,3275.84,3299.54,6442.2651
2025-01-11 21:00:00,3299.54,3320.18,3299.22,3307.1,12280.4578
2025-01-11 22:00:00,3307.1,3308.5,3286.25,3288.67,5714.0729
2025-01-11 23:00:00,3288.68,3294.43,3281.36,3282.83,4435.6183
2025-01-12 00:00:00,3282.83,3286.98,3278.7,3283.37,4544.4493
2025-01-12 01:00:00,3283.38,3289.41,3274.12,3289.08,4680.602
2025-01-12 02:00:00,3289.08,3289.94,3279.64,3289.79,3637.4813
2025-01-12 03:00:00,3289.78,3290.91,3278.35,3286.0,3475.8512
2025-01-12 04:00:00,3286.0,3289.41,3278.89,3283.49,5420.0322
2025-01-12 05:00:00,3283.5,3285.28,3274.28,3279.8,2907.8463
2025-01-12 06:00:00,3279.81,3281.33,3267.37,3270.33,4761.3496
2025-01-12 07:00:00,3270.33,3274.0,3263.49,3266.87,4012.1655
2025-01-12 08:00:00,3266.87,3271.36,3235.47,3239.98,10302.4579
2025-01-12 09:00:00,3239.98,3244.95,3224.49,3238.67,9390.8735
2025-01-12 10:00:00,3238.67,3246.31,3234.21,3244.62,4606.0124
2025-01-12 11:00:00,3244.63,3258.38,3241.5,3253.02,5827.9847
2025-01-12 12:00:00,3253.03,3265.52,3247.97,3250.61,5857.2876
2025-01-12 13:00:00,3250.6,3271.38,3247.89,3267.09,13713.8462
2025-01-12 14:00:00,3267.09,3280.78,3266.0,3269.1,14599.7319
2025-01-12 15:00:00,3269.09,3296.14,3265.5,3285.68,11733.1916
2025-01-12 16:00:00,3285.68,3288.0,3268.66,3281.67,6474.2858
2025-01-12 17:00:00,3281.67,3292.43,3278.37,3288.57,8791.4505
2025-01-12 18:00:00,3288.57,3300.0,3280.74,3285.15,6115.9876
2025-01-12 19:00:00,3285.15,3288.97,3276.89,3280.12,4183.7122
2025-01-12 20:00:00,3280.11,3289.31,3273.58,3281.67,4244.7552
2025-01-12 21:00:00,3281.66,3282.94,3263.52,3266.28,6758.2345
2025-01-12 22:00:00,3266.27,3268.2,3234.38,3240.62,13279.9258
2025-01-12 23:00:00,3240.62,3269.22,3239.23,3267.3,5560.4561
2025-01-13 00:00:00,3267.3,3339.0,3265.51,3308.56,27882.9084
2025-01-13 01:00:00,3308.55,3312.4,3252.77,3261.48,22011.3895
2025-01-13 02:00:00,3261.47,3270.95,3237.0,3255.96,15001.7336
2025-01-13 03:00:00,3255.96,3267.33,3235.69,3242.72,9997.4831
2025-01-13 04:00:00,3242.73,3260.49,3238.77,3239.01,12135.1919
2025-01-13 05:00:00,3239.01,3239.01,3213.0,3225.83,15743.3482
2025-01-13 06:00:00,3225.82,3233.53,3181.3,3191.36,19412.2615
2025-01-13 07:00:00,3191.37,3209.74,3183.5,3201.66,12775.6445
2025-01-13 08:00:00,3201.66,3205.9,3161.7,3169.36,19169.4537
2025-01-13 09:00:00,3169.36,3176.98,3124.18,3155.8,39329.0438
2025-01-13 10:00:00,3155.81,3156.84,3106.74,3118.61,44194.6647
2025-01-13 11:00:00,3118.61,3123.81,3055.88,3057.16,65456.7109
2025-01-13 12:00:00,3057.15,3085.54,3040.0,3046.96,43707.9838
2025-01-13 13:00:00,3046.97,3091.38,3033.05,3060.05,35718.1624
2025-01-13 14:00:00,3060.05,3060.98,2920.0,3034.41,159871.081
2025-01-13 15:00:00,3034.4,3078.04,3026.01,3049.0,68354.3412
2025-01-13 16:00:00,3049.01,3060.51,3005.68,3009.91,41451.9942
2025-01-13 17:00:00,3009.91,3037.08,3004.2,3020.79,31014.2351
2025-01-13 18:00:00,3020.79,3034.23,2986.4,3007.6,35346.8651
2025-01-13 19:00:00,3007.61,3037.91,2993.0,3025.07,26030.7461
2025-01-13 20:00:00,3025.06,3104.85,3011.71,3091.36,33191.6844
2025-01-13 21:00:00,3091.36,3120.01,3083.13,3114.39,41226.7796
2025-01-13 22:00:00,3114.39,3143.2,3112.71,3131.96,19047.802
2025-01-13 23:00:00,3131.97,3140.99,3126.0,3137.51,7836.0582
2025-01-14 00:00:00,3137.51,3148.54,3125.65,3134.3,12504.907
2025-01-14 01:00:00,3134.31,3159.6,3133.69,3139.52,14586.5947
2025-01-14 02:00:00,3139.51,3167.38,3132.11,3157.36,12143.3603
2025-01-14 03:00:00,3157.36,3175.51,3155.0,3158.87,10452.1066
2025-01-14 04:00:00,3158.87,3175.0,3158.86,3172.96,7903.4749
2025-01-14 05:00:00,3172.96,3182.69,3159.6,3161.99,10046.3709
2025-01-14 06:00:00,3162.0,3187.95,3158.18,3183.91,8560.6063
2025-01-14 07:00:00,3183.91,3190.07,3171.01,3171.53,8068.483
2025-01-14 08:00:00,3171.53,3192.6,3169.41,3183.78,15312.8645
2025-01-14 09:00:00,3183.78,3256.67,3178.27,3243.89,38015.3134
2025-01-14 10:00:00,3243.9,3244.83,3219.97,3235.31,18555.5103
2025-01-14 11:00:00,3235.31,3235.62,3210.77,3217.62,10058.8023
2025-01-14 12:00:00,3217.61,3220.08,3180.59,3183.32,21352.7501
2025-01-14 13:00:00,3183.33,3233.18,3178.11,3208.7,39577.1601
2025-01-14 14:00:00,3208.71,3233.27,3187.1,3191.56,41858.5887
2025-01-14 15:00:00,3191.56,3216.11,3187.08,3199.45,18096.0346
2025-01-14 16:00:00,3199.45,3203.88,3172.12,3191.13,19722.4958
2025-01-14 17:00:00,3191.12,3212.99,3184.02,3212.6,14614.026
2025-01-14 18:00:00,3212.6,3232.93,3207.23,3225.01,12052.0055
2025-01-14 19:00:00,3225.0,3235.99,3212.53,3214.38,10542.0126
2025-01-14 20:00:00,3214.37,3226.29,3194.86,3222.44,11305.8583
2025-01-14 21:00:00,3222.45,3234.0,3212.0,3216.04,7408.4828
2025-01-14 22:00:00,3216.04,3240.69,3213.83,3235.41,6446.6236
2025-01-14 23:00:00,3235.41,3238.0,3222.63,3225.63,5124.0194
2025-01-15 00:00:00,3225.63,3242.65,3217.5,3221.79,10886.1282
2025-01-15 01:00:00,3221.79,3245.77,3217.5,3230.33,18839.5294
2025-01-15 02:00:00,3230.34,3240.0,3205.17,3213.09,13913.3244
2025-01-15 03:00:00,3213.1,3241.37,3208.4,3240.79,10208.0462
2025-01-15 04:00:00,3240.8,3252.35,3222.31,3226.41,10061.384
2025-01-15 05:00:00,3226.4,3235.5,3215.73,3230.32,7581.5049
2025-01-15 06:00:00,3230.31,3233.18,3216.62,3230.29,7189.0144
2025-01-15 07:00:00,3230.29,3250.92,3230.29,3233.3,11190.0899
2025-01-15 08:00:00,3233.3,3248.55,3230.5,3232.63,8482.1708
2025-01-15 09:00:00,3232.64,3237.63,3196.71,3199.52,12325.7353
2025-01-15 10:00:00,3199.52,3218.61,3198.19,3209.5,9279.9467
2025-01-15 11:00:00,3209.51,3210.23,3186.36,3199.6,11051.1664
2025-01-15 12:00:00,3199.61,3211.91,3186.73,3202.63,10724.6079
2025-01-15 13:00:00,3202.63,3299.07,3202.22,3298.94,63216.9132
2025-01-15 14:00:00,3298.93,3331.78,3276.03,3329.48,51262.6101
2025-01-15 15:00:00,3329.49,3353.82,3324.98,3334.47,41882.4121
2025-01-15 16:00:00,3334.47,3366.54,3334.2,3339.49,25666.0218
2025-01-15 17:00:00,3339.49,3358.95,3323.91,3325.81,16436.6907
2025-01-15 18:00:00,3325.82,3375.71,3325.82,3372.31,13727.1344
2025-01-15 19:00:00,3372.32,3442.59,3368.37,3434.99,36412.04
2025-01-15 20:00:00,3434.99,3473.75,3432.54,3434.01,38976.3346
2025-01-15 21:00:00,3434.04,3447.0,3425.15,3432.41,13157.4547
2025-01-15 22:00:00,3432.4,3435.9,3418.4,3430.78,8235.4263
2025-01-15 23:00:00,3430.79,3454.11,3420.61,3451.52,13482.3476
2025-01-16 00:00:00,3451.51,3460.79,3388.5,3398.82,33723.1161
2025-01-16 01:00:00,3398.82,3413.43,3392.62,3403.37,13357.8024
2025-01-16 02:00:00,3403.37,3406.0,3381.6,3384.83,12537.1582
2025-01-16 03:00:00,3384.83,3387.88,3346.0,3363.38,20397.5497
2025-01-16 04:00:00,3363.38,3375.8,3362.0,3375.04,8312.1212
2025-01-16 05:00:00,3375.04,3377.5,3366.0,3368.39,6031.7953
2025-01-16 06:00:00,3368.4,3388.44,3363.21,3380.78,8375.8276
2025-01-16 07:00:00,3380.78,3391.5,3378.0,3384.3,12892.7645
2025-01-16 08:00:00,3384.3,3385.84,3303.2,3316.2,39136.7594
2025-01-16 09:00:00,3316.21,3338.31,3300.21,3336.23,20061.7705
2025-01-16 10:00:00,3336.22,3342.63,3329.04,3334.05,7719.9561
2025-01-16 11:00:00,3334.06,3356.0,3321.51,3351.27,15050.5856
2025-01-16 12:00:00,3351.26,3365.16,3341.65,3357.5,20590.1608
2025-01-16 13:00:00,3357.5,3359.03,3308.05,3328.61,32569.1366
2025-01-16 14:00:00,3328.62,3343.0,3265.44,3277.14,53199.9031
2025-01-16 15:00:00,3277.14,3333.21,3269.7,3333.04,37060.1033
2025-01-16 16:00:00,3333.02,3361.72,3330.4,3340.41,27181.336
2025-01-16 17:00:00,3340.4,3365.95,3330.9,3343.86,15737.5176
2025-01-16 18:00:00,3343.86,3350.89,3310.47,3325.97,14342.1766
2025-01-16 19:00:00,3325.96,3346.2,3319.5,3344.81,9346.9564
2025-01-16 20:00:00,3344.81,3354.01,3326.23,3337.33,13577.9781
2025-01-16 21:00:00,3337.34,3337.94,3311.92,3320.08,10260.0138
2025-01-16 22:00:00,3320.08,3320.09,3269.0,3297.62,19217.3647
2025-01-16 23:00:00,3297.62,3312.27,3290.6,3308.05,20602.8251
2025-01-17 00:00:00,3308.04,3317.86,3307.5,3313.68,7509.1143
2025-01-17 01:00:00,3313.68,3391.02,3313.68,3386.31,42469.8212
2025-01-17 02:00:00,3386.3,3397.66,3355.0,3373.3,35791.6996
2025-01-17 03:00:00,3373.31,3377.49,3358.66,3361.01,11428.7934
2025-01-17 04:00:00,3361.01,3372.47,3347.79,3371.07,9271.8862
2025-01-17 05:00:00,3371.07,3376.51,3359.28,3366.71,23978.1347
2025-01-17 06:00:00,3366.7,3376.0,3364.47,3367.44,8060.1814
2025-01-17 07:00:00,3367.44,3389.11,3363.0,3373.14,10647.7495
2025-01-17 08:00:00,3373.14,3413.86,3372.52,3407.33,19774.3783
2025-01-17 09:00:00,3407.33,3415.14,3400.64,3404.12,16134.37
2025-01-17 10:00:00,3404.12,3439.0,3403.01,3427.47,20830.7865
2025-01-17 11:00:00,3427.47,3430.0,3416.68,3423.24,13746.7974
2025-01-17 12:00:00,3423.25,3426.2,3400.69,3407.63,19499.6644
2025-01-17 13:00:00,3407.64,3424.0,3395.14,3402.0,17785.3649
2025-01-17 14:00:00,3402.0,3433.09,3401.9,3428.87,44710.3642
2025-01-17 15:00:00,3428.86,3450.53,3404.24,3421.8,37281.2983
2025-01-17 16:00:00,3421.8,3448.5,3411.83,3437.74,25169.2311
2025-01-17 17:00:00,3437.74,3443.2,3407.63,3414.41,19104.6205
2025-01-17 18:00:00,3414.41,3429.88,3410.18,3411.54,9502.338
2025-01-17 19:00:00,3411.53,3443.87,3410.78,3432.11,15642.0075
2025-01-17 20:00:00,3432.1,3525.0,3425.9,3514.81,63777.868
2025-01-17 21:00:00,3514.8,3525.72,3466.84,3473.58,24456.7291
2025-01-17 22:00:00,3473.58,3487.51,3467.8,3470.21,12843.8005
2025-01-17 23:00:00,3470.22,3485.52,3462.85,3473.63,9133.1823
2025-01-18 00:00:00,3473.64,3494.39,3469.15,3487.71,9543.1177
2025-01-18 01:00:00,3487.71,3487.71,3455.44,3466.31,12798.0584
2025-01-18 02:00:00,3466.31,3475.0,3447.72,3451.36,10614.2665
2025-01-18 03:00:00,3451.39,3456.3,3368.06,3384.07,39347.2863
2025-01-18 04:00:00,3384.08,3395.49,3350.9,3365.69,30154.9392
2025-01-18 05:00:00,3365.69,3371.07,3290.01,3294.0,48600.5148
2025-01-18 06:00:00,3294.0,3340.39,3292.54,3313.52,32512.7869
2025-01-18 07:00:00,3313.52,3315.32,3281.09,3287.63,24832.0709
2025-01-18 08:00:00,3287.64,3295.77,3251.65,3293.21,33118.5022
2025-01-18 09:00:00,3293.21,3301.2,3252.8,3270.97,26513.2941
2025-01-18 10:00:00,3270.97,3278.42,3227.0,3267.1,55640.29
2025-01-18 11:00:00,3267.09,3324.1,3249.1,3311.62,38230.5492
2025-01-18 12:00:00,3311.63,3322.44,3274.17,3289.9,30302.6872
2025-01-18 13:00:00,3289.9,3323.53,3280.04,3323.38,23027.9115
2025-01-18 14:00:00,3323.38,3326.99,3289.36,3297.5,20064.6455
2025-01-18 15:00:00,3297.5,3347.34,3285.16,3307.07,47731.015
2025-01-18 16:00:00,3307.07,3316.62,3253.89,3253.89,53409.0067
2025-01-18 17:00:00,3253.9,3285.93,3253.46,3258.2,18355.0205
2025-01-18 18:00:00,3258.2,3284.27,3250.0,3264.78,16147.7407
2025-01-18 19:00:00,3264.77,3293.23,3261.5,3290.2,14294.3793
2025-01-18 20:00:00,3290.21,3291.96,3258.37,3266.02,12584.5613
2025-01-18 21:00:00,3266.02,3285.93,3263.59,3274.72,8862.5461
2025-01-18 22:00:00,3274.72,3288.39,3271.62,3280.46,9214.0718
2025-01-18 23:00:00,3280.47,3321.11,3279.45,3307.71,18297.8663
2025-01-19 00:00:00,3307.71,3322.85,3298.71,3316.3,15489.0175
2025-01-19 01:00:00,3316.3,3365.93,3314.07,3353.3,31236.1906
2025-01-19 02:00:00,3353.3,3378.11,3347.94,3353.41,20917.018
2025-01-19 03:00:00,3353.4,3365.82,3333.0,3335.47,17747.9287
2025-01-19 04:00:00,3335.47,3337.95,3276.99,3283.51,46369.4594
2025-01-19 05:00:00,3283.51,3301.13,3259.9,3299.91,24254.8774
2025-01-19 06:00:00,3299.92,3301.0,3282.49,3283.44,20427.1744
2025-01-19 07:00:00,3283.44,3293.29,3263.0,3276.06,25129.6359
2025-01-19 08:00:00,3276.06,3277.53,3215.81,3221.9,47929.5451
2025-01-19 09:00:00,3221.9,3233.77,3143.02,3226.0,105144.5117
2025-01-19 10:00:00,3226.01,3226.89,3172.97,3174.7,51453.0068
2025-01-19 11:00:00,3174.7,3188.9,3130.48,3149.97,50955.6276
2025-01-19 12:00:00,3149.98,3211.55,3145.0,3205.9,38838.6903
2025-01-19 13:00:00,3205.9,3279.0,3193.1,3276.99,52675.9772
2025-01-19 14:00:00,3276.99,3397.7,3259.35,3381.16,191257.8743
2025-01-19 15:00:00,3381.15,3426.05,3353.17,3383.68,84070.5422
2025-01-19 16:00:00,3383.68,3424.43,3378.11,3410.74,49594.8858
2025-01-19 17:00:00,3410.74,3447.7,3385.52,3442.39,43944.6676
2025-01-19 18:00:00,3442.38,3448.99,3406.62,3432.73,25075.6922
2025-01-19 19:00:00,3432.73,3432.76,3407.05,3418.92,14625.0314
2025-01-19 20:00:00,3418.93,3431.82,3361.4,3377.67,28343.5073
2025-01-19 21:00:00,3377.66,3378.96,3208.0,3233.0,130221.2604
2025-01-19 22:00:00,3233.0,3312.81,3156.7,3266.65,109082.7312
2025-01-19 23:00:00,3266.66,3266.81,3160.76,3215.12,117516.6687
2025-01-20 00:00:00,3215.2,3226.0,3142.78,3170.9,121008.5413
2025-01-20 01:00:00,3170.91,3221.04,3166.22,3201.01,63258.2751
2025-01-20 02:00:00,3201.01,3274.8,3196.92,3245.07,57397.1934
2025-01-20 03:00:00,3245.07,3280.75,3228.06,3272.34,32465.9972
2025-01-20 04:00:00,3272.3,3300.0,3250.66,3270.73,23552.6098
2025-01-20 05:00:00,3270.73,3320.0,3267.38,3291.33,28057.2762
2025-01-20 06:00:00,3291.33,3453.69,3286.2,3416.01,89600.0067
2025-01-20 07:00:00,3416.02,3441.82,3351.09,3382.59,91256.958
2025-01-20 08:00:00,3382.58,3413.3,3380.0,3392.43,26773.5761
2025-01-20 09:00:00,3392.43,3412.28,3352.5,3364.0,40084.8496
2025-01-20 10:00:00,3364.01,3391.16,3340.33,3353.42,34784.3584
2025-01-20 11:00:00,3353.42,3388.63,3334.32,3375.43,29826.0765
2025-01-20 12:00:00,3375.42,3379.34,3257.2,3304.02,64315.9086
2025-01-20 13:00:00,3304.02,3355.0,3295.17,3342.99,37326.2638
2025-01-20 14:00:00,3342.99,3361.98,3330.29,3359.4,25916.2554
2025-01-20 15:00:00,3359.4,3379.94,3315.77,3335.9,39536.5265
2025-01-20 16:00:00,3335.91,3390.68,3277.74,3379.97,53946.9875
2025-01-20 17:00:00,3379.96,3383.85,3205.42,3292.93,161931.3324
2025-01-20 18:00:00,3292.98,3342.69,3284.02,3330.53,42353.3875
2025-01-20 19:00:00,3330.53,3364.12,3308.41,3343.5,28105.9752
2025-01-20 20:00:00,3343.49,3344.5,3314.0,3320.24,12244.0639
2025-01-20 21:00:00,3320.23,3337.17,3279.76,3284.96,16198.8624
2025-01-20 22:00:00,3284.97,3324.46,3255.92,3318.49,18165.728
2025-01-20 23:00:00,3318.5,3320.84,3260.93,3284.0,20247.7719
2025-01-21 00:00:00,3283.99,3289.85,3221.02,3226.87,46276.4991
2025-01-21 01:00:00,3226.88,3260.96,3204.6,3250.63,43265.9768
2025-01-21 02:00:00,3250.62,3273.16,3228.5,3257.94,24789.943
2025-01-21 03:00:00,3257.94,3270.0,3249.06,3262.6,19140.9358
2025-01-21 04:00:00,3262.6,3262.76,3213.82,3247.15,20738.9753
2025-01-21 05:00:00,3247.15,3254.13,3217.07,3225.13,14843.0809
2025-01-21 06:00:00,3225.14,3254.2,3213.03,3241.99,20222.0515
2025-01-21 07:00:00,3241.99,3266.24,3235.37,3254.7,15558.0566
2025-01-21 08:00:00,3254.7,3263.28,3234.48,3254.14,16980.3298
2025-01-21 09:00:00,3254.13,3277.0,3250.92,3276.66,18582.6896
2025-01-21 10:00:00,3276.66,3310.0,3271.39,3303.11,24211.1483
2025-01-21 11:00:00,3303.09,3314.0,3292.71,3305.07,22737.4085
2025-01-21 12:00:00,3305.07,3326.74,3293.59,3307.19,29151.6409
2025-01-21 13:00:00,3307.19,3314.99,3290.0,3309.68,18247.497
2025-01-21 14:00:00,3309.69,3335.44,3279.09,3289.41,46772.5606
2025-01-21 15:00:00,3289.42,3302.09,3265.11,3295.1,27063.3701
2025-01-21 16:00:00,3295.1,3349.17,3290.5,3313.85,34589.3161
2025-01-21 17:00:00,3313.85,3356.59,3307.81,3351.0,20466.3539
2025-01-21 18:00:00,3351.0,3368.0,3330.74,3345.76,21973.6098
2025-01-21 19:00:00,3345.75,3346.63,3318.0,3332.16,14995.3714
2025-01-21 20:00:00,3332.16,3339.49,3304.01,3314.39,11131.4679
2025-01-21 21:00:00,3314.39,3336.5,3302.03,3331.9,12215.3789
2025-01-21 22:00:00,3331.9,3347.12,3326.7,3333.74,8771.2347
2025-01-21 23:00:00,3333.75,3334.89,3308.11,3327.54,15981.1548
2025-01-22 00:00:00,3327.55,3365.99,3323.37,3361.54,17379.4894
2025-01-22 01:00:00,3361.54,3361.55,3321.31,3328.84,16728.477
2025-01-22 02:00:00,3328.84,3347.0,3322.0,3343.77,15037.2716
2025-01-22 03:00:00,3343.76,3348.0,3327.0,3330.98,11103.2117
2025-01-22 04:00:00,3330.98,3333.1,3316.18,3331.96,8867.4232
2025-01-22 05:00:00,3331.96,3339.59,3317.0,3318.5,8801.1286
2025-01-22 06:00:00,3318.49,3324.27,3303.0,3309.39,12199.9269
2025-01-22 07:00:00,3309.39,3311.0,3287.0,3288.07,20719.9999
2025-01-22 08:00:00,3288.08,3301.56,3273.83,3299.56,19940.8671
2025-01-22 09:00:00,3299.56,3304.25,3290.37,3298.55,10535.755
2025-01-22 10:00:00,3298.55,3308.17,3289.14,3308.09,10826.8023
2025-01-22 11:00:00,3308.09,3329.99,3304.51,3326.55,11276.7626
2025-01-22 12:00:00,3326.55,3332.7,3311.5,3316.97,8087.6257
2025-01-22 13:00:00,3316.97,3319.29,3280.19,3284.15,17959.6925
2025-01-22 14:00:00,3284.15,3312.22,3267.17,3293.97,28070.9566
2025-01-22 15:00:00,3293.97,3305.68,3270.0,3278.39,23694.5576
2025-01-22 16:00:00,3278.39,3283.11,3259.93,3277.9,19860.2333
2025-01-22 17:00:00,3277.9,3287.49,3272.16,3285.39,8676.2212
2025-01-22 18:00:00,3285.4,3291.3,3239.4,3249.93,16645.9697
2025-01-22 19:00:00,3249.94,3280.65,3248.3,3261.99,16388.7323
2025-01-22 20:00:00,3262.0,3276.6,3253.79,3256.61,11364.2789
2025-01-22 21:00:00,3256.6,3264.87,3241.37,3259.32,11848.073
2025-01-22 22:00:00,3259.32,3266.36,3233.02,3238.89,9809.5006
2025-01-22 23:00:00,3238.89,3246.87,3222.85,3242.6,13417.7931
2025-01-23 00:00:00,3242.61,3261.34,3238.21,3253.62,13267.2913
2025-01-23 01:00:00,3253.62,3258.38,3220.43,3235.26,15286.5526
2025-01-23 02:00:00,3235.27,3237.38,3204.18,3223.13,25069.0676
2025-01-23 03:00:00,3223.13,3243.22,3215.77,3226.92,13015.9703
2025-01-23 04:00:00,3227.0,3231.72,3185.0,3197.5,24050.628
2025-01-23 05:00:00,3197.51,3221.32,3196.61,3215.0,9634.7759
2025-01-23 06:00:00,3215.0,3225.28,3204.81,3208.1,8953.3819
2025-01-23 07:00:00,3208.11,3234.0,3199.0,3233.48,13235.6793
2025-01-23 08:00:00,3233.48,3233.65,3208.63,3210.05,10795.8948
2025-01-23 09:00:00,3210.06,3221.76,3192.09,3197.01,12553.0511
2025-01-23 10:00:00,3197.01,3213.37,3188.89,3203.99,15495.8935
2025-01-23 11:00:00,3204.0,3216.75,3195.35,3213.08,15469.8645
2025-01-23 12:00:00,3213.08,3218.18,3189.69,3203.75,22116.2686
2025-01-23 13:00:00,3203.75,3243.0,3202.01,3233.99,25620.2224
2025-01-23 14:00:00,3233.99,3286.72,3222.66,3275.55,53034.3117
2025-01-23 15:00:00,3275.55,3282.0,3225.68,3259.33,61528.9591
2025-01-23 16:00:00,3259.33,3297.49,3252.5,3254.72,33511.4808
2025-01-23 17:00:00,3254.72,3272.0,3230.74,3265.85,18791.2023
2025-01-23 18:00:00,3265.85,3270.28,3235.29,3241.09,10949.8799
2025-01-23 19:00:00,3241.09,3246.88,3195.0,3204.98,22876.6148
2025-01-23 20:00:00,3204.98,3295.47,3196.25,3247.18,87094.9417
2025-01-23 21:00:00,3247.17,3255.86,3213.93,3248.56,26681.8711
2025-01-23 22:00:00,3248.56,3323.49,3246.25,3322.36,39373.9853
2025-01-23 23:00:00,3322.36,3347.97,3312.0,3338.21,27184.934
2025-01-24 00:00:00,3338.22,3349.6,3284.6,3285.42,23709.1834
2025-01-24 01:00:00,3285.42,3325.97,3284.27,3298.49,20655.3994
2025-01-24 02:00:00,3298.49,3313.9,3280.24,3285.41,13458.9643
2025-01-24 03:00:00,3285.41,3313.13,3275.9,3302.26,21996.9398
2025-01-24 04:00:00,3302.26,3340.4,3292.23,3333.4,17314.2984
2025-01-24 05:00:00,3333.4,3409.99,3329.3,3409.96,41052.5071
2025-01-24 06:00:00,3409.97,3421.0,3378.0,3386.4,35399.191
2025-01-24 07:00:00,3386.41,3401.0,3372.33,3380.8,17269.1118
2025-01-24 08:00:00,3380.79,3416.5,3374.68,3401.3,22720.9114
2025-01-24 09:00:00,3401.29,3413.0,3391.68,3401.39,10977.3546
2025-01-24 10:00:00,3401.38,3415.0,3390.74,3413.4,13550.0405
2025-01-24 11:00:00,3413.39,3414.66,3392.39,3399.22,9836.5133
2025-01-24 12:00:00,3399.21,3405.0,3386.67,3404.0,11390.7722
2025-01-24 13:00:00,3404.0,3428.0,3391.16,3394.99,22276.1605
2025-01-24 14:00:00,3395.0,3422.7,3378.56,3399.66,23892.9911
2025-01-24 15:00:00,3399.67,3409.73,3355.67,3383.69,24718.0203
2025-01-24 16:00:00,3383.64,3397.87,3377.39,3380.2,13007.3395
2025-01-24 17:00:00,3380.2,3406.24,3373.1,3397.9,12660.6054
2025-01-24 18:00:00,3397.88,3409.4,3375.5,3381.49,12426.2516
2025-01-24 19:00:00,3381.49,3395.0,3365.0,3368.7,16780.4663
2025-01-24 20:00:00,3368.7,3378.79,3327.19,3329.28,27353.6222
2025-01-24 21:00:00,3329.29,3346.99,3323.49,3329.84,14875.3624
2025-01-24 22:00:00,3329.9,3336.88,3322.36,3325.73,9892.6289
2025-01-24 23:00:00,3325.72,3325.99,3304.11,3310.09,14309.6398
2025-01-25 00:00:00,3310.1,3313.98,3270.46,3273.97,23108.5811
2025-01-25 01:00:00,3273.97,3306.5,3268.66,3294.54,15590.1619
2025-01-25 02:00:00,3294.54,3304.1,3289.33,3295.0,7449.8997
2025-01-25 03:00:00,3295.0,3325.0,3292.42,3319.44,10430.9198
2025-01-25 04:00:00,3319.43,3319.7,3298.02,3300.05,6364.7943
2025-01-25 05:00:00,3300.05,3302.87,3288.0,3296.51,6786.7468
2025-01-25 06:00:00,3296.5,3303.31,3283.82,3292.51,12678.8477
2025-01-25 07:00:00,3292.51,3295.45,3283.57,3291.53,6698.6295
2025-01-25 08:00:00,3291.52,3301.2,3282.62,3291.06,6385.095
2025-01-25 09:00:00,3291.06,3292.49,3281.35,3283.69,4070.1888
2025-01-25 10:00:00,3283.69,3298.24,3272.09,3295.53,8030.153
2025-01-25 11:00:00,3295.53,3311.5,3291.13,3306.91,7968.3326
2025-01-25 12:00:00,3306.91,3307.24,3294.24,3306.17,5747.1869
2025-01-25 13:00:00,3306.17,3310.1,3300.68,3307.83,5173.3324
2025-01-25 14:00:00,3307.82,3319.5,3298.45,3315.85,5379.9266
2025-01-25 15:00:00,3315.84,3345.0,3310.0,3334.62,20905.2441
2025-01-25 16:00:00,3334.62,3349.58,3330.64,3342.27,11132.2982
2025-01-25 17:00:00,3342.28,3346.19,3330.63,3344.17,9698.4607
2025-01-25 18:00:00,3344.16,3348.67,3335.6,3342.2,5796.8249
2025-01-25 19:00:00,3342.19,3344.45,3334.71,3340.3,4060.1633
2025-01-25 20:00:00,3340.29,3350.68,3335.8,3337.03,4459.9355
2025-01-25 21:00:00,3337.04,3342.72,3332.53,3339.43,5452.4066
2025-01-25 22:00:00,3339.43,3346.0,3332.1,3334.42,4858.5367
2025-01-25 23:00:00,3334.42,3337.0,3314.87,3318.77,10332.3754
2025-01-26 00:00:00,3318.76,3327.5,3313.9,3321.01,11681.2763
2025-01-26 01:00:00,3321.01,3337.78,3318.6,3331.18,6953.7509
2025-01-26 02:00:00,3331.18,3331.19,3318.14,3328.35,4353.555
2025-01-26 03:00:00,3328.4,3350.0,3326.36,3338.94,7632.2227
2025-01-26 04:00:00,3338.95,3362.0,3336.41,3352.27,11570.4191
2025-01-26 05:00:00,3352.27,3353.6,3338.0,3342.32,9181.0999
2025-01-26 06:00:00,3342.32,3348.01,3338.63,3341.85,5728.3281
2025-01-26 07:00:00,3341.85,3345.33,3330.3,3338.56,5495.8937
2025-01-26 08:00:00,3338.57,3343.45,3323.43,3332.08,6464.5738
2025-01-26 09:00:00,3332.08,3332.49,3292.82,3298.5,17258.8861
2025-01-26 10:00:00,3298.5,3306.76,3295.81,3305.98,7225.4917
2025-01-26 11:00:00,3305.99,3316.55,3302.73,3312.3,6790.3126
2025-01-26 12:00:00,3312.3,3312.3,3300.14,3307.77,7222.1993
2025-01-26 13:00:00,3307.76,3308.89,3299.66,3307.84,13719.0395
2025-01-26 14:00:00,3307.85,3313.16,3297.47,3311.09,7150.8868
2025-01-26 15:00:00,3311.09,3320.68,3308.74,3315.31,7303.5872
2025-01-26 16:00:00,3315.31,3320.0,3307.96,3315.82,6878.4304
2025-01-26 17:00:00,3315.83,3344.88,3315.36,3338.04,9465.0436
2025-01-26 18:00:00,3338.03,3342.92,3334.02,3337.16,8731.0488
2025-01-26 19:00:00,3337.17,3341.95,3329.62,3338.74,7563.7282
2025-01-26 20:00:00,3338.73,3342.34,3327.23,3329.67,5989.0255
2025-01-26 21:00:00,3329.68,3330.0,3291.35,3296.45,15535.9718
2025-01-26 22:00:00,3296.45,3309.87,3281.56,3288.16,19617.0181
2025-01-26 23:00:00,3288.16,3288.16,3230.0,3232.61,62653.6799
2025-01-27 00:00:00,3232.61,3253.91,3210.0,3214.12,40430.277
2025-01-27 01:00:00,3214.13,3224.5,3188.01,3195.58,40088.2742
2025-01-27 02:00:00,3195.58,3195.58,3164.0,3170.82,44947.5781
2025-01-27 03:00:00,3170.82,3199.96,3160.71,3183.6,18286.2745
2025-01-27 04:00:00,3183.6,3183.6,3155.15,3157.14,18969.6462
2025-01-27 05:00:00,3157.14,3164.3,3115.0,3140.94,34610.6023
2025-01-27 06:00:00,3140.94,3151.39,3079.0,3084.05,54424.6119
2025-01-27 07:00:00,3084.06,3091.41,3020.01,3070.8,82983.5393
2025-01-27 08:00:00,3070.8,3073.54,3038.81,3066.01,32840.393
2025-01-27 09:00:00,3066.01,3090.77,3058.43,3080.5,28351.4103
2025-01-27 10:00:00,3080.49,3081.5,3034.48,3038.39,28715.8025
2025-01-27 11:00:00,3038.4,3075.5,3037.65,3058.94,23511.9045
2025-01-27 12:00:00,3058.94,3122.87,3053.67,3103.13,32544.0653
2025-01-27 13:00:00,3103.13,3134.74,3088.85,3099.32,38081.5218
2025-01-27 14:00:00,3099.33,3146.61,3083.21,3137.51,33437.6619
2025-01-27 15:00:00,3137.51,3152.0,3112.0,3133.4,26579.6341
2025-01-27 16:00:00,3133.39,3133.39,3075.81,3084.0,32076.765
2025-01-27 17:00:00,3084.01,3099.08,3066.68,3072.7,21802.6252
2025-01-27 18:00:00,3072.7,3088.95,3046.68,3054.82,22192.7521
2025-01-27 19:00:00,3054.82,3081.99,3054.81,3075.93,15744.7873
2025-01-27 20:00:00,3075.93,3148.97,3073.13,3145.38,17465.546
2025-01-27 21:00:00,3145.37,3239.0,3142.0,3159.25,42463.1642
2025-01-27 22:00:00,3159.26,3181.5,3146.54,3170.95,11699.4138
2025-01-27 23:00:00,3170.95,3183.04,3160.0,3182.44,10756.5024
2025-01-28 00:00:00,3182.44,3203.89,3164.2,3167.28,22061.6655
2025-01-28 01:00:00,3167.29,3176.88,3151.62,3166.68,9690.8417
2025-01-28 02:00:00,3166.61,3199.77,3165.21,3192.83,10901.3584
2025-01-28 03:00:00,3192.83,3218.39,3175.73,3203.15,17076.5308
2025-01-28 04:00:00,3203.15,3223.01,3197.78,3212.37,10171.3758
2025-01-28 05:00:00,3212.38,3221.97,3209.0,3212.95,8238.4722
2025-01-28 06:00:00,3212.95,3215.41,3191.97,3195.0,9825.9125
2025-01-28 07:00:00,3194.99,3216.11,3188.8,3196.22,8640.7088
2025-01-28 08:00:00,3196.22,3205.45,3183.4,3198.4,8738.3625
2025-01-28 09:00:00,3198.4,3201.62,3184.22,3196.92,7625.5712
2025-01-28 10:00:00,3196.92,3208.0,3189.26,3194.38,7499.2033
2025-01-28 11:00:00,3194.39,3200.89,3177.1,3186.74,6064.658
2025-01-28 12:00:00,3186.75,3196.01,3166.4,3174.99,8315.1737
2025-01-28 13:00:00,3174.99,3189.5,3170.49,3175.36,5771.4535
2025-01-28 14:00:00,3175.36,3180.5,3156.86,3172.31,18154.6623
2025-01-28 15:00:00,3172.32,3214.38,3171.2,3181.36,23867.2666
2025-01-28 16:00:00,3181.37,3182.98,3136.74,3150.81,20664.8284
2025-01-28 17:00:00,3150.8,3182.77,3150.8,3167.62,17572.0853
2025-01-28 18:00:00,3167.62,3177.56,3141.0,3144.06,12785.9148
2025-01-28 19:00:00,3144.06,3150.49,3120.36,3147.31,19585.0183
2025-01-28 20:00:00,3147.31,3155.37,3093.03,3095.42,23944.2654
2025-01-28 21:00:00,3095.42,3115.27,3052.15,3053.51,31612.7075
2025-01-28 22:00:00,3053.5,3091.06,3040.03,3084.16,28997.0754
2025-01-28 23:00:00,3084.15,3097.0,3053.84,3077.72,13154.6054
2025-01-29 00:00:00,3077.72,3117.43,3076.31,3110.14,13530.1419
2025-01-29 01:00:00,3110.15,3120.0,3099.21,3110.78,7998.1706
2025-01-29 02:00:00,3110.78,3129.43,3110.1,3114.1,8658.1699
2025-01-29 03:00:00,3114.1,3132.69,3108.15,3130.43,8379.2752
2025-01-29 04:00:00,3130.43,3140.0,3123.01,3124.33,8931.682
2025-01-29 05:00:00,3124.32,3134.41,3117.01,3131.0,6550.9005
2025-01-29 06:00:00,3131.0,3150.27,3128.65,3147.32,8795.4613
2025-01-29 07:00:00,3147.32,3160.0,3139.01,3156.89,7438.9456
2025-01-29 08:00:00,3156.88,3164.11,3143.35,3147.51,9373.1244
2025-01-29 09:00:00,3147.5,3148.46,3123.14,3130.32,8801.3608
2025-01-29 10:00:00,3130.32,3143.53,3119.8,3137.7,7587.6034
2025-01-29 11:00:00,3137.7,3144.0,3132.03,3135.13,5536.0587
2025-01-29 12:00:00,3135.13,3140.38,3112.92,3118.7,11845.2882
2025-01-29 13:00:00,3118.71,3122.18,3089.26,3102.5,19797.0346
2025-01-29 14:00:00,3102.5,3116.9,3080.57,3096.62,18701.1968
2025-01-29 15:00:00,3096.62,3119.19,3094.16,3101.12,12913.7357
2025-01-29 16:00:00,3101.11,3105.34,3072.57,3086.09,13269.011
2025-01-29 17:00:00,3086.09,3132.08,3084.66,3111.59,12740.5843
2025-01-29 18:00:00,3111.6,3135.16,3089.64,3127.94,14390.7972
2025-01-29 19:00:00,3127.94,3153.22,3054.06,3126.5,98422.1625
2025-01-29 20:00:00,3126.49,3182.52,3091.0,3136.56,54864.0209
2025-01-29 21:00:00,3136.56,3163.36,3113.64,3140.61,28435.9521
2025-01-29 22:00:00,3140.6,3159.35,3124.5,3132.45,11785.2572
2025-01-29 23:00:00,3132.45,3149.0,3109.5,3113.9,10991.3228
2025-01-30 00:00:00,3113.9,3127.18,3091.06,3124.42,14048.5705
2025-01-30 01:00:00,3124.42,3155.51,3121.0,3138.39,13511.1365
2025-01-30 02:00:00,3138.39,3155.37,3128.07,3155.37,13166.2832
2025-01-30 03:00:00,3155.36,3202.58,3153.64,3201.5,19041.8865
2025-01-30 04:00:00,3201.5,3215.73,3187.42,3196.81,16348.1275
2025-01-30 05:00:00,3196.83,3198.9,3182.75,3194.99,6973.1447
2025-01-30 06:00:00,3194.99,3208.38,3184.68,3186.1,8506.3978
2025-01-30 07:00:00,3186.11,3194.8,3178.76,3191.04,9443.6084
2025-01-30 08:00:00,3191.04,3211.35,3181.1,3205.01,10707.1441
2025-01-30 09:00:00,3205.01,3229.82,3200.59,3221.54,15474.3777
2025-01-30 10:00:00,3221.55,3223.0,3207.76,3219.69,7730.8201
2025-01-30 11:00:00,3219.69,3227.8,3214.74,3222.71,9588.3875
2025-01-30 12:00:00,3222.71,3224.28,3209.24,3220.01,8195.6106
2025-01-30 13:00:00,3220.0,3275.97,3215.76,3263.14,35312.3398
2025-01-30 14:00:00,3263.14,3281.0,3241.05,3271.24,40826.8424
2025-01-30 15:00:00,3271.23,3280.0,3248.31,3255.3,30854.1148
2025-01-30 16:00:00,3255.3,3279.95,3249.06,3278.93,14958.1308
2025-01-30 17:00:00,3278.94,3283.43,3257.42,3272.6,14140.3626
2025-01-30 18:00:00,3272.6,3276.97,3255.22,3270.34,11568.313
2025-01-30 19:00:00,3270.34,3276.27,3255.9,3271.61,8095.3391
2025-01-30 20:00:00,3271.6,3273.2,3228.68,3231.6,20815.1696
2025-01-30 21:00:00,3231.6,3248.13,3231.5,3244.35,7689.4888
2025-01-30 22:00:00,3244.35,3272.0,3238.28,3260.88,7185.0461
2025-01-30 23:00:00,3260.88,3270.0,3245.52,3247.39,6458.8402
2025-01-31 00:00:00,3247.38,3271.6,3237.23,3270.5,10592.0236
2025-01-31 01:00:00,3270.5,3273.89,3254.09,3270.63,8308.0162
2025-01-31 02:00:00,3270.63,3279.5,3247.37,3247.61,11293.6476
2025-01-31 03:00:00,3247.6,3247.61,3221.2,3230.65,14679.6715
2025-01-31 04:00:00,3230.65,3235.88,3213.8,3216.61,9004.3773
2025-01-31 05:00:00,3216.61,3248.93,3216.0,3245.32,7969.9571
2025-01-31 06:00:00,3245.32,3271.5,3241.62,3262.93,13003.4056
2025-01-31 07:00:00,3262.94,3276.93,3239.2,3241.63,20512.5934
2025-01-31 08:00:00,3241.63,3249.08,3234.05,3237.01,15422.324
2025-01-31 09:00:00,3237.01,3271.33,3235.0,3266.4,14051.4631
2025-01-31 10:00:00,3266.4,3272.0,3256.57,3269.68,13877.8108
2025-01-31 11:00:00,3269.67,3338.55,3269.67,3335.16,50510.1667
2025-01-31 12:00:00,3335.16,3359.72,3325.3,3350.69,39929.1247
2025-01-31 13:00:00,3350.7,3370.13,3341.49,3354.68,31071.6507
2025-01-31 14:00:00,3354.67,3374.02,3334.71,3351.11,43522.1941
2025-01-31 15:00:00,3351.11,3436.34,3351.11,3427.66,72263.7193
2025-01-31 16:00:00,3427.65,3437.31,3391.2,3403.09,51738.1014
2025-01-31 17:00:00,3403.1,3405.45,3370.34,3375.88,20656.1508
2025-01-31 18:00:00,3375.87,3385.11,3294.97,3314.76,73301.1532
2025-01-31 19:00:00,3314.76,3345.84,3308.13,3339.08,38045.5815
2025-01-31 20:00:00,3339.07,3339.07,3285.68,3315.99,36053.0954
2025-01-31 21:00:00,3315.91,3320.6,3278.5,3319.12,26296.3003
2025-01-31 22:00:00,3319.12,3321.0,3282.0,3296.39,14799.1152
2025-01-31 23:00:00,3296.38,3302.82,3278.8,3300.99,11780.0126
2025-02-01 00:00:00,3300.99,3321.11,3288.35,3317.0,15325.8883
2025-02-01 01:00:00,3317.0,3331.98,3312.7,3313.11,10412.7877
2025-02-01 02:00:00,3313.12,3325.53,3302.67,3306.2,8676.7715
2025-02-01 03:00:00,3306.21,3309.9,3283.01,3291.97,10970.9011
2025-02-01 04:00:00,3291.97,3307.19,3285.0,3294.59,9971.9675
2025-02-01 05:00:00,3294.6,3303.44,3292.88,3299.73,5520.5009
2025-02-01 06:00:00,3299.72,3306.5,3273.44,3295.99,16866.1606
2025-02-01 07:00:00,3296.0,3301.04,3277.67,3280.1,5841.9413
2025-02-01 08:00:00,3280.11,3286.31,3246.1,3268.48,21286.9499
2025-02-01 09:00:00,3268.48,3268.8,3224.01,3236.19,21390.2967
2025-02-01 10:00:00,3236.19,3252.5,3228.14,3234.31,11252.0839
2025-02-01 11:00:00,3234.31,3253.0,3230.0,3252.16,7296.742
2025-02-01 12:00:00,3252.17,3272.28,3246.67,3267.2,10024.596
2025-02-01 13:00:00,3267.2,3273.15,3242.15,3246.21,8349.5062
2025-02-01 14:00:00,3246.21,3256.46,3234.53,3238.8,10290.2676
2025-02-01 15:00:00,3238.8,3258.59,3228.93,3250.99,13629.6263
2025-02-01 16:00:00,3251.0,3266.46,3240.42,3243.01,9858.2123
2025-02-01 17:00:00,3243.01,3266.66,3243.0,3262.24,8133.8623
2025-02-01 18:00:00,3262.24,3267.24,3240.1,3242.04,8219.5568
2025-02-01 19:00:00,3242.05,3244.46,3178.07,3197.08,34326.7725
2025-02-01 20:00:00,3197.09,3197.09,3151.71,3164.01,33905.4566
2025-02-01 21:00:00,3164.0,3179.49,3142.72,3149.8,21287.4656
2025-02-01 22:00:00,3149.79,3162.38,3125.0,3137.94,18229.4243
2025-02-01 23:00:00,3137.94,3139.33,3101.7,3117.54,32997.5146
2025-02-02 00:00:00,3117.54,3156.68,3111.8,3151.46,15737.4606
2025-02-02 01:00:00,3151.47,3163.2,3143.47,3152.49,9880.5708
2025-02-02 02:00:00,3152.5,3152.92,3113.69,3115.81,14174.0312
2025-02-02 03:00:00,3115.82,3128.84,3069.36,3077.97,50147.3265
2025-02-02 04:00:00,3077.98,3111.53,3075.0,3096.56,27495.3343
2025-02-02 05:00:00,3096.56,3123.53,3093.64,3119.72,12802.1706
2025-02-02 06:00:00,3119.72,3139.0,3111.09,3114.99,16905.8627
2025-02-02 07:00:00,3114.99,3115.09,3082.82,3101.51,22039.9699
2025-02-02 08:00:00,3101.5,3124.13,3090.25,3110.01,13826.8299
2025-02-02 09:00:00,3110.0,3112.04,3096.33,3111.29,9661.4066
2025-02-02 10:00:00,3111.3,3111.43,3091.1,3104.47,11975.132
2025-02-02 11:00:00,3104.48,3112.89,3052.19,3064.86,38775.4157
2025-02-02 12:00:00,3064.87,3080.39,3050.64,3052.39,41132.0816
2025-02-02 13:00:00,3052.4,3088.13,3052.4,3087.47,22373.8455
2025-02-02 14:00:00,3087.47,3101.92,3082.23,3087.07,25861.5024
2025-02-02 15:00:00,3087.08,3087.08,3061.41,3081.19,21005.6924
2025-02-02 16:00:00,3081.18,3082.02,3003.53,3015.9,60130.3662
2025-02-02 17:00:00,3015.9,3037.0,2951.58,2972.99,117492.0522
2025-02-02 18:00:00,2972.99,2990.5,2916.66,2928.36,103529.5935
2025-02-02 19:00:00,2928.36,2984.0,2894.4,2958.9,90011.2213
2025-02-02 20:00:00,2958.91,2987.68,2943.34,2950.64,27865.7672
2025-02-02 21:00:00,2950.64,2956.82,2896.4,2907.9,48138.9116
2025-02-02 22:00:00,2907.9,2937.17,2750.71,2875.46,119539.8168
2025-02-02 23:00:00,2875.46,2875.46,2778.49,2869.68,130303.5685
2025-02-03 00:00:00,2869.68,2872.75,2768.55,2823.49,136414.9217
2025-02-03 01:00:00,2823.5,2844.28,2400.0,2491.99,289020.7015
2025-02-03 02:00:00,2493.89,2563.57,2125.01,2486.64,508838.4049
2025-02-03 03:00:00,2486.66,2544.35,2479.2,2527.12,179782.6192
2025-02-03 04:00:00,2527.2,2565.5,2448.97,2452.65,109726.0181
2025-02-03 05:00:00,2452.65,2521.88,2447.25,2515.01,84593.8219
2025-02-03 06:00:00,2515.0,2537.62,2483.91,2525.63,70534.6067
2025-02-03 07:00:00,2525.62,2632.8,2520.99,2622.35,95561.3866
2025-02-03 08:00:00,2622.35,2622.51,2526.16,2572.8,110720.8702
2025-02-03 09:00:00,2572.81,2616.5,2557.87,2570.9,94025.4203
2025-02-03 10:00:00,2570.91,2614.8,2562.31,2610.43,58855.0782
2025-02-03 11:00:00,2610.43,2612.35,2577.1,2581.41,50390.8651
2025-02-03 12:00:00,2581.41,2636.27,2574.6,2580.52,60720.0655
2025-02-03 13:00:00,2580.52,2596.5,2547.22,2576.77,55011.4565
2025-02-03 14:00:00,2576.77,2647.11,2529.39,2620.58,175977.7529
2025-02-03 15:00:00,2620.57,2728.0,2600.0,2700.72,188504.8881
2025-02-03 16:00:00,2700.73,2733.9,2678.39,2706.33,92551.9387
2025-02-03 17:00:00,2706.32,2718.14,2668.06,2707.7,61749.9817
2025-02-03 18:00:00,2707.69,2735.0,2697.12,2732.7,51625.4386
2025-02-03 19:00:00,2732.7,2770.26,2728.3,2764.23,58552.2504
2025-02-03 20:00:00,2764.21,2764.51,2695.61,2704.12,48964.8575
2025-02-03 21:00:00,2704.2,2819.99,2700.15,2817.69,54644.5065
2025-02-03 22:00:00,2817.62,2921.0,2810.8,2870.0,128928.088
2025-02-03 23:00:00,2870.0,2894.0,2852.61,2879.9,42283.0822
2025-02-04 00:00:00,2879.89,2888.5,2838.94,2840.95,38754.2183
2025-02-04 01:00:00,2840.95,2861.04,2834.14,2853.79,31968.2542
2025-02-04 02:00:00,2853.79,2858.53,2800.99,2801.8,29192.8692
2025-02-04 03:00:00,2801.73,2815.9,2792.22,2811.0,38096.5301
2025-02-04 04:00:00,2810.99,2836.68,2794.4,2800.59,29324.4242
2025-02-04 05:00:00,2800.59,2805.0,2663.21,2691.07,140453.7504
2025-02-04 06:00:00,2691.07,2732.0,2691.07,2727.61,57550.2966
2025-02-04 07:00:00,2727.6,2734.5,2685.49,2703.53,36621.9859
2025-02-04 08:00:00,2703.54,2723.96,2677.0,2698.31,41625.1016
2025-02-04 09:00:00,2698.31,2717.49,2690.78,2694.97,21742.3101
2025-02-04 10:00:00,2694.97,2758.78,2693.88,2750.01,35946.092
2025-02-04 11:00:00,2750.0,2789.44,2748.4,2757.99,36928.7013
2025-02-04 12:00:00,2757.99,2821.0,2757.65,2804.99,36717.8869
2025-02-04 13:00:00,2804.99,2836.0,2790.63,2795.88,47130.049
2025-02-04 14:00:00,2795.87,2846.3,2774.72,2818.47,69426.9912
2025-02-04 15:00:00,2818.46,2827.17,2730.18,2777.18,95316.1068
2025-02-04 16:00:00,2777.18,2805.54,2765.26,2790.57,40888.962
2025-02-04 17:00:00,2790.55,2842.77,2784.11,2815.1,47213.6732
2025-02-04 18:00:00,2815.1,2835.23,2794.71,2829.6,29233.5366
2025-02-04 19:00:00,2829.59,2869.39,2770.02,2770.6,80282.0086
2025-02-04 20:00:00,2770.6,2794.05,2721.05,2733.0,88432.9438
2025-02-04 21:00:00,2733.0,2734.33,2637.2,2639.59,93371.4668
2025-02-04 22:00:00,2639.58,2699.99,2632.6,2683.99,55617.6467
2025-02-04 23:00:00,2683.99,2748.0,2676.29,2731.19,37758.5864
2025-02-05 00:00:00,2731.19,2746.37,2712.31,2729.41,27261.1592
2025-02-05 01:00:00,2729.4,2767.78,2714.49,2721.89,29459.3562
2025-02-05 02:00:00,2721.9,2750.4,2699.13,2739.51,34709.7208
2025-02-05 03:00:00,2739.5,2749.55,2717.59,2720.38,24040.1145
2025-02-05 04:00:00,2720.38,2737.69,2712.62,2729.16,11678.0974
2025-02-05 05:00:00,2729.15,2788.0,2709.2,2784.74,28071.9419
2025-02-05 06:00:00,2784.62,2785.5,2738.1,2744.72,25049.2361
2025-02-05 07:00:00,2744.72,2774.81,2735.29,2759.31,18864.6625
2025-02-05 08:00:00,2759.3,2782.16,2753.8,2773.86,31741.0119
2025-02-05 09:00:00,2773.84,2793.08,2746.85,2758.79,23034.1255
2025-02-05 10:00:00,2758.79,2786.94,2755.7,2778.91,12919.9428
2025-02-05 11:00:00,2778.91,2817.89,2778.9,2800.01,30134.5215
2025-02-05 12:00:00,2800.0,2811.5,2783.01,2787.5,23383.0197
2025-02-05 13:00:00,2787.5,2820.0,2784.0,2817.88,25474.1134
2025-02-05 14:00:00,2817.88,2826.95,2771.42,2787.39,45997.8165
2025-02-05 15:00:00,2787.38,2800.46,2757.46,2773.46,50366.7095
2025-02-05 16:00:00,2773.45,2783.65,2734.06,2771.78,49840.0012
2025-02-05 17:00:00,2771.79,2781.02,2730.4,2740.69,34691.0743
2025-02-05 18:00:00,2740.7,2755.15,2715.27,2723.01,33079.0434
2025-02-05 19:00:00,2723.0,2787.56,2716.54,2775.49,29845.1005
2025-02-05 20:00:00,2775.5,2783.58,2743.51,2763.01,25900.3369
2025-02-05 21:00:00,2763.0,2792.47,2758.49,2787.0,15995.7208
2025-02-05 22:00:00,2786.99,2803.0,2739.49,2760.1,31371.3366
2025-02-05 23:00:00,2760.09,2793.99,2755.47,2788.25,23684.8798
2025-02-06 00:00:00,2788.25,2798.75,2760.96,2768.34,25036.8169
2025-02-06 01:00:00,2768.35,2812.83,2755.69,2790.53,25571.4479
2025-02-06 02:00:00,2790.53,2817.27,2786.43,2808.01,23737.3498
2025-02-06 03:00:00,2808.01,2819.51,2790.72,2806.49,16145.4133
2025-02-06 04:00:00,2806.5,2831.97,2805.87,2820.61,18483.1773
2025-02-06 05:00:00,2820.61,2849.5,2820.25,2832.16,19495.0386
2025-02-06 06:00:00,2832.16,2856.21,2822.93,2853.18,18742.56
2025-02-06 07:00:00,2853.18,2854.78,2826.15,2831.32,16103.0062
2025-02-06 08:00:00,2831.33,2845.39,2823.01,2829.39,16417.4531
2025-02-06 09:00:00,2829.4,2857.64,2826.09,2851.76,18619.0378
2025-02-06 10:00:00,2851.75,2854.78,2819.02,2828.9,20819.097
2025-02-06 11:00:00,2828.89,2830.9,2793.05,2803.92,22964.3827
2025-02-06 12:00:00,2803.92,2807.77,2767.35,2770.88,32899.3234
2025-02-06 13:00:00,2770.89,2799.0,2768.35,2791.66,30257.1321
2025-02-06 14:00:00,2791.67,2796.16,2737.62,2748.48,53413.3295
2025-02-06 15:00:00,2748.49,2760.75,2683.71,2705.57,85378.2016
2025-02-06 16:00:00,2705.57,2724.31,2695.0,2708.01,46717.7861
2025-02-06 17:00:00,2708.01,2719.1,2696.06,2700.0,35650.74
2025-02-06 18:00:00,2700.0,2712.78,2672.03,2693.76,59480.4238
2025-02-06 19:00:00,2693.75,2726.75,2680.0,2689.57,36947.1813
2025-02-06 20:00:00,2689.56,2725.6,2685.64,2722.96,29697.7258
2025-02-06 21:00:00,2722.96,2723.33,2675.0,2709.49,27045.1074
2025-02-06 22:00:00,2709.5,2710.0,2655.28,2700.5,22946.4221
2025-02-06 23:00:00,2700.5,2702.48,2666.8,2686.64,16891.8034
2025-02-07 00:00:00,2686.63,2716.21,2679.79,2687.66,20525.7621
2025-02-07 01:00:00,2687.65,2739.61,2687.0,2717.26,25432.1634
2025-02-07 02:00:00,2717.27,2734.09,2712.92,2724.9,22281.7359
2025-02-07 03:00:00,2724.9,2736.47,2703.2,2715.58,16354.6295
2025-02-07 04:00:00,2715.58,2731.0,2713.56,2720.6,11685.7143
2025-02-07 05:00:00,2720.61,2727.36,2704.26,2713.98,11692.8068
2025-02-07 06:00:00,2713.98,2715.5,2668.03,2696.39,27490.2281
2025-02-07 07:00:00,2696.38,2729.85,2695.71,2713.07,22365.3447
2025-02-07 08:00:00,2713.06,2743.77,2705.56,2729.6,18001.3493
2025-02-07 09:00:00,2729.6,2741.74,2725.81,2738.92,9873.6355
2025-02-07 10:00:00,2738.91,2754.1,2736.2,2743.01,12383.8985
2025-02-07 11:00:00,2743.0,2764.78,2739.23,2762.69,14429.7801
2025-02-07 12:00:00,2762.69,2771.05,2745.85,2757.31,19779.1633
2025-02-07 13:00:00,2757.31,2780.0,2723.68,2776.01,46978.041
2025-02-07 14:00:00,2776.0,2797.5,2764.23,2782.86,44198.3837
2025-02-07 15:00:00,2782.87,2782.95,2710.97,2721.73,75494.2212
2025-02-07 16:00:00,2721.74,2727.78,2691.48,2693.86,44430.6807
2025-02-07 17:00:00,2693.86,2699.0,2662.02,2680.09,48207.1263
2025-02-07 18:00:00,2680.09,2703.7,2676.33,2678.47,23491.9236
2025-02-07 19:00:00,2678.48,2679.92,2655.8,2659.3,20434.0774
2025-02-07 20:00:00,2659.3,2661.85,2579.53,2587.65,67234.5528
2025-02-07 21:00:00,2587.66,2610.3,2576.34,2587.77,32753.1891
2025-02-07 22:00:00,2587.78,2592.0,2562.51,2583.77,32399.8071
2025-02-07 23:00:00,2583.77,2625.71,2578.2,2622.1,27549.1468
2025-02-08 00:00:00,2622.11,2667.3,2615.88,2646.68,33986.4144
2025-02-08 01:00:00,2646.68,2646.68,2627.49,2630.39,27941.3108
2025-02-08 02:00:00,2630.39,2643.82,2622.64,2640.95,17068.3533
2025-02-08 03:00:00,2640.95,2656.99,2635.6,2641.66,13983.1335
2025-02-08 04:00:00,2641.67,2648.99,2630.95,2634.18,10387.5196
2025-02-08 05:00:00,2634.19,2636.28,2613.35,2620.19,20313.2622
2025-02-08 06:00:00,2620.2,2632.0,2608.3,2616.14,17276.8732
2025-02-08 07:00:00,2616.13,2638.0,2594.63,2629.61,34554.8909
2025-02-08 08:00:00,2629.61,2632.5,2605.98,2606.22,11801.9147
2025-02-08 09:00:00,2606.22,2619.33,2604.29,2619.0,13394.3571
2025-02-08 10:00:00,2619.0,2630.5,2613.23,2617.89,9542.4124
2025-02-08 11:00:00,2617.88,2621.0,2601.4,2613.32,11453.2021
2025-02-08 12:00:00,2613.3,2620.48,2599.0,2604.91,13384.5056
2025-02-08 13:00:00,2604.9,2636.9,2604.02,2621.44,16263.5182
2025-02-08 14:00:00,2621.44,2626.39,2602.01,2616.23,17720.2547
2025-02-08 15:00:00,2616.23,2626.0,2588.8,2605.24,17514.2675
2025-02-08 16:00:00,2605.24,2613.82,2589.97,2609.48,14966.2918
2025-02-08 17:00:00,2609.48,2633.79,2609.27,2629.89,19380.0569
2025-02-08 18:00:00,2629.89,2640.81,2618.66,2631.63,13957.0202
2025-02-08 19:00:00,2631.63,2649.9,2627.3,2637.89,15830.852
2025-02-08 20:00:00,2637.89,2642.72,2628.1,2635.83,8054.6976
2025-02-08 21:00:00,2635.82,2642.49,2628.99,2638.76,6092.7004
2025-02-08 22:00:00,2638.75,2645.6,2623.78,2627.01,8333.3247
2025-02-08 23:00:00,2627.01,2643.88,2626.64,2632.46,6484.0171
2025-02-09 00:00:00,2632.46,2640.81,2626.63,2637.16,6611.3275
2025-02-09 01:00:00,2637.16,2657.11,2635.1,2649.42,13285.4614
2025-02-09 02:00:00,2649.41,2652.73,2636.44,2639.62,7870.9066
2025-02-09 03:00:00,2639.62,2698.9,2634.0,2678.54,29535.4146
2025-02-09 04:00:00,2678.53,2678.9,2660.39,2672.83,10806.8267
2025-02-09 05:00:00,2672.84,2673.49,2656.46,2661.47,7896.1995
2025-02-09 06:00:00,2661.47,2664.5,2649.29,2663.04,7901.293
2025-02-09 07:00:00,2663.03,2668.37,2658.6,2662.59,6012.3434
2025-02-09 08:00:00,2662.59,2673.38,2661.52,2666.99,11877.2854
2025-02-09 09:00:00,2666.99,2667.37,2650.99,2658.37,6786.5614
2025-02-09 10:00:00,2658.36,2669.37,2652.08,2661.68,9365.831
2025-02-09 11:00:00,2661.69,2667.0,2652.53,2654.78,8805.0904
2025-02-09 12:00:00,2654.8,2661.81,2644.3,2654.99,12062.3584
2025-02-09 13:00:00,2655.0,2657.99,2611.78,2618.38,23615.1896
2025-02-09 14:00:00,2618.38,2634.53,2615.24,2627.63,13335.9169
2025-02-09 15:00:00,2627.63,2658.95,2626.99,2653.21,13687.7279
2025-02-09 16:00:00,2653.22,2666.38,2649.59,2659.32,8559.6857
2025-02-09 17:00:00,2659.32,2665.24,2634.02,2641.74,9914.5452
2025-02-09 18:00:00,2641.75,2642.1,2624.33,2636.69,9869.6996
2025-02-09 19:00:00,2636.68,2643.25,2616.81,2623.89,9944.3059
2025-02-09 20:00:00,2623.89,2649.55,2622.14,2637.19,10437.9144
2025-02-09 21:00:00,2637.2,2641.0,2520.02,2552.38,71526.2046
2025-02-09 22:00:00,2552.38,2646.99,2527.2,2615.77,54412.27
2025-02-09 23:00:00,2615.77,2635.64,2606.72,2627.18,23046.432
2025-02-10 00:00:00,2627.18,2658.6,2626.83,2642.71,21885.093
2025-02-10 01:00:00,2642.72,2644.7,2559.85,2574.69,38178.6618
2025-02-10 02:00:00,2574.69,2595.63,2569.3,2589.54,28182.0895
2025-02-10 03:00:00,2589.54,2648.56,2584.65,2625.97,35839.2729
2025-02-10 04:00:00,2625.97,2641.42,2618.4,2628.75,12798.936
2025-02-10 05:00:00,2628.76,2660.0,2620.92,2638.4,15230.3582
2025-02-10 06:00:00,2638.43,2642.87,2626.52,2636.25,11050.8833
2025-02-10 07:00:00,2636.26,2644.67,2629.0,2637.03,11579.0236
2025-02-10 08:00:00,2637.02,2652.5,2634.84,2644.8,15304.2307
2025-02-10 09:00:00,2644.8,2654.55,2639.0,2650.4,9324.7913
2025-02-10 10:00:00,2650.4,2662.0,2639.78,2647.47,9355.8073
2025-02-10 11:00:00,2647.47,2659.5,2639.7,2653.16,10484.7051
2025-02-10 12:00:00,2653.16,2662.12,2631.24,2639.33,14175.0798
2025-02-10 13:00:00,2639.33,2684.55,2637.6,2677.76,17994.6949
2025-02-10 14:00:00,2677.77,2680.99,2638.99,2650.86,27521.0203
2025-02-10 15:00:00,2650.86,2662.27,2643.52,2658.22,19984.0225
2025-02-10 16:00:00,2658.21,2676.31,2650.0,2664.82,17799.4072
2025-02-10 17:00:00,2664.82,2685.45,2650.33,2679.01,19728.7922
2025-02-10 18:00:00,2679.0,2689.41,2670.11,2683.22,14652.4257
2025-02-10 19:00:00,2683.21,2693.79,2667.6,2672.28,12470.8968
2025-02-10 20:00:00,2672.28,2686.61,2668.17,2684.28,12776.4944
2025-02-10 21:00:00,2684.29,2684.96,2657.29,2664.34,7583.0183
2025-02-10 22:00:00,2664.34,2671.35,2652.49,2658.49,7900.5336
2025-02-10 23:00:00,2658.5,2662.99,2651.74,2661.19,6373.0332
2025-02-11 00:00:00,2661.19,2725.04,2660.72,2705.59,30158.7185
2025-02-11 01:00:00,2705.6,2720.38,2692.23,2695.0,20660.2709
2025-02-11 02:00:00,2694.99,2699.9,2666.7,2681.49,17275.3102
2025-02-11 03:00:00,2681.5,2681.57,2668.41,2678.89,6823.4934
2025-02-11 04:00:00,2678.89,2695.8,2676.49,2693.21,9240.7306
2025-02-11 05:00:00,2693.22,2722.0,2690.22,2717.01,19904.7839
2025-02-11 06:00:00,2717.04,2724.98,2702.36,2722.81,12497.9385
2025-02-11 07:00:00,2722.81,2724.32,2709.47,2712.15,14622.364
2025-02-11 08:00:00,2712.12,2720.9,2705.8,2715.29,20135.3908
2025-02-11 09:00:00,2715.3,2717.88,2701.28,2704.52,16146.323
2025-02-11 10:00:00,2704.52,2706.5,2690.24,2697.06,15168.4614
2025-02-11 11:00:00,2697.07,2710.0,2692.12,2708.8,8499.1873
2025-02-11 12:00:00,2708.8,2710.29,2680.0,2686.03,12281.4733
2025-02-11 13:00:00,2686.02,2694.42,2629.24,2634.47,31466.0075
2025-02-11 14:00:00,2634.41,2670.0,2626.13,2663.81,25089.1168
2025-02-11 15:00:00,2663.81,2676.86,2648.0,2662.36,18700.9011
2025-02-11 16:00:00,2662.35,2670.8,2641.96,2645.43,23634.72
2025-02-11 17:00:00,2645.43,2653.92,2632.0,2640.79,18268.5543
2025-02-11 18:00:00,2640.8,2641.67,2607.28,2610.77,19329.1879
2025-02-11 19:00:00,2610.78,2619.0,2580.0,2589.7,42370.1269
2025-02-11 20:00:00,2589.69,2612.25,2585.51,2598.44,35959.3306
2025-02-11 21:00:00,2598.32,2631.36,2592.15,2622.12,22647.9795
2025-02-11 22:00:00,2622.11,2631.29,2558.24,2586.39,27062.9662
2025-02-11 23:00:00,2586.4,2611.77,2584.84,2602.59,16252.8069
2025-02-12 00:00:00,2602.59,2617.03,2589.0,2610.4,13354.7191
2025-02-12 01:00:00,2610.33,2624.36,2600.19,2616.8,9218.734
2025-02-12 02:00:00,2616.8,2618.66,2587.31,2596.65,11148.5732
2025-02-12 03:00:00,2596.65,2601.49,2569.31,2587.24,17567.688
2025-02-12 04:00:00,2587.23,2597.5,2577.5,2590.07,12498.0543
2025-02-12 05:00:00,2590.07,2611.0,2585.17,2609.0,10212.8436
2025-02-12 06:00:00,2609.01,2612.75,2597.51,2601.81,8461.9094
2025-02-12 07:00:00,2601.81,2624.07,2599.09,2618.63,16680.6875
2025-02-12 08:00:00,2618.62,2637.24,2618.2,2629.94,14160.6828
2025-02-12 09:00:00,2629.94,2632.67,2610.78,2629.17,13271.7409
2025-02-12 10:00:00,2629.16,2632.48,2611.01,2618.89,21548.9386
2025-02-12 11:00:00,2618.88,2639.49,2618.88,2627.08,9338.2888
2025-02-12 12:00:00,2627.08,2642.9,2625.33,2628.4,11975.9569
2025-02-12 13:00:00,2628.41,2665.16,2558.0,2595.48,118327.2964
2025-02-12 14:00:00,2595.48,2600.9,2546.92,2599.43,54914.7619
2025-02-12 15:00:00,2599.42,2615.69,2569.29,2606.9,46557.8244
2025-02-12 16:00:00,2606.9,2652.78,2583.18,2648.36,36834.0229
2025-02-12 17:00:00,2648.35,2683.65,2648.01,2672.99,39535.3861
2025-02-12 18:00:00,2673.0,2674.86,2647.61,2663.81,19086.4135
2025-02-12 19:00:00,2663.82,2681.23,2647.8,2677.95,21537.6665
2025-02-12 20:00:00,2677.95,2695.72,2669.49,2677.8,19476.1728
2025-02-12 21:00:00,2677.8,2693.97,2672.01,2682.31,10546.6545
2025-02-12 22:00:00,2682.32,2795.45,2678.33,2745.6,80520.036
2025-02-12 23:00:00,2745.6,2756.79,2726.66,2738.27,29520.8438
2025-02-13 00:00:00,2738.27,2741.49,2716.0,2728.39,16870.8689
2025-02-13 01:00:00,2728.4,2757.28,2723.0,2748.5,18033.758
2025-02-13 02:00:00,2748.49,2749.46,2731.55,2739.69,12798.9273
2025-02-13 03:00:00,2739.69,2746.95,2736.31,2744.0,12274.9576
2025-02-13 04:00:00,2744.0,2745.73,2713.7,2721.44,13241.4791
2025-02-13 05:00:00,2721.43,2725.7,2703.97,2720.77,12544.3443
2025-02-13 06:00:00,2720.76,2723.62,2680.62,2686.21,17739.1426
2025-02-13 07:00:00,2686.2,2690.92,2672.03,2681.5,21912.2375
2025-02-13 08:00:00,2681.51,2685.43,2658.1,2666.62,27068.0656
2025-02-13 09:00:00,2666.62,2686.8,2659.29,2683.5,13229.1991
2025-02-13 10:00:00,2683.5,2688.43,2675.39,2677.3,9738.1959
2025-02-13 11:00:00,2677.3,2679.2,2650.65,2656.19,17051.9324
2025-02-13 12:00:00,2656.18,2669.29,2645.6,2655.8,14831.6836
2025-02-13 13:00:00,2655.82,2677.77,2651.7,2659.0,28881.086
2025-02-13 14:00:00,2658.99,2659.97,2616.04,2636.53,46413.3039
2025-02-13 15:00:00,2636.53,2667.04,2621.78,2647.95,39695.5014
2025-02-13 16:00:00,2647.96,2647.97,2618.7,2626.66,22503.7844
2025-02-13 17:00:00,2626.76,2647.98,2625.22,2631.39,16495.011
2025-02-13 18:00:00,2631.4,2639.7,2612.76,2639.6,24118.6286
2025-02-13 19:00:00,2639.59,2662.17,2629.35,2640.94,18993.2044
2025-02-13 20:00:00,2640.94,2659.29,2640.5,2653.61,9408.9137
2025-02-13 21:00:00,2653.6,2675.72,2651.49,2666.99,14287.2916
2025-02-13 22:00:00,2667.0,2676.92,2662.94,2668.78,9206.997
2025-02-13 23:00:00,2668.79,2679.99,2664.1,2675.87,6430.7714
2025-02-14 00:00:00,2675.87,2683.1,2664.46,2675.27,8088.2154
2025-02-14 01:00:00,2675.27,2687.55,2669.0,2683.25,8900.0241
2025-02-14 02:00:00,2683.25,2706.58,2680.0,2690.5,18126.102
2025-02-14 03:00:00,2690.51,2721.4,2689.11,2715.39,11401.1762
2025-02-14 04:00:00,2715.39,2716.2,2696.58,2699.5,9725.4462
2025-02-14 05:00:00,2699.5,2704.0,2689.43,2698.64,8365.6764
2025-02-14 06:00:00,2698.64,2704.0,2692.0,2700.79,10209.237
2025-02-14 07:00:00,2700.8,2705.0,2698.84,2699.42,17465.9394
2025-02-14 08:00:00,2699.41,2716.21,2695.68,2705.75,21331.9984
2025-02-14 09:00:00,2705.74,2714.0,2703.97,2713.61,23956.9007
2025-02-14 10:00:00,2713.61,2716.48,2702.28,2703.29,9761.1636
2025-02-14 11:00:00,2703.29,2705.4,2682.42,2684.81,15440.9701
2025-02-14 12:00:00,2684.8,2691.16,2677.43,2686.43,11457.3645
2025-02-14 13:00:00,2686.43,2705.53,2684.61,2701.21,14263.7275
2025-02-14 14:00:00,2701.21,2736.76,2693.81,2720.75,27134.7321
2025-02-14 15:00:00,2720.75,2747.39,2688.79,2734.33,35876.0899
2025-02-14 16:00:00,2734.33,2743.46,2709.61,2742.8,21900.8476
2025-02-14 17:00:00,2742.8,2791.0,2731.61,2773.97,44612.7472
2025-02-14 18:00:00,2773.96,2791.78,2754.78,2755.98,35065.9944
2025-02-14 19:00:00,2755.97,2763.53,2728.37,2738.0,14862.4968
2025-02-14 20:00:00,2738.0,2751.0,2721.16,2728.2,11674.7524
2025-02-14 21:00:00,2728.2,2751.1,2706.0,2744.31,18485.3578
2025-02-14 22:00:00,2744.31,2748.8,2707.4,2718.0,13454.8213
2025-02-14 23:00:00,2718.0,2730.9,2714.9,2725.95,8334.0052
2025-02-15 00:00:00,2725.95,2727.95,2703.99,2716.58,15676.0804
2025-02-15 01:00:00,2716.59,2731.0,2714.6,2728.49,7807.4496
2025-02-15 02:00:00,2728.49,2734.76,2720.96,2731.4,7973.7894
2025-02-15 03:00:00,2731.4,2739.0,2723.14,2724.4,6949.331
2025-02-15 04:00:00,2724.41,2733.6,2717.6,2720.47,7007.3587
2025-02-15 05:00:00,2720.47,2724.96,2715.69,2722.46,3679.4871
2025-02-15 06:00:00,2722.47,2722.62,2705.0,2709.38,5109.6279
2025-02-15 07:00:00,2709.38,2710.89,2694.0,2697.66,12568.9235
2025-02-15 08:00:00,2697.65,2711.9,2697.13,2704.79,7411.2833
2025-02-15 09:00:00,2704.8,2712.4,2696.04,2702.91,5566.4387
2025-02-15 10:00:00,2702.91,2712.4,2695.7,2710.49,6323.4451
2025-02-15 11:00:00,2710.49,2715.1,2700.0,2708.37,11928.5389
2025-02-15 12:00:00,2708.37,2713.53,2703.6,2710.23,7049.2416
2025-02-15 13:00:00,2710.23,2713.99,2705.9,2707.02,6207.2119
2025-02-15 14:00:00,2707.02,2707.03,2662.28,2688.68,29405.7209
2025-02-15 15:00:00,2688.69,2698.83,2683.99,2691.05,8821.613
2025-02-15 16:00:00,2691.05,2696.49,2682.48,2689.06,8315.2686
2025-02-15 17:00:00,2689.06,2693.99,2679.0,2686.12,7856.8165
2025-02-15 18:00:00,2686.12,2707.93,2685.01,2702.83,8995.2146
2025-02-15 19:00:00,2702.84,2705.53,2690.49,2691.59,4673.7353
2025-02-15 20:00:00,2691.6,2697.0,2679.16,2686.11,7481.7791
2025-02-15 21:00:00,2686.1,2702.52,2685.8,2701.08,6190.2146
2025-02-15 22:00:00,2701.09,2704.0,2687.61,2695.19,5686.3776
2025-02-15 23:00:00,2695.2,2697.94,2690.0,2693.04,4286.4822
2025-02-16 00:00:00,2693.04,2705.98,2690.11,2699.62,4707.8741
2025-02-16 01:00:00,2699.63,2702.35,2692.46,2700.2,3870.9668
2025-02-16 02:00:00,2700.19,2700.39,2687.71,2690.51,4765.0518
2025-02-16 03:00:00,2690.5,2698.83,2687.81,2698.73,4789.6208
2025-02-16 04:00:00,2698.73,2704.01,2697.61,2703.38,3579.2518
2025-02-16 05:00:00,2703.38,2727.31,2697.0,2709.27,10267.2599
2025-02-16 06:00:00,2709.17,2720.0,2707.0,2710.8,6005.1999
2025-02-16 07:00:00,2710.81,2710.81,2690.56,2695.59,10226.5752
2025-02-16 08:00:00,2695.59,2705.0,2691.99,2696.79,4817.7766
2025-02-16 09:00:00,2696.79,2708.0,2689.49,2704.6,7147.7516
2025-02-16 10:00:00,2704.6,2707.54,2693.33,2695.9,8598.0353
2025-02-16 11:00:00,2695.9,2713.0,2693.86,2710.99,10691.9263
2025-02-16 12:00:00,2710.99,2712.49,2703.99,2705.87,4646.1758
2025-02-16 13:00:00,2705.87,2709.8,2688.26,2692.47,9351.5626
2025-02-16 14:00:00,2692.47,2698.5,2676.73,2691.93,15478.9527
2025-02-16 15:00:00,2691.92,2701.41,2687.0,2694.2,7514.0256
2025-02-16 16:00:00,2694.21,2700.9,2689.73,2697.0,6077.4254
2025-02-16 17:00:00,2696.99,2703.46,2685.55,2688.24,7295.593
2025-02-16 18:00:00,2688.25,2688.25,2659.1,2679.49,17733.6207
2025-02-16 19:00:00,2679.5,2688.0,2668.0,2683.47,7447.1445
2025-02-16 20:00:00,2683.46,2686.13,2669.7,2670.57,5049.2027
2025-02-16 21:00:00,2670.58,2689.13,2663.64,2686.89,7462.1775
2025-02-16 22:00:00,2686.89,2687.5,2663.99,2678.9,6321.4841
2025-02-16 23:00:00,2678.89,2679.27,2651.26,2661.41,17386.8767
2025-02-17 00:00:00,2661.41,2672.36,2658.28,2670.89,8138.8833
2025-02-17 01:00:00,2670.9,2683.7,2658.99,2679.99,9599.7035
2025-02-17 02:00:00,2679.98,2684.0,2667.26,2669.34,5919.8415
2025-02-17 03:00:00,2669.34,2674.19,2658.0,2671.88,11048.5622
2025-02-17 04:00:00,2671.89,2672.0,2658.89,2662.16,14812.6024
2025-02-17 05:00:00,2662.16,2673.3,2637.71,2670.91,47677.5255
2025-02-17 06:00:00,2670.91,2688.72,2668.22,2686.28,16252.0605
2025-02-17 07:00:00,2686.28,2695.27,2675.6,2681.59,17166.0608
2025-02-17 08:00:00,2681.59,2717.5,2676.29,2714.6,29673.9057
2025-02-17 09:00:00,2714.59,2741.87,2712.2,2733.12,41124.993
2025-02-17 10:00:00,2733.12,2774.98,2731.33,2749.95,43323.1175
2025-02-17 11:00:00,2749.92,2764.6,2741.65,2755.2,19021.9215
2025-02-17 12:00:00,2755.2,2779.0,2753.99,2766.22,20568.248
2025-02-17 13:00:00,2766.21,2782.84,2760.0,2776.59,20441.6155
2025-02-17 14:00:00,2776.59,2828.7,2776.59,2826.6,71100.0215
2025-02-17 15:00:00,2826.59,2849.7,2746.1,2755.72,89164.7471
2025-02-17 16:00:00,2755.71,2765.79,2723.76,2726.0,49153.7754
2025-02-17 17:00:00,2726.01,2749.6,2726.0,2732.6,22784.1968
2025-02-17 18:00:00,2732.6,2733.07,2696.92,2700.99,34549.2842
2025-02-17 19:00:00,2700.98,2722.0,2686.91,2717.72,17999.2362
2025-02-17 20:00:00,2717.72,2745.97,2716.54,2732.49,14002.3827
2025-02-17 21:00:00,2732.49,2778.15,2731.7,2776.59,16071.4519
2025-02-17 22:00:00,2776.6,2777.3,2732.65,2737.6,13214.419
2025-02-17 23:00:00,2737.6,2750.8,2734.41,2744.05,6931.264
2025-02-18 00:00:00,2744.05,2756.93,2716.6,2720.99,14907.2574
2025-02-18 01:00:00,2720.99,2740.41,2715.6,2736.47,11291.7294
2025-02-18 02:00:00,2736.48,2738.96,2707.5,2713.49,17229.6884
2025-02-18 03:00:00,2713.49,2723.85,2709.19,2712.08,10437.4076
2025-02-18 04:00:00,2712.07,2718.09,2691.59,2701.89,13419.1059
2025-02-18 05:00:00,2701.89,2706.0,2674.03,2677.63,44542.6521
2025-02-18 06:00:00,2677.62,2679.4,2652.17,2663.24,50423.6806
2025-02-18 07:00:00,2663.24,2678.94,2657.39,2672.51,36512.9929
2025-02-18 08:00:00,2672.51,2677.69,2653.4,2667.8,31143.8066
2025-02-18 09:00:00,2667.8,2697.27,2663.65,2697.27,20123.3635
2025-02-18 10:00:00,2697.26,2706.12,2691.78,2695.24,17576.0664
2025-02-18 11:00:00,2695.24,2696.42,2676.38,2679.26,19837.0087
2025-02-18 12:00:00,2679.26,2710.76,2677.27,2703.5,26620.8574
2025-02-18 13:00:00,2703.49,2704.0,2690.0,2702.99,12665.4809
2025-02-18 14:00:00,2702.99,2732.8,2672.6,2688.62,41425.5431
2025-02-18 15:00:00,2688.61,2693.8,2660.0,2673.7,33630.9951
2025-02-18 16:00:00,2673.7,2684.63,2630.11,2635.41,46020.1766
2025-02-18 17:00:00,2635.5,2649.25,2605.44,2619.76,36253.4737
2025-02-18 18:00:00,2619.76,2644.62,2608.74,2631.72,31275.6386
2025-02-18 19:00:00,2631.72,2646.69,2613.79,2630.37,25933.3753
2025-02-18 20:00:00,2630.38,2643.3,2618.0,2630.9,22129.8952
2025-02-18 21:00:00,2630.9,2658.7,2629.13,2652.78,22057.7287
2025-02-18 22:00:00,2652.78,2667.49,2649.01,2655.85,8803.6544
2025-02-18 23:00:00,2655.84,2672.4,2653.49,2671.99,10602.2952
2025-02-19 00:00:00,2672.0,2680.32,2666.99,2669.89,11461.6697
2025-02-19 01:00:00,2669.89,2671.88,2656.03,2669.88,10072.5824
2025-02-19 02:00:00,2669.89,2700.0,2669.49,2691.3,13221.5869
2025-02-19 03:00:00,2691.31,2696.89,2676.28,2694.02,13500.8713
2025-02-19 04:00:00,2694.02,2695.0,2666.18,2666.19,10755.9091
2025-02-19 05:00:00,2666.18,2696.2,2664.54,2687.21,16364.9513
2025-02-19 06:00:00,2687.21,2705.36,2685.83,2698.78,12354.8958
2025-02-19 07:00:00,2698.78,2717.34,2697.95,2708.38,16715.3006
2025-02-19 08:00:00,2708.39,2725.5,2706.8,2707.88,16810.2378
2025-02-19 09:00:00,2707.88,2729.62,2703.99,2724.22,18593.6081
2025-02-19 10:00:00,2724.22,2736.7,2720.49,2726.19,12444.8119
2025-02-19 11:00:00,2726.18,2736.61,2724.04,2726.93,13936.7761
2025-02-19 12:00:00,2726.93,2727.64,2703.92,2704.06,12445.9164
2025-02-19 13:00:00,2704.06,2720.0,2704.06,2717.98,7230.1292
2025-02-19 14:00:00,2717.99,2731.16,2687.68,2690.9,24291.2692
2025-02-19 15:00:00,2690.9,2712.6,2677.51,2696.99,27784.9989
2025-02-19 16:00:00,2696.99,2719.86,2696.99,2711.55,10936.0457
2025-02-19 17:00:00,2711.56,2719.66,2700.49,2710.95,12964.5181
2025-02-19 18:00:00,2710.95,2712.5,2696.71,2699.78,12650.8035
2025-02-19 19:00:00,2699.78,2724.29,2694.78,2712.03,11096.7322
2025-02-19 20:00:00,2712.03,2725.6,2709.01,2721.04,11396.1725
2025-02-19 21:00:00,2721.03,2729.87,2706.02,2710.01,11213.4871
2025-02-19 22:00:00,2710.01,2730.91,2708.65,2721.41,8778.221
2025-02-19 23:00:00,2721.41,2734.37,2713.0,2715.5,9132.5254
2025-02-20 00:00:00,2715.51,2733.0,2709.69,2729.0,14403.6044
2025-02-20 01:00:00,2728.99,2733.3,2712.7,2719.49,7711.8085
2025-02-20 02:00:00,2719.49,2751.5,2719.49,2741.74,18584.6971
2025-02-20 03:00:00,2741.74,2748.2,2732.79,2741.77,10252.9586
2025-02-20 04:00:00,2741.77,2758.68,2736.52,2739.14,10557.3963
2025-02-20 05:00:00,2739.14,2742.72,2729.03,2732.06,10264.38
2025-02-20 06:00:00,2732.06,2737.31,2724.05,2730.61,20892.5615
2025-02-20 07:00:00,2730.6,2737.6,2722.23,2730.22,8797.056
2025-02-20 08:00:00,2730.23,2736.24,2726.76,2733.04,9364.781
2025-02-20 09:00:00,2733.05,2734.07,2725.28,2725.86,7335.3833
2025-02-20 10:00:00,2725.86,2745.85,2725.67,2745.51,8136.5874
2025-02-20 11:00:00,2745.5,2746.99,2735.81,2740.71,8490.8537
2025-02-20 12:00:00,2740.7,2746.43,2738.08,2742.1,9171.5514
2025-02-20 13:00:00,2742.1,2754.19,2733.49,2745.91,17915.8085
2025-02-20 14:00:00,2745.9,2770.59,2726.0,2729.19,39186.8123
2025-02-20 15:00:00,2729.2,2738.36,2707.33,2712.6,29985.3577
2025-02-20 16:00:00,2712.6,2730.99,2707.18,2713.36,26887.3671
2025-02-20 17:00:00,2713.36,2737.69,2711.35,2735.37,11212.2878
2025-02-20 18:00:00,2735.37,2750.94,2731.59,2737.7,17582.729
2025-02-20 19:00:00,2737.7,2767.93,2735.75,2747.77,17117.9046
2025-02-20 20:00:00,2747.77,2761.06,2744.92,2749.69,9648.3213
2025-02-20 21:00:00,2749.7,2751.69,2722.2,2726.0,9534.3623
2025-02-20 22:00:00,2726.0,2737.96,2725.0,2728.55,5963.2852
2025-02-20 23:00:00,2728.54,2746.8,2727.66,2738.04,7737.3994
2025-02-21 00:00:00,2738.04,2745.87,2730.0,2735.33,7286.9519
2025-02-21 01:00:00,2735.33,2745.5,2726.0,2741.21,6033.6259
2025-02-21 02:00:00,2741.22,2745.73,2733.73,2736.57,8724.1226
2025-02-21 03:00:00,2736.57,2749.49,2733.83,2744.2,10210.9237
2025-02-21 04:00:00,2744.2,2754.24,2744.19,2751.27,8571.0945
2025-02-21 05:00:00,2751.27,2758.5,2745.78,2755.99,7309.7851
2025-02-21 06:00:00,2755.99,2762.5,2752.4,2761.21,13429.7884
2025-02-21 07:00:00,2761.2,2769.56,2754.18,2756.32,14774.3418
2025-02-21 08:00:00,2756.31,2761.1,2747.74,2751.0,9532.1148
2025-02-21 09:00:00,2751.01,2831.71,2749.9,2782.31,59969.7172
2025-02-21 10:00:00,2782.3,2808.0,2781.24,2801.02,19439.6053
2025-02-21 11:00:00,2801.01,2805.99,2786.0,2788.73,12885.0984
2025-02-21 12:00:00,2788.73,2806.97,2788.44,2806.57,13108.4431
2025-02-21 13:00:00,2806.57,2845.32,2802.1,2836.32,42172.2878
2025-02-21 14:00:00,2836.32,2838.4,2778.0,2807.0,44205.7673
2025-02-21 15:00:00,2806.99,2831.8,2675.02,2723.31,174260.0991
2025-02-21 16:00:00,2723.3,2769.88,2691.2,2736.78,104340.0699
2025-02-21 17:00:00,2736.72,2742.2,2653.57,2672.65,104879.4313
2025-02-21 18:00:00,2672.65,2691.72,2662.01,2679.22,55631.9708
2025-02-21 19:00:00,2679.23,2686.28,2625.94,2640.19,63803.7634
2025-02-21 20:00:00,2640.2,2661.69,2628.01,2633.6,35949.6208
2025-02-21 21:00:00,2633.61,2646.8,2616.72,2642.6,30934.7337
2025-02-21 22:00:00,2642.6,2663.57,2634.07,2643.54,22426.9328
2025-02-21 23:00:00,2643.54,2664.0,2635.0,2663.0,20559.7708
2025-02-22 00:00:00,2663.0,2683.08,2653.33,2678.76,29538.3447
2025-02-22 01:00:00,2678.75,2688.97,2676.2,2684.05,29943.9796
2025-02-22 02:00:00,2684.05,2685.43,2666.0,2682.74,17130.713
2025-02-22 03:00:00,2682.75,2683.2,2666.87,2675.37,12013.3559
2025-02-22 04:00:00,2675.37,2685.6,2673.0,2681.23,8738.5373
2025-02-22 05:00:00,2681.24,2695.43,2675.66,2690.68,9286.7076
2025-02-22 06:00:00,2690.69,2695.73,2684.3,2684.79,8171.9144
2025-02-22 07:00:00,2684.8,2697.1,2684.31,2684.56,9060.8003
2025-02-22 08:00:00,2684.55,2694.22,2676.8,2691.0,10951.18
2025-02-22 09:00:00,2691.01,2718.0,2691.01,2715.02,51916.2589
2025-02-22 10:00:00,2715.02,2753.59,2712.5,2733.5,59158.8622
2025-02-22 11:00:00,2733.5,2743.44,2730.13,2732.99,14871.6761
2025-02-22 12:00:00,2733.0,2742.81,2725.71,2739.13,12549.3595
2025-02-22 13:00:00,2739.14,2744.58,2722.15,2722.71,10914.0633
2025-02-22 14:00:00,2722.71,2742.19,2722.71,2737.23,13727.223
2025-02-22 15:00:00,2737.23,2785.91,2737.22,2775.68,27792.8912
2025-02-22 16:00:00,2775.67,2797.48,2771.57,2774.5,40569.7097
2025-02-22 17:00:00,2774.51,2798.07,2772.86,2785.08,17253.9606
2025-02-22 18:00:00,2785.09,2789.8,2756.37,2762.99,20852.5497
2025-02-22 19:00:00,2762.99,2771.48,2761.59,2770.09,10364.7475
2025-02-22 20:00:00,2770.1,2775.72,2759.39,2770.68,11349.9766
2025-02-22 21:00:00,2770.69,2778.14,2761.05,2765.97,7861.928
2025-02-22 22:00:00,2765.97,2774.88,2764.99,2767.59,5159.4211
2025-02-22 23:00:00,2767.59,2771.1,2761.06,2763.22,5811.5067
2025-02-23 00:00:00,2763.23,2773.0,2753.77,2771.51,11335.3292
2025-02-23 01:00:00,2771.52,2775.88,2758.06,2764.49,7754.0782
2025-02-23 02:00:00,2764.5,2766.4,2748.2,2750.22,8994.8091
2025-02-23 03:00:00,2750.22,2759.15,2745.41,2752.77,11698.5977
2025-02-23 04:00:00,2752.76,2765.1,2746.17,2763.15,9946.4003
2025-02-23 05:00:00,2763.15,2789.51,2760.85,2781.96,30252.6899
2025-02-23 06:00:00,2781.96,2797.65,2777.11,2794.5,18861.0878
2025-02-23 07:00:00,2794.5,2829.98,2790.43,2825.2,49568.8756
2025-02-23 08:00:00,2825.2,2831.58,2800.57,2806.39,39096.1406
2025-02-23 09:00:00,2806.39,2811.9,2794.27,2807.7,14132.3628
2025-02-23 10:00:00,2807.7,2812.93,2797.0,2806.3,19028.0095
2025-02-23 11:00:00,2806.3,2809.4,2783.2,2797.48,26603.5912
2025-02-23 12:00:00,2797.48,2805.36,2782.3,2789.99,29818.1036
2025-02-23 13:00:00,2789.99,2827.0,2789.49,2812.56,55083.6238
2025-02-23 14:00:00,2812.57,2816.3,2785.42,2791.04,37698.6182
2025-02-23 15:00:00,2791.05,2805.78,2773.48,2783.0,33159.4946
2025-02-23 16:00:00,2783.0,2816.67,2782.38,2806.18,37499.2301
2025-02-23 17:00:00,2806.18,2823.85,2800.94,2814.5,43279.0493
2025-02-23 18:00:00,2814.5,2824.0,2804.54,2808.89,22871.3313
2025-02-23 19:00:00,2808.89,2815.56,2805.55,2807.97,13976.4282
2025-02-23 20:00:00,2807.97,2807.97,2794.0,2806.56,11625.009
2025-02-23 21:00:00,2806.56,2810.95,2798.04,2807.8,5924.7386
2025-02-23 22:00:00,2807.79,2811.52,2784.01,2803.53,20633.003
2025-02-23 23:00:00,2803.53,2857.34,2802.53,2819.69,52161.5206
2025-02-24 00:00:00,2819.7,2839.95,2804.13,2805.49,24473.1087
2025-02-24 01:00:00,2805.49,2811.99,2783.82,2790.99,31841.2613
2025-02-24 02:00:00,2790.99,2796.57,2774.15,2777.38,24438.0532
2025-02-24 03:00:00,2777.39,2777.39,2711.8,2718.08,51637.141
2025-02-24 04:00:00,2718.08,2725.3,2691.49,2700.48,56890.628
2025-02-24 05:00:00,2700.48,2732.93,2694.4,2731.64,23759.9973
2025-02-24 06:00:00,2731.64,2735.2,2715.23,2731.0,19078.1172
2025-02-24 07:00:00,2731.0,2735.78,2717.15,2722.01,22233.2801
2025-02-24 08:00:00,2722.02,2722.4,2678.26,2681.6,38043.2896
2025-02-24 09:00:00,2681.6,2712.5,2680.41,2696.75,18444.308
2025-02-24 10:00:00,2696.75,2697.7,2663.03,2684.41,30035.3531
2025-02-24 11:00:00,2684.41,2691.13,2672.0,2689.99,17813.9
2025-02-24 12:00:00,2690.0,2691.61,2675.62,2679.21,18744.6302
2025-02-24 13:00:00,2679.2,2696.63,2664.5,2674.46,23953.9649
2025-02-24 14:00:00,2674.47,2688.0,2650.0,2656.71,45640.446
2025-02-24 15:00:00,2656.72,2678.91,2636.33,2658.77,58552.4141
2025-02-24 16:00:00,2658.77,2675.9,2652.5,2661.49,28176.1663
2025-02-24 17:00:00,2661.49,2682.42,2655.2,2664.41,31476.4037
2025-02-24 18:00:00,2664.42,2670.8,2647.49,2650.49,17354.9012
2025-02-24 19:00:00,2650.49,2661.06,2623.12,2641.26,35919.9656
2025-02-24 20:00:00,2641.3,2663.9,2637.6,2643.0,19085.569
2025-02-24 21:00:00,2643.0,2658.66,2627.13,2636.79,17215.8957
2025-02-24 22:00:00,2636.8,2638.18,2500.0,2508.2,142320.7682
2025-02-24 23:00:00,2508.21,2547.57,2470.33,2513.52,79746.8083
2025-02-25 00:00:00,2513.52,2530.6,2458.27,2499.1,95762.747
2025-02-25 01:00:00,2499.1,2513.2,2470.5,2494.91,52455.8318
2025-02-25 02:00:00,2494.91,2524.34,2475.0,2513.54,36973.2799
2025-02-25 03:00:00,2513.55,2517.59,2486.67,2495.21,25973.5114
2025-02-25 04:00:00,2495.22,2505.1,2479.4,2491.79,36228.698
2025-02-25 05:00:00,2491.8,2512.9,2483.3,2506.05,27024.3942
2025-02-25 06:00:00,2506.06,2509.29,2479.4,2480.71,23312.6961
2025-02-25 07:00:00,2480.72,2485.0,2313.49,2368.11,289525.8319
2025-02-25 08:00:00,2368.12,2417.33,2357.9,2396.99,79161.8977
2025-02-25 09:00:00,2397.0,2409.66,2378.01,2383.54,49302.8716
2025-02-25 10:00:00,2383.53,2411.8,2357.05,2394.99,75899.0053
2025-02-25 11:00:00,2395.0,2439.5,2368.88,2433.69,50960.0452
2025-02-25 12:00:00,2433.7,2448.95,2419.56,2437.39,38361.9405
2025-02-25 13:00:00,2437.4,2443.51,2412.03,2412.76,32818.9492
2025-02-25 14:00:00,2412.77,2429.3,2365.0,2379.02,64085.1793
2025-02-25 15:00:00,2379.02,2427.67,2361.89,2409.8,114805.2902
2025-02-25 16:00:00,2409.8,2435.39,2383.4,2417.57,48770.0752
2025-02-25 17:00:00,2417.57,2443.0,2411.23,2421.19,29275.4379
2025-02-25 18:00:00,2421.2,2435.9,2404.04,2424.35,21740.3768
2025-02-25 19:00:00,2424.35,2473.59,2411.78,2471.91,35959.64
2025-02-25 20:00:00,2471.9,2516.87,2457.59,2493.37,42760.9787
2025-02-25 21:00:00,2493.36,2514.91,2481.65,2513.83,18768.2929
2025-02-25 22:00:00,2513.78,2533.49,2499.09,2510.95,19429.6057
2025-02-25 23:00:00,2510.92,2522.24,2494.17,2495.7,12660.2953
2025-02-26 00:00:00,2495.69,2499.67,2471.8,2475.1,15213.5094
2025-02-26 01:00:00,2475.1,2492.06,2475.0,2486.34,14686.1517
2025-02-26 02:00:00,2486.34,2504.68,2476.85,2498.51,15698.2422
2025-02-26 03:00:00,2498.5,2507.5,2488.4,2490.6,17371.5696
2025-02-26 04:00:00,2490.61,2501.5,2486.8,2489.7,12792.0843
2025-02-26 05:00:00,2489.73,2495.6,2475.37,2475.48,13025.1298
2025-02-26 06:00:00,2475.49,2501.66,2475.2,2500.89,16853.5666
2025-02-26 07:00:00,2500.9,2506.4,2476.85,2483.81,21481.1933
2025-02-26 08:00:00,2483.81,2487.99,2457.77,2464.39,25113.6994
2025-02-26 09:00:00,2464.39,2494.61,2463.0,2490.25,21418.4172
2025-02-26 10:00:00,2490.25,2495.79,2478.61,2494.02,28427.3436
2025-02-26 11:00:00,2494.02,2496.25,2463.14,2464.79,18806.8753
2025-02-26 12:00:00,2464.8,2466.81,2423.48,2433.11,30642.2428
2025-02-26 13:00:00,2433.1,2440.4,2410.28,2416.8,23187.4871
2025-02-26 14:00:00,2416.79,2436.8,2370.0,2435.88,72467.6933
2025-02-26 15:00:00,2435.89,2461.95,2424.5,2428.47,40059.5142
2025-02-26 16:00:00,2428.5,2434.2,2385.16,2398.69,38565.7749
2025-02-26 17:00:00,2398.69,2407.62,2355.5,2367.01,37583.6297
2025-02-26 18:00:00,2367.01,2383.2,2266.1,2293.23,133353.8793
2025-02-26 19:00:00,2293.21,2318.7,2276.78,2296.29,68848.9077
2025-02-26 20:00:00,2296.3,2340.33,2253.77,2339.77,89466.5654
2025-02-26 21:00:00,2339.76,2354.96,2301.62,2343.92,52007.5149
2025-02-26 22:00:00,2343.93,2383.37,2341.76,2349.0,35547.4717
2025-02-26 23:00:00,2348.99,2360.97,2324.97,2336.37,20468.7499
2025-02-27 00:00:00,2336.38,2349.3,2319.99,2337.88,23013.092
2025-02-27 01:00:00,2337.89,2365.08,2315.85,2344.51,26353.8219
2025-02-27 02:00:00,2344.51,2370.9,2328.34,2334.79,21620.0372
2025-02-27 03:00:00,2334.79,2347.43,2323.47,2332.11,20004.6295
2025-02-27 04:00:00,2332.11,2342.17,2303.22,2311.5,34761.136
2025-02-27 05:00:00,2311.49,2345.47,2307.71,2341.57,25707.9738
2025-02-27 06:00:00,2341.57,2366.77,2333.79,2348.83,28937.3206
2025-02-27 07:00:00,2348.84,2373.2,2346.71,2356.13,22416.9926
2025-02-27 08:00:00,2356.13,2361.27,2343.41,2352.26,14817.8078
2025-02-27 09:00:00,2352.26,2366.79,2346.43,2359.23,17681.2522
2025-02-27 10:00:00,2359.23,2378.85,2356.0,2378.17,21805.0594
2025-02-27 11:00:00,2378.17,2381.6,2347.12,2353.82,23538.6224
2025-02-27 12:00:00,2353.83,2361.5,2341.03,2347.09,17606.194
2025-02-27 13:00:00,2347.08,2362.35,2327.37,2336.89,28968.7703
2025-02-27 14:00:00,2336.88,2356.0,2305.11,2308.6,39943.4142
2025-02-27 15:00:00,2308.54,2336.41,2290.78,2323.31,43451.6863
2025-02-27 16:00:00,2323.31,2337.5,2292.16,2295.89,30725.3257
2025-02-27 17:00:00,2295.9,2326.7,2293.2,2322.18,26428.5176
2025-02-27 18:00:00,2322.19,2333.7,2319.68,2326.99,18797.0593
2025-02-27 19:00:00,2327.0,2327.69,2278.79,2292.41,29576.1768
2025-02-27 20:00:00,2292.41,2294.48,2240.94,2256.45,49633.2392
2025-02-27 21:00:00,2256.44,2284.52,2230.57,2282.77,36535.1938
2025-02-27 22:00:00,2282.77,2293.48,2265.33,2291.9,14361.9962
2025-02-27 23:00:00,2291.89,2311.52,2282.71,2307.72,20898.5918
2025-02-28 00:00:00,2307.72,2314.18,2294.61,2294.8,18954.3907
2025-02-28 01:00:00,2294.8,2300.5,2182.39,2193.56,154994.7808
2025-02-28 02:00:00,2193.6,2226.21,2123.63,2167.86,177709.7065
2025-02-28 03:00:00,2167.86,2195.26,2137.28,2147.49,59070.1586
2025-02-28 04:00:00,2147.49,2156.0,2094.94,2136.71,112670.9781
2025-02-28 05:00:00,2136.7,2140.73,2100.0,2131.5,59674.5531
2025-02-28 06:00:00,2131.5,2142.95,2076.26,2109.15,73412.1625
2025-02-28 07:00:00,2109.14,2135.6,2088.86,2106.2,58815.0726
2025-02-28 08:00:00,2106.21,2124.56,2076.26,2120.21,69475.0815
2025-02-28 09:00:00,2120.2,2151.94,2115.09,2143.63,45926.4129
2025-02-28 10:00:00,2143.63,2146.5,2112.35,2117.09,25167.0352
2025-02-28 11:00:00,2117.08,2142.7,2116.8,2125.8,23654.4848
2025-02-28 12:00:00,2125.8,2139.72,2105.38,2120.44,46540.8902
2025-02-28 13:00:00,2120.44,2164.99,2116.69,2151.71,70447.8304
2025-02-28 14:00:00,2151.71,2190.1,2138.7,2166.41,60546.3807
2025-02-28 15:00:00,2166.41,2228.64,2164.0,2223.01,56786.2006
2025-02-28 16:00:00,2223.0,2246.3,2206.53,2222.51,37983.6322
2025-02-28 17:00:00,2222.51,2241.39,2208.64,2209.3,25156.0849
2025-02-28 18:00:00,2209.36,2255.13,2193.4,2228.11,40505.6152
2025-02-28 19:00:00,2228.12,2238.69,2221.3,2230.15,17071.5752
2025-02-28 20:00:00,2230.14,2238.28,2198.51,2216.13,23286.2531
2025-02-28 21:00:00,2216.12,2234.6,2210.35,2225.3,13137.463
2025-02-28 22:00:00,2225.31,2231.96,2209.76,2216.58,11122.5832
2025-02-28 23:00:00,2216.59,2239.69,2213.57,2237.59,9429.7297
2025-03-01 00:00:00,2237.59,2246.58,2215.51,2216.16,13674.1815
2025-03-01 01:00:00,2216.17,2263.7,2213.33,2253.2,17878.589
2025-03-01 02:00:00,2253.2,2275.61,2240.0,2256.19,31428.4133
2025-03-01 03:00:00,2256.2,2270.31,2249.0,2262.98,13190.5457
2025-03-01 04:00:00,2262.98,2281.14,2258.4,2270.48,26173.4294
2025-03-01 05:00:00,2270.48,2270.63,2252.4,2255.9,16959.4756
2025-03-01 06:00:00,2255.91,2259.96,2230.36,2236.49,20145.687
2025-03-01 07:00:00,2236.5,2236.5,2224.2,2229.24,15689.5889
2025-03-01 08:00:00,2229.25,2239.77,2227.1,2234.78,14689.5692
2025-03-01 09:00:00,2234.78,2239.49,2228.38,2233.4,9504.9125
2025-03-01 10:00:00,2233.4,2233.67,2200.0,2204.8,25785.1454
2025-03-01 11:00:00,2204.8,2207.0,2171.41,2184.42,26823.4838
2025-03-01 12:00:00,2184.43,2187.7,2171.4,2181.3,17430.7538
2025-03-01 13:00:00,2181.31,2184.6,2142.73,2152.69,31788.3586
2025-03-01 14:00:00,2152.7,2167.42,2149.3,2163.31,19317.3667
2025-03-01 15:00:00,2163.32,2184.0,2158.7,2173.29,19098.0988
2025-03-01 16:00:00,2173.3,2211.95,2169.4,2209.94,21246.2102
2025-03-01 17:00:00,2209.94,2210.07,2190.44,2197.02,18560.3096
2025-03-01 18:00:00,2197.01,2219.0,2193.31,2212.11,14465.3302
2025-03-01 19:00:00,2212.11,2234.6,2211.23,2223.31,12736.4849
2025-03-01 20:00:00,2223.31,2226.1,2215.32,2225.3,10954.4442
2025-03-01 21:00:00,2225.29,2233.67,2208.29,2229.53,18598.5854
2025-03-01 22:00:00,2229.5,2235.99,2211.09,2214.99,13803.3194
2025-03-01 23:00:00,2214.99,2219.95,2191.1,2217.39,16488.444
2025-03-02 00:00:00,2217.4,2225.07,2203.51,2215.49,14977.2413
2025-03-02 01:00:00,2215.5,2226.53,2209.13,2220.53,15009.0267
2025-03-02 02:00:00,2220.53,2228.16,2201.1,2209.81,20427.1506
2025-03-02 03:00:00,2209.8,2230.82,2209.8,2220.18,14371.237
2025-03-02 04:00:00,2220.19,2235.6,2219.1,2227.11,11913.3635
2025-03-02 05:00:00,2227.11,2234.51,2224.0,2229.5,8369.5452
2025-03-02 06:00:00,2229.5,2233.67,2218.2,2222.96,11905.7946
2025-03-02 07:00:00,2222.95,2226.9,2218.59,2221.4,11139.9352
2025-03-02 08:00:00,2221.4,2223.07,2208.06,2212.59,26312.1112
2025-03-02 09:00:00,2212.58,2255.1,2211.93,2242.2,32135.8152
2025-03-02 10:00:00,2242.21,2260.84,2240.0,2246.01,20109.9476
2025-03-02 11:00:00,2246.01,2247.9,2236.52,2238.88,12879.535
2025-03-02 12:00:00,2238.88,2240.2,2223.0,2232.9,10615.2488
2025-03-02 13:00:00,2232.89,2232.89,2206.31,2212.31,21896.7516
2025-03-02 14:00:00,2212.3,2214.53,2172.04,2196.23,44460.0718
2025-03-02 15:00:00,2196.24,2291.76,2196.06,2229.51,161936.9916
2025-03-02 16:00:00,2229.51,2500.0,2212.35,2442.55,331427.3456
2025-03-02 17:00:00,2442.54,2510.82,2395.36,2480.49,214821.1792
2025-03-02 18:00:00,2480.5,2518.0,2454.02,2474.69,93586.2347
2025-03-02 19:00:00,2474.69,2499.97,2465.9,2486.42,33875.7249
2025-03-02 20:00:00,2486.42,2520.92,2480.19,2510.8,40096.9883
2025-03-02 21:00:00,2510.8,2540.86,2498.73,2525.01,45877.9706
2025-03-02 22:00:00,2525.01,2549.88,2507.18,2538.62,29403.994
2025-03-02 23:00:00,2538.62,2550.58,2508.39,2518.11,39135.5706
2025-03-03 00:00:00,2518.12,2523.56,2464.27,2465.52,42756.7935
2025-03-03 01:00:00,2465.52,2476.13,2450.52,2458.8,27023.4712
2025-03-03 02:00:00,2458.8,2461.5,2418.67,2447.48,36329.0703
2025-03-03 03:00:00,2447.49,2455.7,2425.17,2441.15,19949.9149
2025-03-03 04:00:00,2441.16,2452.9,2432.68,2450.32,18400.7989
2025-03-03 05:00:00,2450.32,2457.25,2440.67,2449.94,12463.6692
2025-03-03 06:00:00,2449.94,2450.0,2360.37,2372.68,56612.0987
2025-03-03 07:00:00,2372.68,2391.46,2352.79,2387.01,29191.7926
2025-03-03 08:00:00,2387.01,2388.11,2332.08,2345.41,31086.0888
2025-03-03 09:00:00,2345.41,2356.69,2322.01,2347.51,35838.1588
2025-03-03 10:00:00,2347.5,2366.29,2340.79,2359.19,22084.3278
2025-03-03 11:00:00,2359.18,2363.89,2344.4,2356.16,17653.0192
2025-03-03 12:00:00,2356.15,2376.78,2352.26,2367.69,27021.7407
2025-03-03 13:00:00,2367.69,2389.0,2361.3,2376.88,26703.5093
2025-03-03 14:00:00,2376.87,2380.85,2266.97,2274.81,103712.457
2025-03-03 15:00:00,2274.82,2309.48,2269.61,2287.24,76224.1301
2025-03-03 16:00:00,2287.3,2296.63,2258.0,2276.93,45099.106
2025-03-03 17:00:00,2276.92,2297.0,2265.33,2277.21,24335.0856
2025-03-03 18:00:00,2277.22,2280.35,2178.32,2193.33,116133.5925
2025-03-03 19:00:00,2193.33,2207.69,2100.0,2109.88,135640.2631
2025-03-03 20:00:00,2109.87,2140.4,2097.91,2129.16,106391.4535
2025-03-03 21:00:00,2129.16,2146.92,2103.76,2111.82,40979.7884
2025-03-03 22:00:00,2111.82,2173.29,2110.94,2166.41,34610.3267
2025-03-03 23:00:00,2166.41,2166.41,2142.7,2149.01,23324.5435
2025-03-04 00:00:00,2149.02,2167.18,2123.75,2125.21,50852.9422
2025-03-04 01:00:00,2125.21,2134.0,2025.65,2056.46,183918.7802
2025-03-04 02:00:00,2056.49,2082.0,2002.81,2067.61,112689.0768
2025-03-04 03:00:00,2067.61,2092.64,2054.64,2074.89,33918.648
2025-03-04 04:00:00,2074.89,2093.69,2070.5,2082.04,23165.9219
2025-03-04 05:00:00,2082.04,2122.12,2078.49,2106.94,35770.8174
2025-03-04 06:00:00,2106.94,2111.87,2090.11,2097.66,17738.9892
2025-03-04 07:00:00,2097.66,2102.96,2068.34,2080.41,23430.0424
2025-03-04 08:00:00,2080.42,2106.05,2071.03,2099.03,25577.3598
2025-03-04 09:00:00,2099.03,2111.83,2085.0,2087.77,21344.5372
2025-03-04 10:00:00,2087.78,2107.48,2078.73,2100.34,18718.0166
2025-03-04 11:00:00,2100.35,2118.0,2095.67,2101.36,17786.0631
2025-03-04 12:00:00,2101.38,2113.08,2082.42,2103.8,27028.6666
2025-03-04 13:00:00,2103.79,2103.79,2053.37,2064.21,50465.6759
2025-03-04 14:00:00,2064.21,2158.32,2041.0,2078.81,127346.1351
2025-03-04 15:00:00,2078.47,2086.96,2025.62,2074.49,77779.7209
2025-03-04 16:00:00,2074.49,2077.07,1993.2,2062.25,109215.3315
2025-03-04 17:00:00,2062.26,2134.68,2058.97,2118.91,67360.8558
2025-03-04 18:00:00,2118.9,2153.64,2109.75,2148.06,38851.4168
2025-03-04 19:00:00,2148.06,2174.72,2140.12,2172.65,47944.873
2025-03-04 20:00:00,2172.63,2193.15,2135.94,2139.05,54727.4854
2025-03-04 21:00:00,2139.06,2221.88,2126.06,2177.89,57232.3906
2025-03-04 22:00:00,2177.89,2187.71,2166.27,2166.5,22387.8363
2025-03-04 23:00:00,2166.49,2180.0,2159.21,2171.51,12570.7545
2025-03-05 00:00:00,2171.5,2176.14,2155.6,2165.1,21432.7001
2025-03-05 01:00:00,2165.09,2192.75,2155.03,2189.76,21154.7446
2025-03-05 02:00:00,2189.77,2190.75,2167.0,2179.3,16830.6705
2025-03-05 03:00:00,2179.29,2189.26,2159.59,2160.89,16361.1473
2025-03-05 04:00:00,2160.9,2175.2,2156.15,2173.19,25753.9207
2025-03-05 05:00:00,2173.2,2182.81,2170.31,2179.87,9817.3166
2025-03-05 06:00:00,2179.88,2195.0,2174.2,2190.37,18026.8903
2025-03-05 07:00:00,2190.37,2213.13,2188.12,2207.0,20467.3587
2025-03-05 08:00:00,2207.0,2226.5,2204.61,2213.57,19510.6698
2025-03-05 09:00:00,2213.56,2262.99,2212.0,2238.99,65290.3832
2025-03-05 10:00:00,2239.0,2273.51,2231.03,2237.98,46654.09
2025-03-05 11:00:00,2237.99,2239.47,2209.35,2217.72,26486.9913
2025-03-05 12:00:00,2217.72,2232.81,2210.56,2217.99,22659.2767
2025-03-05 13:00:00,2217.99,2224.0,2193.2,2202.53,37440.2113
2025-03-05 14:00:00,2202.54,2206.49,2166.48,2171.17,50548.6694
2025-03-05 15:00:00,2171.18,2204.4,2171.18,2186.82,86889.3878
2025-03-05 16:00:00,2186.81,2197.86,2161.78,2190.42,42544.6835
2025-03-05 17:00:00,2190.41,2220.5,2182.51,2194.84,37964.2513
2025-03-05 18:00:00,2194.85,2208.32,2175.77,2205.15,22255.0468
2025-03-05 19:00:00,2205.16,2222.99,2201.5,2218.3,16260.5112
2025-03-05 20:00:00,2218.3,2235.24,2214.12,2231.39,18432.2116
2025-03-05 21:00:00,2231.4,2241.47,2218.83,2235.21,16166.8268
2025-03-05 22:00:00,2235.2,2241.88,2227.0,2237.38,12433.7803
2025-03-05 23:00:00,2237.39,2252.86,2230.3,2241.59,15749.0499
2025-03-06 00:00:00,2241.59,2257.65,2234.07,2238.49,28678.3523
2025-03-06 01:00:00,2238.49,2288.6,2234.97,2263.49,30735.9284
2025-03-06 02:00:00,2263.49,2290.6,2261.3,2284.63,24546.9516
2025-03-06 03:00:00,2284.64,2296.31,2274.93,2289.79,21049.5086
2025-03-06 04:00:00,2289.79,2307.19,2275.91,2299.3,15366.8793
2025-03-06 05:00:00,2299.3,2319.99,2293.32,2313.71,21685.2659
2025-03-06 06:00:00,2313.71,2314.79,2290.23,2292.0,20041.7317
2025-03-06 07:00:00,2292.0,2300.86,2279.25,2286.0,13277.9658
2025-03-06 08:00:00,2285.99,2301.6,2279.3,2293.55,12140.4149
2025-03-06 09:00:00,2293.51,2294.38,2276.77,2284.27,13103.2194
2025-03-06 10:00:00,2284.27,2305.68,2279.8,2294.16,13400.7136
2025-03-06 11:00:00,2294.15,2301.1,2283.77,2297.59,13497.6079
2025-03-06 12:00:00,2297.59,2298.9,2259.5,2267.61,22941.3366
2025-03-06 13:00:00,2267.61,2275.0,2243.58,2246.29,75362.332
2025-03-06 14:00:00,2246.3,2257.31,2208.6,2225.0,57470.0622
2025-03-06 15:00:00,2225.0,2275.5,2222.12,2257.49,35387.6973
2025-03-06 16:00:00,2257.5,2265.7,2220.17,2222.26,26849.7173
2025-03-06 17:00:00,2222.26,2224.39,2176.9,2191.2,50546.24
2025-03-06 18:00:00,2191.19,2206.43,2188.79,2201.61,17998.2176
2025-03-06 19:00:00,2201.6,2218.95,2181.66,2198.34,17094.2625
2025-03-06 20:00:00,2198.35,2213.2,2192.3,2200.38,14009.2801
2025-03-06 21:00:00,2200.38,2219.36,2197.9,2213.71,16182.2801
2025-03-06 22:00:00,2213.74,2229.4,2195.62,2211.39,24348.2926
2025-03-06 23:00:00,2211.38,2217.56,2201.0,2202.2,11194.1358
2025-03-07 00:00:00,2202.21,2227.39,2101.82,2117.71,145457.1096
2025-03-07 01:00:00,2117.71,2192.4,2109.35,2175.0,55277.542
2025-03-07 02:00:00,2175.0,2185.96,2155.49,2155.63,24964.9278
2025-03-07 03:00:00,2155.67,2163.33,2146.51,2147.89,15862.818
2025-03-07 04:00:00,2147.9,2164.93,2144.59,2155.5,13364.9536
2025-03-07 05:00:00,2155.5,2184.0,2155.0,2174.79,12646.71
2025-03-07 06:00:00,2174.79,2186.7,2165.5,2182.31,9523.4091
2025-03-07 07:00:00,2182.3,2193.39,2178.0,2192.41,11476.1442
2025-03-07 08:00:00,2192.41,2196.17,2177.15,2185.43,10919.5481
2025-03-07 09:00:00,2185.42,2210.8,2184.95,2193.46,16361.4004
2025-03-07 10:00:00,2193.47,2198.4,2185.67,2196.9,10161.3006
2025-03-07 11:00:00,2196.91,2207.73,2190.22,2197.49,11102.5717
2025-03-07 12:00:00,2197.49,2199.0,2165.79,2178.42,21823.9072
2025-03-07 13:00:00,2178.42,2224.86,2177.88,2188.53,51689.4583
2025-03-07 14:00:00,2188.53,2258.47,2177.0,2221.65,56449.0795
2025-03-07 15:00:00,2221.66,2239.4,2180.95,2209.68,54240.9234
2025-03-07 16:00:00,2209.67,2215.49,2144.31,2158.41,60714.5208
2025-03-07 17:00:00,2158.42,2184.8,2141.53,2162.31,34168.0207
2025-03-07 18:00:00,2162.32,2200.82,2157.1,2194.84,23285.0694
2025-03-07 19:00:00,2194.85,2202.56,2161.71,2178.34,19281.8778
2025-03-07 20:00:00,2178.33,2186.96,2145.65,2157.51,34881.6962
2025-03-07 21:00:00,2157.41,2163.99,2115.0,2139.49,55114.1183
2025-03-07 22:00:00,2139.46,2151.99,2116.73,2144.59,18652.7461
2025-03-07 23:00:00,2144.6,2144.69,2115.64,2141.6,14967.4078
2025-03-08 00:00:00,2141.6,2153.27,2130.54,2152.19,9311.7152
2025-03-08 01:00:00,2152.2,2156.0,2105.06,2133.08,23291.065
2025-03-08 02:00:00,2133.07,2145.69,2131.32,2143.79,8874.9107
2025-03-08 03:00:00,2143.79,2143.79,2124.61,2137.8,8409.586
2025-03-08 04:00:00,2137.8,2152.69,2131.4,2150.01,9585.5448
2025-03-08 05:00:00,2150.01,2150.27,2133.4,2140.21,5103.89
2025-03-08 06:00:00,2140.21,2145.69,2133.16,2139.48,5450.3302
2025-03-08 07:00:00,2139.47,2148.0,2134.36,2137.88,5913.5796
2025-03-08 08:00:00,2137.89,2141.11,2126.78,2128.52,7469.2114
2025-03-08 09:00:00,2128.52,2143.5,2126.66,2129.82,7489.409
2025-03-08 10:00:00,2129.83,2140.99,2127.71,2139.61,6950.1205
2025-03-08 11:00:00,2139.6,2142.4,2127.31,2141.95,10211.9747
2025-03-08 12:00:00,2141.95,2173.69,2138.1,2168.59,28221.3316
2025-03-08 13:00:00,2168.6,2198.86,2166.41,2190.21,28663.3086
2025-03-08 14:00:00,2190.21,2195.5,2174.92,2178.81,20052.3845
2025-03-08 15:00:00,2178.8,2191.71,2167.69,2181.4,12664.1535
2025-03-08 16:00:00,2181.4,2198.32,2161.14,2189.99,19765.4009
2025-03-08 17:00:00,2189.99,2219.67,2179.73,2198.93,38633.4507
2025-03-08 18:00:00,2198.92,2213.87,2194.44,2208.69,12242.2824
2025-03-08 19:00:00,2208.68,2234.93,2200.8,2224.6,25658.7158
2025-03-08 20:00:00,2224.61,2225.99,2211.07,2212.99,8063.1941
2025-03-08 21:00:00,2212.99,2225.03,2212.89,2216.31,6521.1748
2025-03-08 22:00:00,2216.31,2217.7,2197.75,2207.51,9499.3191
2025-03-08 23:00:00,2207.51,2210.75,2193.2,2203.58,10747.0448
2025-03-09 00:00:00,2203.57,2209.69,2199.73,2206.22,6342.3591
2025-03-09 01:00:00,2206.21,2212.0,2187.49,2191.21,8617.2272
2025-03-09 02:00:00,2191.2,2194.3,2180.5,2182.0,8851.6021
2025-03-09 03:00:00,2182.01,2189.79,2176.14,2186.01,7869.0883
2025-03-09 04:00:00,2186.0,2191.61,2184.05,2189.49,6054.6544
2025-03-09 05:00:00,2189.49,2197.1,2180.4,2182.89,7414.0622
2025-03-09 06:00:00,2182.89,2184.9,2171.84,2179.9,7477.7213
2025-03-09 07:00:00,2179.89,2189.44,2178.39,2185.07,7557.788
2025-03-09 08:00:00,2185.07,2187.68,2175.71,2176.1,5785.906
2025-03-09 09:00:00,2176.11,2180.79,2160.92,2165.79,15790.7749
2025-03-09 10:00:00,2165.8,2170.3,2128.43,2134.1,20719.5374
2025-03-09 11:00:00,2134.1,2148.6,2132.41,2146.7,13255.7447
2025-03-09 12:00:00,2146.7,2146.9,2131.67,2141.81,18632.7265
2025-03-09 13:00:00,2141.81,2143.65,2102.61,2104.48,26443.0146
2025-03-09 14:00:00,2104.48,2124.65,2098.33,2117.5,39736.7373
2025-03-09 15:00:00,2117.49,2122.6,2084.67,2097.03,36938.583
2025-03-09 16:00:00,2097.01,2109.32,2041.99,2049.41,72300.5431
2025-03-09 17:00:00,2049.41,2057.13,2013.6,2023.93,66293.9726
2025-03-09 18:00:00,2023.93,2039.2,1998.0,2021.21,83972.8418
2025-03-09 19:00:00,2021.21,2049.27,2016.96,2040.47,26944.6417
2025-03-09 20:00:00,2040.47,2056.59,2036.61,2047.03,19914.6838
2025-03-09 21:00:00,2047.04,2050.4,2013.46,2024.51,20709.3475
2025-03-09 22:00:00,2024.5,2029.95,2006.2,2010.05,25595.92
2025-03-09 23:00:00,2010.05,2032.1,1989.66,2020.41,48452.1107
2025-03-10 00:00:00,2020.43,2043.4,1995.08,2036.48,36163.6155
2025-03-10 01:00:00,2036.47,2053.8,2027.41,2043.42,25898.0185
2025-03-10 02:00:00,2043.42,2071.0,2036.71,2057.91,27038.6593
2025-03-10 03:00:00,2057.9,2065.3,2044.29,2057.89,13495.2034
2025-03-10 04:00:00,2057.88,2076.6,2056.01,2072.7,11548.2819
2025-03-10 05:00:00,2072.71,2075.9,2059.3,2064.18,9324.1072
2025-03-10 06:00:00,2064.18,2068.0,2054.19,2067.1,11270.5415
2025-03-10 07:00:00,2067.1,2079.33,2063.0,2075.29,9692.0139
2025-03-10 08:00:00,2075.3,2077.3,2047.83,2062.1,18830.3696
2025-03-10 09:00:00,2062.1,2152.4,2061.62,2102.02,97575.068
2025-03-10 10:00:00,2102.02,2106.54,2076.5,2099.73,21093.6226
2025-03-10 11:00:00,2099.73,2139.0,2098.6,2128.12,22682.7151
2025-03-10 12:00:00,2128.11,2135.98,2105.44,2125.76,23670.8944
2025-03-10 13:00:00,2125.77,2129.8,2078.26,2083.63,35301.0098
2025-03-10 14:00:00,2083.62,2084.1,1997.0,2018.96,125972.4783
2025-03-10 15:00:00,2018.95,2043.79,2010.63,2017.83,54719.2146
2025-03-10 16:00:00,2017.83,2025.3,2000.0,2005.29,38250.4026
2025-03-10 17:00:00,2005.29,2008.72,1906.41,1917.49,163620.4878
2025-03-10 18:00:00,1917.48,1939.12,1812.76,1825.43,224651.4516
2025-03-10 19:00:00,1825.43,1883.44,1810.01,1869.3,139980.2033
2025-03-10 20:00:00,1869.43,1881.97,1843.23,1869.18,42247.0706
2025-03-10 21:00:00,1869.17,1903.99,1861.32,1887.3,39845.5661
2025-03-10 22:00:00,1887.3,1890.08,1865.88,1880.02,22019.8707
2025-03-10 23:00:00,1880.03,1895.49,1857.63,1865.1,33854.4851
2025-03-11 00:00:00,1865.11,1890.46,1754.28,1813.96,171539.7622
2025-03-11 01:00:00,1813.96,1858.77,1774.13,1858.66,105524.529
2025-03-11 02:00:00,1858.65,1877.96,1851.55,1859.69,51155.3016
2025-03-11 03:00:00,1859.68,1881.52,1847.27,1849.78,35471.6095
2025-03-11 04:00:00,1849.78,1879.19,1845.46,1869.06,28657.9618
2025-03-11 05:00:00,1869.06,1914.25,1866.62,1893.6,45804.7384
2025-03-11 06:00:00,1893.6,1905.6,1881.74,1884.83,21321.7011
2025-03-11 07:00:00,1884.82,1908.99,1882.98,1904.1,29352.459
2025-03-11 08:00:00,1904.1,1920.0,1899.57,1907.5,30995.0341
2025-03-11 09:00:00,1907.5,1929.68,1906.18,1917.29,40984.6965
2025-03-11 10:00:00,1917.29,1928.84,1910.69,1921.72,20313.261
2025-03-11 11:00:00,1921.71,1926.0,1906.05,1914.12,29574.7304
2025-03-11 12:00:00,1914.12,1915.58,1887.01,1894.9,46506.6862
2025-03-11 13:00:00,1894.91,1962.98,1867.0,1903.31,132070.3869
2025-03-11 14:00:00,1903.31,1912.63,1840.53,1866.89,125356.7604
2025-03-11 15:00:00,1866.88,1925.99,1864.27,1914.49,59623.387
2025-03-11 16:00:00,1914.49,1936.57,1898.77,1918.2,37550.9967
2025-03-11 17:00:00,1918.2,1918.57,1886.55,1904.91,32316.7605
2025-03-11 18:00:00,1904.91,1963.2,1904.19,1953.13,53766.4001
2025-03-11 19:00:00,1953.13,1963.0,1942.88,1951.91,24152.6287
2025-03-11 20:00:00,1951.9,1955.42,1936.09,1936.7,15209.8518
2025-03-11 21:00:00,1936.71,1950.61,1936.5,1940.4,9106.8783
2025-03-11 22:00:00,1940.4,1952.54,1936.99,1943.7,10323.7902
2025-03-11 23:00:00,1943.69,1944.45,1917.17,1923.43,14747.6881
2025-03-12 00:00:00,1923.42,1925.26,1905.67,1911.9,17585.4558
2025-03-12 01:00:00,1911.9,1932.86,1910.11,1920.6,19799.3266
2025-03-12 02:00:00,1920.61,1921.41,1887.42,1895.89,24313.3933
2025-03-12 03:00:00,1895.9,1898.6,1867.09,1868.9,27489.2193
2025-03-12 04:00:00,1868.89,1868.9,1852.3,1866.8,23820.9856
2025-03-12 05:00:00,1866.79,1880.82,1861.87,1878.53,15840.7181
2025-03-12 06:00:00,1878.53,1879.08,1853.12,1873.11,18481.2294
2025-03-12 07:00:00,1873.11,1916.66,1872.07,1911.26,52422.4788
2025-03-12 08:00:00,1911.26,1935.9,1871.11,1928.1,67585.9061
2025-03-12 09:00:00,1928.1,1960.0,1877.67,1894.1,97355.1544
2025-03-12 10:00:00,1894.09,1902.0,1883.7,1900.33,29777.0658
2025-03-12 11:00:00,1900.34,1919.39,1900.34,1916.84,20402.7409
2025-03-12 12:00:00,1916.85,1947.0,1908.19,1929.58,72671.8458
2025-03-12 13:00:00,1929.58,1932.46,1878.56,1887.53,59641.411
2025-03-12 14:00:00,1887.53,1896.15,1856.05,1860.8,53768.2453
2025-03-12 15:00:00,1860.81,1871.14,1829.72,1869.85,62871.9058
2025-03-12 16:00:00,1869.86,1884.08,1862.45,1871.64,24923.4496
2025-03-12 17:00:00,1871.65,1894.72,1865.6,1867.81,19288.5757
2025-03-12 18:00:00,1867.82,1888.19,1865.19,1878.65,16070.1966
2025-03-12 19:00:00,1878.64,1886.0,1867.5,1878.25,13371.9546
2025-03-12 20:00:00,1878.26,1893.56,1873.7,1891.76,13982.7826
2025-03-12 21:00:00,1891.77,1906.34,1890.29,1894.64,20337.3921
2025-03-12 22:00:00,1894.64,1915.95,1894.49,1910.61,9487.1081
2025-03-12 23:00:00,1910.62,1911.06,1901.5,1908.2,7451.135
2025-03-13 00:00:00,1908.2,1917.12,1897.08,1899.96,12367.7497
2025-03-13 01:00:00,1899.98,1913.67,1893.85,1907.01,11774.3508
2025-03-13 02:00:00,1907.02,1916.26,1888.73,1889.9,11311.0696
2025-03-13 03:00:00,1889.89,1900.93,1882.01,1886.87,16826.4521
2025-03-13 04:00:00,1886.87,1891.5,1869.0,1873.79,15424.7327
2025-03-13 05:00:00,1873.8,1882.05,1862.3,1867.83,12594.5522
2025-03-13 06:00:00,1867.84,1871.68,1858.32,1869.63,22775.8547
2025-03-13 07:00:00,1869.63,1881.19,1868.69,1872.23,20203.9669
2025-03-13 08:00:00,1872.23,1880.51,1853.9,1875.51,21505.0481
2025-03-13 09:00:00,1875.5,1895.63,1875.36,1891.04,36269.9854
2025-03-13 10:00:00,1891.05,1905.38,1867.53,1900.2,45689.2567
2025-03-13 11:00:00,1900.2,1903.35,1887.89,1900.24,19294.3037
2025-03-13 12:00:00,1900.24,1923.09,1889.99,1897.02,62323.5683
2025-03-13 13:00:00,1897.06,1909.6,1866.5,1871.47,37768.63
2025-03-13 14:00:00,1871.47,1897.66,1864.21,1884.55,41900.3309
2025-03-13 15:00:00,1884.56,1889.55,1867.18,1875.41,33482.3154
2025-03-13 16:00:00,1875.41,1878.1,1851.03,1857.67,26625.4903
2025-03-13 17:00:00,1857.68,1861.13,1821.81,1826.95,39913.3589
2025-03-13 18:00:00,1826.95,1854.53,1826.29,1851.89,21298.2768
2025-03-13 19:00:00,1851.89,1858.44,1838.47,1851.82,15432.439
2025-03-13 20:00:00,1851.73,1859.85,1839.4,1842.72,12483.0824
2025-03-13 21:00:00,1842.72,1862.3,1840.16,1862.29,8316.8571
2025-03-13 22:00:00,1862.29,1881.45,1857.76,1879.2,9450.695
2025-03-13 23:00:00,1879.14,1883.56,1861.25,1864.59,14504.8955
2025-03-14 00:00:00,1864.59,1879.64,1861.31,1874.6,9977.9729
2025-03-14 01:00:00,1874.6,1889.6,1868.93,1881.6,8514.3209
2025-03-14 02:00:00,1881.59,1894.63,1880.2,1892.64,10993.585
2025-03-14 03:00:00,1892.64,1893.27,1884.12,1889.29,7947.7613
2025-03-14 04:00:00,1889.28,1896.94,1888.9,1890.81,8767.0658
2025-03-14 05:00:00,1890.8,1899.58,1887.73,1895.33,7367.3584
2025-03-14 06:00:00,1895.33,1896.4,1888.39,1895.16,11745.7056
2025-03-14 07:00:00,1895.15,1905.42,1888.25,1893.07,15725.4969
2025-03-14 08:00:00,1893.08,1903.0,1891.39,1895.01,18286.7742
2025-03-14 09:00:00,1895.01,1899.0,1892.0,1894.56,6741.8287
2025-03-14 10:00:00,1894.57,1908.93,1889.5,1898.15,14003.3542
2025-03-14 11:00:00,1898.16,1906.72,1897.84,1902.4,7761.396
2025-03-14 12:00:00,1902.41,1908.59,1894.8,1902.79,11200.4525
2025-03-14 13:00:00,1902.79,1914.6,1892.37,1904.87,21957.1409
2025-03-14 14:00:00,1904.87,1924.22,1877.69,1919.49,55852.5188
2025-03-14 15:00:00,1919.5,1942.48,1914.4,1922.2,54006.0079
2025-03-14 16:00:00,1922.2,1937.56,1914.19,1936.44,20005.6684
2025-03-14 17:00:00,1936.43,1939.99,1927.19,1934.8,17174.2312
2025-03-14 18:00:00,1934.81,1945.64,1927.6,1935.02,16784.0532
2025-03-14 19:00:00,1935.02,1945.25,1930.8,1934.16,13650.7222
2025-03-14 20:00:00,1934.16,1934.94,1916.08,1924.89,14954.8718
2025-03-14 21:00:00,1924.9,1925.77,1915.45,1922.49,7217.9651
2025-03-14 22:00:00,1922.49,1930.5,1920.01,1926.85,7138.8572
2025-03-14 23:00:00,1926.85,1926.93,1908.38,1911.65,8030.6264
2025-03-15 00:00:00,1911.64,1918.12,1909.39,1915.44,5148.875
2025-03-15 01:00:00,1915.44,1920.35,1903.75,1911.4,8603.4099
2025-03-15 02:00:00,1911.4,1916.61,1904.36,1914.01,8311.0074
2025-03-15 03:00:00,1914.02,1923.37,1913.06,1920.44,8929.7919
2025-03-15 04:00:00,1920.43,1935.21,1915.99,1931.7,11873.6901
2025-03-15 05:00:00,1931.7,1932.99,1925.12,1928.6,6563.1035
2025-03-15 06:00:00,1928.61,1930.54,1923.2,1928.92,5289.6395
2025-03-15 07:00:00,1928.92,1929.52,1914.65,1917.66,9607.2472
2025-03-15 08:00:00,1917.68,1921.84,1912.7,1921.79,7039.5485
2025-03-15 09:00:00,1921.8,1926.52,1914.33,1925.84,5610.9814
2025-03-15 10:00:00,1925.83,1929.39,1919.88,1927.4,8111.6345
2025-03-15 11:00:00,1927.39,1931.87,1925.75,1929.0,8740.9626
2025-03-15 12:00:00,1929.0,1931.33,1923.0,1923.0,7240.2472
2025-03-15 13:00:00,1923.01,1933.34,1922.55,1931.16,7334.855
2025-03-15 14:00:00,1931.15,1931.15,1923.19,1926.75,6432.8491
2025-03-15 15:00:00,1926.74,1939.6,1926.52,1937.83,14510.1559
2025-03-15 16:00:00,1937.84,1945.27,1933.33,1937.78,10236.7785
2025-03-15 17:00:00,1937.79,1948.22,1935.27,1940.55,10409.6007
2025-03-15 18:00:00,1940.55,1945.49,1930.29,1932.9,12726.2771
2025-03-15 19:00:00,1932.9,1937.88,1928.76,1937.31,6719.8944
2025-03-15 20:00:00,1937.32,1949.47,1937.31,1943.86,10848.0357
2025-03-15 21:00:00,1943.86,1957.19,1940.0,1950.84,16344.9515
2025-03-15 22:00:00,1950.85,1954.93,1939.53,1943.8,8519.6127
2025-03-15 23:00:00,1943.79,1944.94,1936.37,1937.17,4392.7182
2025-03-16 00:00:00,1937.18,1940.87,1931.34,1932.18,7216.8297
2025-03-16 01:00:00,1932.19,1934.54,1920.36,1922.49,10675.6473
2025-03-16 02:00:00,1922.48,1927.8,1916.56,1922.21,8494.2039
2025-03-16 03:00:00,1922.21,1930.36,1921.48,1927.52,4825.6288
2025-03-16 04:00:00,1927.52,1929.3,1923.55,1926.74,3575.6206
2025-03-16 05:00:00,1926.73,1933.56,1925.71,1932.12,5529.6761
2025-03-16 06:00:00,1932.12,1934.0,1927.64,1927.91,3736.1854
2025-03-16 07:00:00,1927.91,1929.01,1921.53,1925.89,9820.2359
2025-03-16 08:00:00,1925.89,1926.92,1918.45,1922.68,7514.9769
2025-03-16 09:00:00,1922.68,1923.15,1905.23,1907.76,18703.1435
2025-03-16 10:00:00,1907.75,1913.68,1903.8,1905.37,15327.612
2025-03-16 11:00:00,1905.37,1905.37,1866.9,1874.0,48514.8406
2025-03-16 12:00:00,1874.01,1889.46,1873.42,1881.01,16779.754
2025-03-16 13:00:00,1881.0,1894.69,1874.36,1879.47,16691.8296
2025-03-16 14:00:00,1879.46,1897.13,1878.77,1896.83,11097.2014
2025-03-16 15:00:00,1896.82,1898.33,1887.94,1895.01,8934.9866
2025-03-16 16:00:00,1895.01,1924.11,1893.43,1906.38,33973.1783
2025-03-16 17:00:00,1906.38,1916.47,1903.9,1910.15,10335.6246
2025-03-16 18:00:00,1910.16,1910.61,1891.41,1896.11,13708.6416
2025-03-16 19:00:00,1896.1,1896.67,1860.38,1882.74,28525.624
2025-03-16 20:00:00,1882.73,1895.43,1881.9,1894.86,12476.6854
2025-03-16 21:00:00,1894.87,1898.63,1884.75,1889.57,9899.8103
2025-03-16 22:00:00,1889.56,1891.28,1874.24,1874.69,10284.9644
2025-03-16 23:00:00,1874.68,1888.88,1870.1,1887.0,8123.7555
2025-03-17 00:00:00,1887.01,1906.41,1886.36,1901.65,9805.8701
2025-03-17 01:00:00,1901.65,1910.69,1896.67,1903.05,10888.0146
2025-03-17 02:00:00,1903.04,1913.6,1901.36,1907.66,9450.8797
2025-03-17 03:00:00,1907.66,1915.44,1906.54,1908.85,11178.2284
2025-03-17 04:00:00,1908.85,1912.99,1902.61,1904.91,8708.0636
2025-03-17 05:00:00,1904.91,1905.12,1893.76,1894.19,9407.8778
2025-03-17 06:00:00,1894.18,1899.21,1879.98,1893.46,12935.1791
2025-03-17 07:00:00,1893.5,1903.2,1891.65,1900.74,7830.203
2025-03-17 08:00:00,1900.75,1905.35,1893.0,1903.73,7470.3373
2025-03-17 09:00:00,1903.74,1913.22,1900.56,1912.77,11639.8785
2025-03-17 10:00:00,1912.76,1918.42,1908.11,1912.95,11356.277
2025-03-17 11:00:00,1912.94,1916.91,1908.0,1910.59,7033.406
2025-03-17 12:00:00,1910.58,1939.03,1902.8,1908.28,35770.9257
2025-03-17 13:00:00,1908.27,1914.26,1894.0,1898.66,18123.9237
2025-03-17 14:00:00,1898.66,1912.85,1888.01,1899.84,26578.3631
2025-03-17 15:00:00,1899.85,1922.9,1894.14,1919.47,27274.6945
2025-03-17 16:00:00,1919.47,1925.51,1907.74,1914.64,14079.7942
2025-03-17 17:00:00,1914.64,1935.46,1912.39,1930.65,14329.1133
2025-03-17 18:00:00,1930.65,1951.68,1929.99,1948.56,26391.1296
2025-03-17 19:00:00,1948.56,1952.4,1940.48,1942.23,16515.4473
2025-03-17 20:00:00,1942.22,1942.92,1931.47,1935.25,12007.0817
2025-03-17 21:00:00,1935.26,1949.5,1933.62,1941.26,11043.8693
2025-03-17 22:00:00,1941.26,1942.85,1932.05,1932.21,7605.2422
2025-03-17 23:00:00,1932.2,1932.49,1922.2,1926.31,7416.688
2025-03-18 00:00:00,1926.3,1930.25,1919.16,1922.17,6985.822
2025-03-18 01:00:00,1922.17,1924.75,1900.04,1903.55,14555.5309
2025-03-18 02:00:00,1903.55,1917.68,1902.96,1911.28,12037.9187
2025-03-18 03:00:00,1911.28,1911.44,1897.47,1901.17,18487.4529
2025-03-18 04:00:00,1901.17,1908.31,1900.0,1904.17,7237.1359
2025-03-18 05:00:00,1904.17,1910.41,1904.17,1907.49,5231.682
2025-03-18 06:00:00,1907.49,1907.68,1893.86,1898.33,14784.2542
2025-03-18 07:00:00,1898.33,1910.08,1897.15,1905.06,10466.9707
2025-03-18 08:00:00,1905.05,1913.09,1901.07,1908.6,14063.5742
2025-03-18 09:00:00,1908.61,1912.0,1900.0,1901.26,12082.3419
2025-03-18 10:00:00,1901.26,1902.98,1885.58,1895.36,20922.741
2025-03-18 11:00:00,1895.36,1898.73,1889.09,1892.43,8533.4138
2025-03-18 12:00:00,1892.42,1901.0,1889.38,1895.98,12961.9282
2025-03-18 13:00:00,1895.98,1903.2,1872.31,1879.81,31060.1605
2025-03-18 14:00:00,1879.82,1897.2,1875.0,1894.87,22835.2268
2025-03-18 15:00:00,1894.86,1898.01,1877.59,1881.02,20420.7535
2025-03-18 16:00:00,1881.03,1892.08,1876.02,1887.79,23994.0063
2025-03-18 17:00:00,1887.79,1889.56,1874.79,1876.78,11327.3757
2025-03-18 18:00:00,1876.78,1892.25,1873.6,1890.38,8882.4624
2025-03-18 19:00:00,1890.38,1908.39,1888.17,1904.57,12323.8814
2025-03-18 20:00:00,1904.57,1910.89,1898.65,1906.56,6373.0862
2025-03-18 21:00:00,1906.56,1915.0,1905.72,1911.94,8840.1649
2025-03-18 22:00:00,1911.94,1920.22,1908.58,1917.93,8920.3735
2025-03-18 23:00:00,1917.92,1936.2,1917.92,1931.54,19567.7579
2025-03-19 00:00:00,1931.54,1949.03,1928.95,1945.36,43753.4991
2025-03-19 01:00:00,1945.36,1947.0,1931.4,1931.4,13785.1725
2025-03-19 02:00:00,1931.4,1935.0,1927.58,1933.55,11405.377
2025-03-19 03:00:00,1933.56,1938.94,1930.35,1938.33,9353.3204
2025-03-19 04:00:00,1938.33,1940.18,1930.3,1933.19,20570.8338
2025-03-19 05:00:00,1933.19,1940.35,1931.83,1939.04,10376.513
2025-03-19 06:00:00,1939.05,1943.14,1934.29,1938.88,8309.4575
2025-03-19 07:00:00,1938.88,1939.74,1930.99,1932.0,12508.1669
2025-03-19 08:00:00,1932.0,1944.44,1931.7,1940.4,8758.2454
2025-03-19 09:00:00,1940.4,1946.65,1938.14,1943.69,7416.9393
2025-03-19 10:00:00,1943.69,1990.29,1942.61,1973.51,74971.9518
2025-03-19 11:00:00,1973.51,2033.79,1973.41,2027.99,86511.2097
2025-03-19 12:00:00,2028.0,2029.94,1994.65,2004.01,40947.7967
2025-03-19 13:00:00,2004.0,2022.92,1998.13,2016.59,39065.6769
2025-03-19 14:00:00,2016.6,2041.68,2016.25,2030.87,36970.3495
2025-03-19 15:00:00,2030.88,2056.99,2026.01,2048.99,36100.5824
2025-03-19 16:00:00,2049.0,2051.01,2036.29,2048.34,31862.9308
2025-03-19 17:00:00,2048.34,2049.28,2015.33,2027.69,35050.8028
2025-03-19 18:00:00,2027.7,2064.91,1997.33,2045.88,83229.0421
2025-03-19 19:00:00,2045.87,2053.04,2021.0,2031.06,28934.5924
2025-03-19 20:00:00,2031.07,2045.24,2028.58,2034.2,10964.8353
2025-03-19 21:00:00,2034.19,2046.88,2033.48,2040.46,8651.1006
2025-03-19 22:00:00,2040.45,2057.91,2036.21,2049.21,14702.5821
2025-03-19 23:00:00,2049.22,2069.9,2042.42,2056.06,17608.5254
2025-03-20 00:00:00,2056.05,2067.9,2028.68,2033.0,22022.9331
2025-03-20 01:00:00,2033.0,2041.98,2022.5,2026.92,12506.457
2025-03-20 02:00:00,2026.92,2034.35,2023.23,2033.25,11338.2179
2025-03-20 03:00:00,2033.26,2034.8,2020.41,2022.75,9640.9508
2025-03-20 04:00:00,2022.75,2025.6,2018.2,2021.4,11822.0056
2025-03-20 05:00:00,2021.39,2021.86,2012.21,2017.18,11354.5152
2025-03-20 06:00:00,2017.17,2022.23,2007.18,2012.97,16267.6202
2025-03-20 07:00:00,2012.98,2015.78,2005.2,2007.54,16869.5134
2025-03-20 08:00:00,2007.55,2021.27,2003.03,2019.48,14624.318
2025-03-20 09:00:00,2019.47,2019.47,2003.12,2005.78,13975.4909
2025-03-20 10:00:00,2005.77,2006.07,1972.4,1982.53,39286.7221
2025-03-20 11:00:00,1982.54,1994.0,1982.32,1989.08,15160.7719
2025-03-20 12:00:00,1989.09,1999.0,1985.35,1996.6,9813.402
2025-03-20 13:00:00,1996.61,1998.49,1979.11,1985.98,17975.6137
2025-03-20 14:00:00,1985.98,2010.66,1984.84,2003.78,21370.183
2025-03-20 15:00:00,2003.78,2004.2,1965.85,1972.17,37028.9992
2025-03-20 16:00:00,1972.01,1980.26,1952.17,1958.67,31329.5092
2025-03-20 17:00:00,1958.67,1973.5,1957.95,1970.88,38538.3339
2025-03-20 18:00:00,1970.89,1979.03,1967.38,1967.81,13225.6063
2025-03-20 19:00:00,1967.81,1979.45,1967.21,1974.75,9405.461
2025-03-20 20:00:00,1974.76,1982.53,1971.33,1979.43,7197.3152
2025-03-20 21:00:00,1979.44,1984.88,1975.25,1977.27,6071.6407
2025-03-20 22:00:00,1977.27,1982.78,1972.83,1976.69,5589.3657
2025-03-20 23:00:00,1976.69,1984.22,1971.99,1983.79,9103.9822
2025-03-21 00:00:00,1983.79,1994.0,1981.7,1991.42,10738.7424
2025-03-21 01:00:00,1991.42,1996.73,1984.51,1994.28,8858.089
2025-03-21 02:00:00,1994.29,1995.25,1984.91,1987.79,7390.1125
2025-03-21 03:00:00,1987.79,1988.22,1973.0,1978.17,9200.0757
2025-03-21 04:00:00,1978.16,1989.95,1977.97,1983.34,5229.3299
2025-03-21 05:00:00,1983.33,1983.58,1968.12,1974.43,8145.8729
2025-03-21 06:00:00,1974.44,1978.79,1967.38,1973.47,8261.6385
2025-03-21 07:00:00,1973.47,1977.7,1966.52,1976.78,11211.0989
2025-03-21 08:00:00,1976.79,1982.33,1964.51,1974.91,10671.8101
2025-03-21 09:00:00,1974.92,1979.66,1967.46,1969.2,11925.5008
2025-03-21 10:00:00,1969.19,1973.04,1956.6,1967.79,13068.0088
2025-03-21 11:00:00,1967.79,1968.89,1962.0,1966.81,7620.3879
2025-03-21 12:00:00,1966.81,1973.99,1938.33,1946.16,26373.1662
2025-03-21 13:00:00,1946.16,1956.05,1937.1,1952.53,20301.794
2025-03-21 14:00:00,1952.53,1955.2,1938.64,1954.49,13979.4162
2025-03-21 15:00:00,1954.44,1958.49,1946.16,1950.69,10276.6409
2025-03-21 16:00:00,1950.69,1969.0,1946.07,1966.78,18836.3451
2025-03-21 17:00:00,1966.77,1972.67,1961.31,1968.81,9194.6084
2025-03-21 18:00:00,1968.81,1976.69,1963.09,1970.17,14944.8161
2025-03-21 19:00:00,1970.17,1977.9,1967.63,1973.93,8903.526
2025-03-21 20:00:00,1973.92,1978.49,1972.85,1974.69,6681.8326
2025-03-21 21:00:00,1974.68,1983.4,1971.48,1973.99,8112.683
2025-03-21 22:00:00,1974.0,1974.45,1962.62,1966.4,6670.6238
2025-03-21 23:00:00,1966.39,1970.78,1964.35,1965.75,6045.5393
2025-03-22 00:00:00,1965.74,1983.34,1964.34,1980.74,10042.7447
2025-03-22 01:00:00,1980.75,1987.23,1973.09,1974.7,7610.727
2025-03-22 02:00:00,1974.7,1985.86,1973.55,1982.66,4619.9792
2025-03-22 03:00:00,1982.67,1986.87,1976.17,1986.04,7969.0348
2025-03-22 04:00:00,1986.07,1990.89,1985.63,1989.03,6931.5305
2025-03-22 05:00:00,1989.02,1989.42,1983.92,1987.71,5624.8482
2025-03-22 06:00:00,1987.7,1993.1,1985.61,1988.03,4892.8516
2025-03-22 07:00:00,1988.02,1990.61,1983.23,1984.23,4583.2985
2025-03-22 08:00:00,1984.22,1990.28,1981.68,1988.26,5424.1382
2025-03-22 09:00:00,1988.25,2006.61,1988.25,1993.78,19010.753
2025-03-22 10:00:00,1993.78,2000.2,1993.2,1996.12,10367.0568
2025-03-22 11:00:00,1996.12,1997.1,1987.52,1990.41,7826.2845
2025-03-22 12:00:00,1990.41,1996.36,1988.03,1995.32,6457.3627
2025-03-22 13:00:00,1995.32,1997.75,1985.08,1990.23,9230.7502
2025-03-22 14:00:00,1990.22,1992.86,1983.52,1984.54,6745.8545
2025-03-22 15:00:00,1984.54,1988.4,1981.12,1986.29,7431.696
2025-03-22 16:00:00,1986.29,1989.79,1982.52,1985.38,4967.7656
2025-03-22 17:00:00,1985.38,1994.39,1985.38,1992.66,6306.3076
2025-03-22 18:00:00,1992.65,2000.0,1991.0,1995.32,5889.396
2025-03-22 19:00:00,1995.33,1998.3,1993.26,1995.94,4118.5992
2025-03-22 20:00:00,1995.95,2004.3,1993.12,1993.5,6250.9055
2025-03-22 21:00:00,1993.5,1995.16,1984.0,1986.23,6367.0512
2025-03-22 22:00:00,1986.23,1990.13,1983.8,1985.01,3411.5742
2025-03-22 23:00:00,1985.01,1985.76,1974.78,1980.69,8702.4477
2025-03-23 00:00:00,1980.68,1986.57,1976.81,1985.52,6239.1887
2025-03-23 01:00:00,1985.53,1998.75,1984.74,1998.04,7960.7269
2025-03-23 02:00:00,1998.04,2003.54,1993.07,2001.72,8497.9708
2025-03-23 03:00:00,2001.71,2008.73,1996.66,2008.31,7954.7356
2025-03-23 04:00:00,2008.32,2008.62,1998.91,2000.24,9150.2982
2025-03-23 05:00:00,2000.25,2001.03,1992.08,1999.67,53909.2852
2025-03-23 06:00:00,1999.67,2005.25,1997.17,2002.72,8937.3174
2025-03-23 07:00:00,2002.72,2019.8,2001.42,2008.04,12725.9158
2025-03-23 08:00:00,2008.04,2016.25,2005.72,2009.73,10185.0325
2025-03-23 09:00:00,2009.73,2016.0,2009.73,2014.25,6491.6088
2025-03-23 10:00:00,2014.26,2020.74,2011.92,2013.24,9696.5003
2025-03-23 11:00:00,2013.25,2020.19,2002.9,2008.01,14073.1013
2025-03-23 12:00:00,2008.01,2013.64,2006.56,2009.17,7847.5426
2025-03-23 13:00:00,2009.18,2020.0,2004.81,2018.49,10101.4675
2025-03-23 14:00:00,2018.5,2020.2,2002.52,2004.35,13733.3749
2025-03-23 15:00:00,2004.34,2012.0,2003.53,2007.06,10081.672
2025-03-23 16:00:00,2007.06,2008.23,1996.23,1997.27,12246.618
2025-03-23 17:00:00,1997.28,2002.73,1987.5,1992.95,12168.2255
2025-03-23 18:00:00,1992.96,1999.5,1989.99,1997.32,8431.2453
2025-03-23 19:00:00,1997.32,1998.2,1992.94,1996.3,4431.9811
2025-03-23 20:00:00,1996.3,2000.71,1992.1,1992.42,5155.5092
2025-03-23 21:00:00,1992.42,1996.47,1986.07,1995.06,8248.3019
2025-03-23 22:00:00,1995.07,1998.69,1980.77,1987.38,13380.6403
2025-03-23 23:00:00,1987.39,2006.68,1987.19,2005.99,7059.2635
2025-03-24 00:00:00,2005.99,2021.39,1996.75,1998.79,19589.7774
2025-03-24 01:00:00,1998.78,1998.84,1977.67,1980.7,15725.4911
2025-03-24 02:00:00,1980.71,1993.64,1978.49,1992.11,15984.3576
2025-03-24 03:00:00,1992.11,2017.28,1990.26,2014.48,28093.1114
2025-03-24 04:00:00,2014.49,2043.76,2014.49,2040.27,31475.4974
2025-03-24 05:00:00,2040.28,2054.19,2038.96,2048.88,30851.7386
2025-03-24 06:00:00,2048.89,2075.94,2048.89,2066.64,35570.4108
2025-03-24 07:00:00,2066.63,2079.58,2065.93,2069.16,25528.0772
2025-03-24 08:00:00,2069.18,2096.32,2068.77,2090.46,33086.6079
2025-03-24 09:00:00,2090.46,2095.0,2084.74,2094.3,15435.5531
2025-03-24 10:00:00,2094.3,2099.0,2088.17,2094.23,15335.4967
2025-03-24 11:00:00,2094.24,2104.11,2087.48,2092.77,18848.9549
2025-03-24 12:00:00,2092.77,2094.7,2078.6,2083.72,18483.4
2025-03-24 13:00:00,2083.71,2087.69,2073.47,2082.33,21288.8037
2025-03-24 14:00:00,2082.33,2102.49,2077.7,2080.81,32134.674
2025-03-24 15:00:00,2080.8,2090.77,2075.27,2089.77,13241.0203
2025-03-24 16:00:00,2089.76,2093.71,2067.67,2079.15,17475.909
2025-03-24 17:00:00,2079.14,2092.93,2077.1,2088.28,17077.1176
2025-03-24 18:00:00,2088.28,2101.3,2081.35,2097.25,20472.0265
2025-03-24 19:00:00,2097.25,2097.82,2085.35,2088.71,14675.2243
2025-03-24 20:00:00,2088.71,2095.41,2082.38,2085.38,7839.2827
2025-03-24 21:00:00,2085.37,2092.26,2080.51,2083.59,6745.8061
2025-03-24 22:00:00,2083.59,2086.99,2075.8,2077.15,11073.4989
2025-03-24 23:00:00,2077.15,2084.14,2068.33,2081.2,11880.9782
2025-03-25 00:00:00,2081.2,2097.7,2077.2,2086.33,12464.4542
2025-03-25 01:00:00,2086.32,2086.32,2056.09,2065.18,17047.8447
2025-03-25 02:00:00,2065.19,2069.96,2062.05,2063.07,13126.4212
2025-03-25 03:00:00,2063.08,2065.57,2041.83,2043.26,21138.1852
2025-03-25 04:00:00,2043.25,2050.4,2037.08,2046.08,11192.3555
2025-03-25 05:00:00,2046.08,2051.91,2040.83,2048.48,6951.538
2025-03-25 06:00:00,2048.49,2060.33,2047.05,2055.77,12638.5784
2025-03-25 07:00:00,2055.77,2066.98,2050.5,2055.55,14932.4307
2025-03-25 08:00:00,2055.56,2063.5,2052.44,2060.84,22360.9033
2025-03-25 09:00:00,2060.84,2074.1,2056.85,2070.1,14606.477
2025-03-25 10:00:00,2070.1,2075.36,2062.62,2070.71,7975.7024
2025-03-25 11:00:00,2070.71,2073.48,2065.71,2068.68,13621.778
2025-03-25 12:00:00,2068.68,2070.18,2056.89,2059.6,14327.0512
2025-03-25 13:00:00,2059.59,2080.4,2051.88,2061.58,24791.0573
2025-03-25 14:00:00,2061.58,2080.0,2053.83,2076.39,21231.2552
2025-03-25 15:00:00,2076.39,2079.6,2065.18,2067.67,15164.0682
2025-03-25 16:00:00,2067.67,2075.19,2059.73,2068.55,12968.4282
2025-03-25 17:00:00,2068.55,2083.52,2068.55,2076.35,12259.6692
2025-03-25 18:00:00,2076.34,2076.77,2056.51,2062.62,10711.5129
2025-03-25 19:00:00,2062.62,2078.9,2062.44,2075.64,13616.554
2025-03-25 20:00:00,2075.64,2082.99,2063.33,2064.5,11476.6099
2025-03-25 21:00:00,2064.51,2077.09,2062.63,2063.65,7291.6767
2025-03-25 22:00:00,2063.65,2067.81,2053.85,2062.63,10314.775
2025-03-25 23:00:00,2062.63,2069.7,2057.2,2066.15,6556.0028
2025-03-26 00:00:00,2066.16,2076.74,2061.2,2071.72,9309.1063
2025-03-26 01:00:00,2071.71,2079.21,2066.5,2074.01,10480.8959
2025-03-26 02:00:00,2074.02,2074.74,2047.0,2048.5,16531.5199
2025-03-26 03:00:00,2048.5,2055.19,2042.6,2049.07,11464.3756
2025-03-26 04:00:00,2049.06,2056.92,2047.55,2052.6,11212.5409
2025-03-26 05:00:00,2052.59,2068.0,2049.61,2059.12,11770.8119
2025-03-26 06:00:00,2059.12,2069.0,2056.84,2067.0,9747.9356
2025-03-26 07:00:00,2067.01,2071.4,2063.03,2069.25,16781.6629
2025-03-26 08:00:00,2069.26,2073.35,2061.8,2063.58,15937.7186
2025-03-26 09:00:00,2063.58,2065.49,2057.6,2062.63,16606.442
2025-03-26 10:00:00,2062.62,2075.76,2062.36,2073.11,14357.9735
2025-03-26 11:00:00,2073.1,2075.0,2066.66,2068.51,14738.8225
2025-03-26 12:00:00,2068.52,2070.52,2059.0,2064.64,10868.2733
2025-03-26 13:00:00,2064.64,2064.65,2026.98,2028.35,40387.6915
2025-03-26 14:00:00,2028.35,2037.82,2006.66,2018.1,54698.9838
2025-03-26 15:00:00,2018.1,2021.19,2008.3,2012.27,26505.5513
2025-03-26 16:00:00,2012.27,2022.13,2007.24,2014.24,18123.3571
2025-03-26 17:00:00,2014.23,2017.0,2003.26,2006.32,31308.8821
2025-03-26 18:00:00,2006.32,2013.8,1991.15,1994.68,21872.99
2025-03-26 19:00:00,1994.68,2005.13,1981.6,1999.92,28825.1638
2025-03-26 20:00:00,1999.91,2017.92,1999.17,2010.5,12560.4147
2025-03-26 21:00:00,2010.5,2012.13,1991.85,2008.25,9294.6988
2025-03-26 22:00:00,2008.25,2009.39,1995.0,2000.09,8269.9954
2025-03-26 23:00:00,2000.08,2010.4,1996.64,2009.52,7319.5212
2025-03-27 00:00:00,2009.52,2018.3,2006.78,2017.82,8511.321
2025-03-27 01:00:00,2017.82,2025.59,2017.42,2020.34,9963.5556
2025-03-27 02:00:00,2020.34,2037.38,2019.59,2030.51,11095.3028
2025-03-27 03:00:00,2030.5,2036.77,2027.99,2031.32,11450.1516
2025-03-27 04:00:00,2031.32,2032.87,2025.04,2031.01,6724.4828
2025-03-27 05:00:00,2031.01,2031.01,2020.95,2022.67,7393.3775
2025-03-27 06:00:00,2022.67,2030.18,2022.15,2024.58,7548.6083
2025-03-27 07:00:00,2024.57,2028.4,2022.16,2026.43,6329.6506
2025-03-27 08:00:00,2026.42,2029.3,2018.0,2025.7,10729.6626
2025-03-27 09:00:00,2025.71,2032.33,2019.81,2028.78,16953.7471
2025-03-27 10:00:00,2028.79,2035.92,2021.4,2024.87,11299.2244
2025-03-27 11:00:00,2024.86,2030.31,2012.21,2016.21,15622.2463
2025-03-27 12:00:00,2016.21,2025.18,2013.23,2018.02,12192.3061
2025-03-27 13:00:00,2018.01,2022.03,1987.06,2003.34,41566.3436
2025-03-27 14:00:00,2003.33,2026.04,1996.49,2025.75,43907.3054
2025-03-27 15:00:00,2025.76,2026.32,2000.19,2005.49,26491.3309
2025-03-27 16:00:00,2005.48,2015.16,2000.46,2000.94,19272.9424
2025-03-27 17:00:00,2000.94,2008.39,1993.65,2000.08,19648.1113
2025-03-27 18:00:00,2000.08,2014.84,1999.4,2009.2,10732.1171
2025-03-27 19:00:00,2009.21,2014.28,2002.76,2004.08,18070.7738
2025-03-27 20:00:00,2004.13,2011.37,2000.4,2007.37,16148.6294
2025-03-27 21:00:00,2007.37,2020.0,2003.0,2018.0,14705.4614
2025-03-27 22:00:00,2018.01,2018.82,2006.52,2007.81,5697.1292
2025-03-27 23:00:00,2007.82,2008.7,1999.68,2003.66,8581.0571
2025-03-28 00:00:00,2003.67,2007.15,1991.63,2004.88,10898.4069
2025-03-28 01:00:00,2004.88,2015.46,1995.0,2008.98,13195.5686
2025-03-28 02:00:00,2008.99,2015.93,2005.04,2007.74,8970.3385
2025-03-28 03:00:00,2007.74,2009.0,1995.36,1999.84,12895.0604
2025-03-28 04:00:00,1999.84,2004.7,1900.0,1937.62,87168.1851
2025-03-28 05:00:00,1937.62,1937.64,1910.34,1915.63,40423.416
2025-03-28 06:00:00,1915.62,1928.48,1911.88,1915.48,26216.9201
2025-03-28 07:00:00,1915.49,1921.9,1903.66,1910.21,50752.4211
2025-03-28 08:00:00,1910.21,1918.15,1904.51,1907.13,33946.0747
2025-03-28 09:00:00,1907.14,1916.0,1902.38,1908.92,20486.4067
2025-03-28 10:00:00,1908.93,1915.79,1905.51,1909.7,14543.6411
2025-03-28 11:00:00,1909.7,1925.0,1860.0,1900.48,62108.0992
2025-03-28 12:00:00,1900.47,1903.87,1880.66,1884.32,40356.7279
2025-03-28 13:00:00,1884.33,1902.26,1880.45,1886.82,27417.5976
2025-03-28 14:00:00,1886.82,1894.45,1876.34,1887.94,37051.4493
2025-03-28 15:00:00,1887.94,1888.67,1871.58,1872.13,31110.3616
2025-03-28 16:00:00,1872.13,1878.86,1862.14,1869.94,26957.9609
2025-03-28 17:00:00,1869.88,1884.7,1865.76,1884.02,16236.7795
2025-03-28 18:00:00,1884.01,1887.28,1872.64,1879.4,12384.6156
2025-03-28 19:00:00,1879.39,1883.85,1870.28,1874.16,11839.0315
2025-03-28 20:00:00,1874.17,1891.49,1873.75,1877.29,14756.9692
2025-03-28 21:00:00,1877.29,1888.88,1873.88,1886.05,8586.0465
2025-03-28 22:00:00,1886.04,1901.6,1885.57,1901.42,9421.4077
2025-03-28 23:00:00,1901.41,1902.0,1892.57,1896.9,8444.0975
2025-03-29 00:00:00,1896.9,1912.58,1894.46,1903.43,10206.5913
2025-03-29 01:00:00,1903.44,1913.6,1901.65,1910.01,13215.3928
2025-03-29 02:00:00,1910.01,1912.81,1893.79,1895.27,10762.6056
2025-03-29 03:00:00,1895.27,1905.95,1886.27,1899.83,15726.9016
2025-03-29 04:00:00,1899.84,1904.96,1891.0,1894.73,9317.0287
2025-03-29 05:00:00,1894.72,1895.78,1884.12,1888.41,11574.8725
2025-03-29 06:00:00,1888.41,1888.42,1876.53,1882.3,11491.2025
2025-03-29 07:00:00,1882.3,1885.22,1875.41,1880.14,16800.0964
2025-03-29 08:00:00,1880.14,1885.84,1876.77,1884.57,12849.4253
2025-03-29 09:00:00,1884.57,1887.28,1860.39,1877.04,19273.005
2025-03-29 10:00:00,1877.04,1880.21,1863.73,1868.79,10354.7371
2025-03-29 11:00:00,1868.79,1874.87,1833.5,1844.55,61816.7252
2025-03-29 12:00:00,1844.55,1857.41,1841.85,1851.78,14365.2065
2025-03-29 13:00:00,1851.78,1863.75,1851.46,1859.1,11137.0718
2025-03-29 14:00:00,1859.1,1859.45,1844.6,1845.43,10213.1226
2025-03-29 15:00:00,1845.43,1849.17,1833.84,1840.24,13792.1733
2025-03-29 16:00:00,1840.24,1848.12,1812.02,1822.02,36624.4944
2025-03-29 17:00:00,1822.01,1831.19,1797.2,1818.14,52747.7973
2025-03-29 18:00:00,1818.15,1828.3,1808.87,1818.18,19758.5148
2025-03-29 19:00:00,1818.19,1828.62,1811.97,1827.5,12602.0833
2025-03-29 20:00:00,1827.5,1828.15,1812.62,1817.76,14507.3949
2025-03-29 21:00:00,1817.75,1825.16,1814.14,1817.69,9455.5011
2025-03-29 22:00:00,1817.7,1820.21,1811.6,1817.49,5038.2351
2025-03-29 23:00:00,1817.49,1830.31,1814.35,1828.08,6139.5764
2025-03-30 00:00:00,1828.09,1831.08,1812.69,1826.92,12628.3734
2025-03-30 01:00:00,1826.92,1842.81,1825.73,1835.01,13447.2041
2025-03-30 02:00:00,1835.01,1844.14,1834.18,1838.94,9451.6485
2025-03-30 03:00:00,1838.95,1844.59,1832.12,1834.39,10100.0489
2025-03-30 04:00:00,1834.39,1846.85,1834.11,1842.86,6937.2255
2025-03-30 05:00:00,1842.86,1845.21,1835.26,1838.07,8363.6952
2025-03-30 06:00:00,1838.07,1843.07,1832.56,1839.34,5237.3421
2025-03-30 07:00:00,1839.35,1844.25,1836.43,1837.74,4944.6609
2025-03-30 08:00:00,1837.74,1849.01,1837.73,1846.99,6781.6879
2025-03-30 09:00:00,1847.0,1847.39,1841.24,1843.63,5018.2084
2025-03-30 10:00:00,1843.64,1846.04,1826.49,1829.94,11230.5018
2025-03-30 11:00:00,1829.94,1841.69,1829.46,1833.27,11374.1574
2025-03-30 12:00:00,1833.28,1839.71,1829.59,1833.75,7613.9963
2025-03-30 13:00:00,1833.76,1835.75,1790.06,1806.68,47275.5556
2025-03-30 14:00:00,1806.67,1819.46,1803.68,1813.67,15306.1316
2025-03-30 15:00:00,1813.68,1826.65,1812.3,1813.75,9893.1443
2025-03-30 16:00:00,1813.76,1817.37,1785.41,1795.5,21033.6589
2025-03-30 17:00:00,1795.42,1808.98,1787.02,1804.94,16544.9723
2025-03-30 18:00:00,1804.94,1825.86,1804.94,1824.89,16221.4301
2025-03-30 19:00:00,1824.89,1834.33,1812.56,1814.22,16863.624
2025-03-30 20:00:00,1814.22,1818.05,1809.26,1814.96,7141.6529
2025-03-30 21:00:00,1814.95,1821.68,1801.38,1805.89,9217.4464
2025-03-30 22:00:00,1805.9,1816.87,1767.69,1805.17,41644.8728
2025-03-30 23:00:00,1805.17,1807.74,1792.85,1807.74,13572.2083
2025-03-31 00:00:00,1807.74,1813.14,1776.75,1786.42,23953.4067
2025-03-31 01:00:00,1786.43,1820.21,1783.51,1813.87,25333.2829
2025-03-31 02:00:00,1813.87,1823.5,1804.3,1811.86,18419.4522
2025-03-31 03:00:00,1811.87,1817.55,1795.41,1798.32,16060.2865
2025-03-31 04:00:00,1798.32,1809.1,1792.9,1804.94,12242.4193
2025-03-31 05:00:00,1804.94,1813.68,1802.49,1809.15,11364.2932
2025-03-31 06:00:00,1809.16,1811.84,1799.44,1804.09,11460.3082
2025-03-31 07:00:00,1804.08,1810.7,1789.1,1798.92,18076.2152
2025-03-31 08:00:00,1798.91,1808.09,1794.24,1795.54,18778.8738
2025-03-31 09:00:00,1795.54,1800.72,1781.25,1786.31,26465.0771
2025-03-31 10:00:00,1786.32,1810.48,1777.79,1803.57,24987.4549
2025-03-31 11:00:00,1803.58,1819.74,1799.1,1813.43,20340.0781
2025-03-31 12:00:00,1813.43,1846.72,1809.2,1834.16,37017.4337
2025-03-31 13:00:00,1834.22,1837.37,1794.94,1818.53,45306.2918
2025-03-31 14:00:00,1818.53,1846.75,1818.28,1839.81,45436.8038
2025-03-31 15:00:00,1839.81,1854.22,1837.82,1842.23,31063.3127
2025-03-31 16:00:00,1842.22,1847.23,1834.62,1840.18,14445.6802
2025-03-31 17:00:00,1840.16,1846.84,1817.23,1825.47,23507.4447
2025-03-31 18:00:00,1825.46,1847.34,1825.46,1839.86,12639.6491
2025-03-31 19:00:00,1839.85,1845.64,1824.37,1827.71,18373.9195
2025-03-31 20:00:00,1827.71,1834.74,1818.64,1819.61,14738.969
2025-03-31 21:00:00,1819.6,1829.5,1819.19,1824.72,8655.4692
2025-03-31 22:00:00,1824.72,1825.16,1816.4,1824.68,8282.9153
2025-03-31 23:00:00,1824.68,1831.9,1820.31,1822.43,10905.8681
2025-04-01 00:00:00,1822.43,1843.0,1817.88,1831.94,22628.8655
2025-04-01 01:00:00,1831.93,1833.33,1821.03,1826.38,11413.5415
2025-04-01 02:00:00,1826.38,1839.39,1824.39,1839.38,10437.1863
2025-04-01 03:00:00,1839.38,1841.1,1833.06,1835.0,10613.2322
2025-04-01 04:00:00,1835.0,1840.53,1831.95,1838.13,7754.7126
2025-04-01 05:00:00,1838.13,1850.32,1836.81,1841.49,10744.0783
2025-04-01 06:00:00,1841.49,1867.91,1839.42,1857.66,21137.1824
2025-04-01 07:00:00,1857.67,1862.63,1852.64,1854.26,10962.3109
2025-04-01 08:00:00,1854.26,1892.55,1853.93,1884.33,46107.9976
2025-04-01 09:00:00,1884.33,1889.81,1878.01,1885.39,19403.2324
2025-04-01 10:00:00,1885.39,1886.0,1872.63,1873.39,15520.7418
2025-04-01 11:00:00,1873.39,1873.74,1856.45,1862.36,14893.8123
2025-04-01 12:00:00,1862.37,1870.89,1859.66,1865.56,13475.953
2025-04-01 13:00:00,1865.57,1881.72,1863.71,1871.84,20400.6938
2025-04-01 14:00:00,1871.94,1889.0,1842.42,1882.53,52865.8966
2025-04-01 15:00:00,1882.53,1927.9,1882.53,1918.58,70250.3217
2025-04-01 16:00:00,1918.59,1924.17,1907.53,1915.8,19876.4616
2025-04-01 17:00:00,1915.79,1923.0,1913.93,1915.33,11974.0928
2025-04-01 18:00:00,1915.34,1915.81,1901.5,1908.32,11299.5315
2025-04-01 19:00:00,1908.31,1911.55,1903.07,1910.09,9977.385
2025-04-01 20:00:00,1910.1,1915.73,1897.13,1912.84,13174.3568
2025-04-01 21:00:00,1912.84,1922.75,1908.82,1915.01,10489.1413
2025-04-01 22:00:00,1915.02,1920.0,1911.0,1911.9,9626.3062
2025-04-01 23:00:00,1911.91,1915.18,1904.7,1904.98,7962.0633
2025-04-02 00:00:00,1904.98,1908.41,1887.0,1889.59,12719.2592
2025-04-02 01:00:00,1889.59,1896.32,1883.01,1892.41,13432.9056
2025-04-02 02:00:00,1892.41,1893.3,1872.39,1878.25,18777.1957
2025-04-02 03:00:00,1878.24,1887.2,1875.52,1876.39,9269.7546
2025-04-02 04:00:00,1876.4,1883.3,1875.55,1879.13,6576.0694
2025-04-02 05:00:00,1879.14,1879.25,1854.75,1855.88,26821.5374
2025-04-02 06:00:00,1855.88,1862.89,1852.0,1854.01,13186.3396
2025-04-02 07:00:00,1854.0,1866.7,1852.6,1865.06,15885.3739
2025-04-02 08:00:00,1865.07,1876.62,1862.62,1867.82,10061.0506
2025-04-02 09:00:00,1867.81,1888.05,1866.48,1879.35,16863.6393
2025-04-02 10:00:00,1879.34,1887.63,1870.77,1872.68,11183.0682
2025-04-02 11:00:00,1872.69,1878.26,1868.18,1868.72,8457.9037
2025-04-02 12:00:00,1868.73,1873.3,1858.15,1871.91,11970.7485
2025-04-02 13:00:00,1871.92,1893.42,1854.27,1871.27,28962.7692
2025-04-02 14:00:00,1871.27,1881.56,1857.57,1875.75,22804.5906
2025-04-02 15:00:00,1875.74,1919.0,1874.19,1901.21,141904.9216
2025-04-02 16:00:00,1901.21,1910.54,1895.06,1902.93,26994.0102
2025-04-02 17:00:00,1902.94,1914.09,1882.22,1892.68,37434.016
2025-04-02 18:00:00,1892.68,1904.68,1888.45,1898.12,12316.7193
2025-04-02 19:00:00,1898.12,1916.1,1893.34,1911.45,15126.1433
2025-04-02 20:00:00,1911.45,1957.0,1866.05,1881.25,146724.3196
2025-04-02 21:00:00,1881.16,1884.62,1855.0,1867.12,31178.6126
2025-04-02 22:00:00,1867.13,1867.32,1789.05,1798.05,74776.5008
2025-04-02 23:00:00,1798.05,1802.9,1781.53,1795.22,37413.3334
2025-04-03 00:00:00,1795.21,1827.89,1788.97,1820.46,32129.8016
2025-04-03 01:00:00,1820.47,1834.88,1814.37,1826.28,23380.4535
2025-04-03 02:00:00,1826.29,1832.64,1818.18,1830.25,18314.3661
2025-04-03 03:00:00,1830.26,1830.7,1819.56,1824.46,12485.0504
2025-04-03 04:00:00,1824.47,1845.26,1822.78,1835.38,18107.286
2025-04-03 05:00:00,1835.38,1840.4,1821.14,1821.7,11840.911
2025-04-03 06:00:00,1821.71,1827.77,1814.1,1817.28,14196.301
2025-04-03 07:00:00,1817.28,1822.18,1807.13,1815.31,19028.9802
2025-04-03 08:00:00,1815.31,1824.18,1814.85,1821.63,12626.098
2025-04-03 09:00:00,1821.64,1823.27,1809.37,1811.34,12989.7389
2025-04-03 10:00:00,1811.34,1817.61,1790.05,1793.42,25888.9555
2025-04-03 11:00:00,1793.42,1802.83,1787.23,1795.13,16495.6626
2025-04-03 12:00:00,1795.13,1800.52,1750.0,1759.65,73634.1049
2025-04-03 13:00:00,1759.65,1791.84,1756.09,1784.18,46131.3292
2025-04-03 14:00:00,1784.18,1785.02,1751.39,1757.97,38496.6553
2025-04-03 15:00:00,1757.92,1782.66,1755.22,1782.27,25432.2992
2025-04-03 16:00:00,1782.26,1791.04,1770.94,1773.41,17518.8861
2025-04-03 17:00:00,1773.42,1782.72,1767.23,1776.45,12753.8889
2025-04-03 18:00:00,1776.44,1799.15,1770.18,1788.48,16682.619
2025-04-03 19:00:00,1788.48,1795.04,1782.53,1787.12,14843.4096
2025-04-03 20:00:00,1787.11,1803.31,1779.78,1799.01,12038.907
2025-04-03 21:00:00,1799.01,1818.61,1796.2,1812.46,13475.2462
2025-04-03 22:00:00,1812.47,1816.34,1805.66,1811.07,8849.6934
2025-04-03 23:00:00,1811.07,1821.84,1803.26,1817.23,10734.3744
2025-04-04 00:00:00,1817.23,1823.12,1808.76,1810.42,12278.7431
2025-04-04 01:00:00,1810.43,1818.17,1771.11,1782.4,34542.9125
2025-04-04 02:00:00,1782.4,1803.32,1782.4,1788.88,14196.3878
2025-04-04 03:00:00,1788.88,1796.75,1782.55,1792.91,10515.7632
2025-04-04 04:00:00,1792.91,1793.94,1784.17,1788.09,7670.5617
2025-04-04 05:00:00,1788.09,1806.61,1784.41,1806.08,9120.6891
2025-04-04 06:00:00,1806.07,1808.59,1799.41,1800.15,9747.472
2025-04-04 07:00:00,1800.15,1821.82,1800.0,1817.93,17811.5407
2025-04-04 08:00:00,1817.94,1835.68,1814.82,1828.29,25530.443
2025-04-04 09:00:00,1828.3,1833.19,1822.68,1829.41,11704.8247
2025-04-04 10:00:00,1829.43,1832.23,1780.75,1783.89,45485.993
2025-04-04 11:00:00,1783.88,1788.0,1758.72,1783.88,43370.3284
2025-04-04 12:00:00,1783.88,1800.73,1769.45,1788.76,52281.6608
2025-04-04 13:00:00,1788.77,1808.98,1772.11,1802.06,43204.5216
2025-04-04 14:00:00,1802.06,1805.48,1775.67,1790.13,35624.6083
2025-04-04 15:00:00,1790.13,1821.0,1787.28,1795.24,59171.1362
2025-04-04 16:00:00,1795.24,1805.4,1783.25,1797.57,31964.8878
2025-04-04 17:00:00,1797.57,1828.9,1788.0,1821.35,35573.0452
2025-04-04 18:00:00,1821.34,1823.27,1804.76,1806.47,15351.8715
2025-04-04 19:00:00,1806.46,1815.78,1802.16,1810.21,16894.3278
2025-04-04 20:00:00,1810.21,1822.99,1807.52,1818.94,14972.0714
2025-04-04 21:00:00,1818.93,1827.99,1812.82,1818.2,14130.4212
2025-04-04 22:00:00,1818.18,1826.43,1815.82,1819.24,5753.8435
2025-04-04 23:00:00,1819.24,1820.15,1809.56,1816.87,5836.4157
2025-04-05 00:00:00,1816.88,1825.0,1812.55,1822.85,6985.5404
2025-04-05 01:00:00,1822.86,1827.29,1819.26,1819.49,8257.7673
2025-04-05 02:00:00,1819.5,1821.38,1812.89,1815.6,4967.4994
2025-04-05 03:00:00,1815.61,1816.24,1809.39,1810.01,4749.6708
2025-04-05 04:00:00,1810.01,1815.75,1807.45,1808.5,4544.9387
2025-04-05 05:00:00,1808.5,1815.41,1807.13,1810.01,3059.9706
2025-04-05 06:00:00,1810.01,1813.7,1803.99,1809.56,7296.6856
2025-04-05 07:00:00,1809.55,1814.53,1807.05,1813.22,4620.163
2025-04-05 08:00:00,1813.22,1815.23,1810.0,1813.83,4476.4924
2025-04-05 09:00:00,1813.82,1822.04,1813.82,1820.78,7103.2191
2025-04-05 10:00:00,1820.79,1821.57,1816.33,1818.12,4011.0135
2025-04-05 11:00:00,1818.13,1819.39,1806.56,1807.34,12103.2066
2025-04-05 12:00:00,1807.34,1808.3,1792.63,1797.88,11631.4278
2025-04-05 13:00:00,1797.88,1798.62,1783.24,1787.04,14786.6361
2025-04-05 14:00:00,1787.03,1795.23,1786.39,1790.8,10687.44
2025-04-05 15:00:00,1790.79,1790.8,1777.93,1782.01,20233.6157
2025-04-05 16:00:00,1782.01,1788.41,1780.23,1784.6,9400.3796
2025-04-05 17:00:00,1784.6,1790.11,1782.44,1787.46,3547.834
2025-04-05 18:00:00,1787.45,1794.51,1787.08,1793.21,3443.5743
2025-04-05 19:00:00,1793.21,1795.38,1780.0,1782.17,4497.8488
2025-04-05 20:00:00,1782.17,1805.06,1764.39,1790.6,32600.3773
2025-04-05 21:00:00,1790.61,1795.23,1784.76,1790.3,7005.3539
2025-04-05 22:00:00,1790.3,1797.81,1790.3,1797.31,5740.9293
2025-04-05 23:00:00,1797.31,1810.04,1796.8,1806.01,5964.6854
2025-04-06 00:00:00,1806.02,1813.91,1803.06,1810.45,7891.5534
2025-04-06 01:00:00,1810.45,1817.0,1807.29,1810.5,6984.8359
2025-04-06 02:00:00,1810.5,1813.53,1804.3,1804.3,4812.4524
2025-04-06 03:00:00,1804.3,1809.81,1801.78,1809.81,5155.0887
2025-04-06 04:00:00,1809.81,1811.21,1806.06,1809.72,4452.4849
2025-04-06 05:00:00,1809.73,1813.55,1807.0,1811.18,6840.9182
2025-04-06 06:00:00,1811.19,1812.6,1798.54,1798.55,7755.1953
2025-04-06 07:00:00,1798.55,1801.59,1791.49,1797.69,9057.9671
2025-04-06 08:00:00,1797.7,1798.2,1783.0,1795.39,12880.3696
2025-04-06 09:00:00,1795.38,1797.01,1789.49,1791.08,7653.3803
2025-04-06 10:00:00,1791.08,1792.28,1785.1,1790.1,9301.1994
2025-04-06 11:00:00,1790.1,1791.38,1783.75,1789.19,7121.1257
2025-04-06 12:00:00,1789.19,1792.09,1777.04,1777.98,10803.8432
2025-04-06 13:00:00,1777.98,1781.0,1735.0,1748.54,64647.0465
2025-04-06 14:00:00,1748.54,1771.0,1744.85,1770.02,30744.1724
2025-04-06 15:00:00,1770.02,1773.78,1758.61,1759.55,19989.653
2025-04-06 16:00:00,1759.56,1760.06,1717.11,1731.28,33893.8713
2025-04-06 17:00:00,1731.28,1734.0,1669.4,1684.77,98997.6428
2025-04-06 18:00:00,1684.77,1684.96,1602.0,1618.28,168635.5013
2025-04-06 19:00:00,1618.29,1635.96,1608.75,1626.24,93220.5508
2025-04-06 20:00:00,1626.24,1631.18,1555.0,1574.65,118688.9021
2025-04-06 21:00:00,1574.66,1597.96,1571.04,1587.57,41344.627
2025-04-06 22:00:00,1587.57,1608.33,1563.86,1576.99,92388.0761
2025-04-06 23:00:00,1576.98,1584.64,1537.5,1580.76,116586.6384
2025-04-07 00:00:00,1580.77,1586.41,1552.88,1572.9,58777.8057
2025-04-07 01:00:00,1572.97,1614.2,1570.7,1598.6,55450.3954
2025-04-07 02:00:00,1598.59,1601.52,1573.04,1579.29,29148.5226
2025-04-07 03:00:00,1579.28,1582.69,1520.78,1543.69,88093.6637
2025-04-07 04:00:00,1543.69,1559.13,1534.0,1548.39,56828.5825
2025-04-07 05:00:00,1548.4,1561.41,1536.62,1540.37,55264.3925
2025-04-07 06:00:00,1540.37,1552.67,1411.01,1431.29,335133.7731
2025-04-07 07:00:00,1431.45,1477.64,1431.23,1460.15,159485.0623
2025-04-07 08:00:00,1460.15,1511.32,1455.63,1495.94,111723.8108
2025-04-07 09:00:00,1495.95,1505.93,1476.75,1484.46,56384.7066
2025-04-07 10:00:00,1484.45,1520.83,1481.95,1491.35,79408.5782
2025-04-07 11:00:00,1491.36,1503.95,1474.61,1483.11,41650.7899
2025-04-07 12:00:00,1483.11,1526.98,1478.12,1521.03,91298.0532
2025-04-07 13:00:00,1521.02,1558.34,1487.19,1550.47,140311.7317
2025-04-07 14:00:00,1550.46,1639.0,1539.19,1569.62,403208.1414
2025-04-07 15:00:00,1569.64,1577.5,1533.94,1556.56,111083.087
2025-04-07 16:00:00,1556.56,1557.61,1526.0,1529.18,51859.4908
2025-04-07 17:00:00,1529.18,1572.7,1529.17,1566.15,73082.1237
2025-04-07 18:00:00,1566.15,1572.0,1546.93,1549.41,46023.7822
2025-04-07 19:00:00,1549.42,1562.78,1542.25,1545.41,40539.4252
2025-04-07 20:00:00,1545.47,1579.95,1545.06,1570.94,31675.3445
2025-04-07 21:00:00,1570.94,1576.93,1555.0,1568.64,16065.3977
2025-04-07 22:00:00,1568.67,1585.5,1565.58,1578.78,16816.2641
2025-04-07 23:00:00,1578.78,1582.48,1551.52,1553.04,19483.0819
2025-04-08 00:00:00,1553.04,1563.3,1544.43,1544.73,17942.7729
2025-04-08 01:00:00,1544.73,1594.0,1541.04,1591.32,37588.4409
2025-04-08 02:00:00,1591.31,1618.67,1586.78,1589.69,37899.177
2025-04-08 03:00:00,1589.7,1593.0,1579.36,1584.71,14840.1461
2025-04-08 04:00:00,1584.71,1602.27,1583.84,1598.79,18941.1732
2025-04-08 05:00:00,1598.78,1602.22,1582.08,1591.83,17270.0426
2025-04-08 06:00:00,1591.82,1591.82,1574.34,1576.25,17105.3362
2025-04-08 07:00:00,1576.28,1578.55,1561.89,1570.83,36725.063
2025-04-08 08:00:00,1570.83,1571.49,1554.37,1566.95,18937.8681
2025-04-08 09:00:00,1566.95,1575.93,1564.48,1568.23,16319.6933
2025-04-08 10:00:00,1568.24,1574.51,1565.23,1566.08,14240.1502
2025-04-08 11:00:00,1566.09,1590.08,1564.8,1588.32,30094.5739
2025-04-08 12:00:00,1588.32,1593.47,1567.69,1571.5,33511.7649
2025-04-08 13:00:00,1571.49,1586.76,1550.82,1568.59,61586.1514
2025-04-08 14:00:00,1568.6,1583.22,1530.55,1531.16,55558.0042
2025-04-08 15:00:00,1531.17,1539.23,1518.29,1531.77,44725.2813
2025-04-08 16:00:00,1531.76,1533.08,1482.27,1486.79,70419.8469
2025-04-08 17:00:00,1486.84,1489.85,1454.63,1481.04,115487.7001
2025-04-08 18:00:00,1481.05,1500.58,1471.81,1475.79,58873.5237
2025-04-08 19:00:00,1475.8,1478.82,1455.17,1466.67,51226.5126
2025-04-08 20:00:00,1466.67,1482.63,1460.25,1482.1,23905.185
2025-04-08 21:00:00,1482.12,1486.2,1464.01,1477.23,17747.6028
2025-04-08 22:00:00,1477.24,1478.48,1441.3,1467.19,48226.5313
2025-04-08 23:00:00,1467.18,1476.8,1462.72,1473.41,32673.5911
2025-04-09 00:00:00,1473.41,1482.28,1463.79,1467.65,40906.2869
2025-04-09 01:00:00,1467.66,1469.15,1385.05,1435.3,188171.2135
2025-04-09 02:00:00,1435.31,1454.69,1415.17,1419.04,62877.6744
2025-04-09 03:00:00,1419.04,1426.63,1407.81,1418.8,56946.4753
2025-04-09 04:00:00,1418.79,1450.6,1414.77,1440.72,74952.8593
2025-04-09 05:00:00,1440.71,1464.8,1439.47,1459.15,48935.3658
2025-04-09 06:00:00,1459.15,1476.83,1457.99,1459.99,37084.2317
2025-04-09 07:00:00,1459.99,1492.02,1458.36,1483.43,70509.2498
2025-04-09 08:00:00,1483.45,1488.48,1471.0,1482.49,35345.1554
2025-04-09 09:00:00,1482.48,1486.0,1471.2,1479.55,19856.6691
2025-04-09 10:00:00,1479.56,1496.55,1472.9,1486.45,36923.9643
2025-04-09 11:00:00,1486.45,1486.84,1445.07,1455.33,133016.6563
2025-04-09 12:00:00,1455.33,1469.43,1440.2,1461.81,48497.7107
2025-04-09 13:00:00,1461.8,1499.24,1455.42,1487.53,95695.3053
2025-04-09 14:00:00,1487.52,1501.27,1469.73,1470.96,79667.2154
2025-04-09 15:00:00,1470.95,1496.8,1469.36,1485.26,50399.8678
2025-04-09 16:00:00,1485.26,1509.3,1481.97,1502.62,58871.8048
2025-04-09 17:00:00,1502.63,1640.0,1485.74,1632.94,420288.9674
2025-04-09 18:00:00,1632.83,1673.29,1613.33,1628.11,200776.8044
2025-04-09 19:00:00,1628.11,1647.15,1623.56,1640.92,48467.6616
2025-04-09 20:00:00,1640.93,1678.9,1640.56,1673.63,55801.4496
2025-04-09 21:00:00,1673.63,1689.0,1661.17,1671.64,53882.9105
2025-04-09 22:00:00,1671.64,1684.35,1666.27,1671.17,25711.4797
2025-04-09 23:00:00,1671.16,1674.58,1655.72,1669.51,24943.9348
2025-04-10 00:00:00,1669.51,1669.85,1634.16,1646.48,38017.9836
2025-04-10 01:00:00,1646.47,1651.61,1628.79,1637.95,22846.6849
2025-04-10 02:00:00,1637.96,1646.25,1629.44,1632.99,20214.3767
2025-04-10 03:00:00,1632.99,1636.14,1601.76,1617.01,45318.3567
2025-04-10 04:00:00,1617.0,1620.78,1605.79,1619.63,20533.3088
2025-04-10 05:00:00,1619.63,1626.14,1614.32,1617.08,25444.34
2025-04-10 06:00:00,1617.09,1622.95,1606.41,1616.34,17069.5031
2025-04-10 07:00:00,1616.34,1620.61,1583.31,1595.81,41549.872
2025-04-10 08:00:00,1595.81,1598.87,1583.4,1592.71,25752.127
2025-04-10 09:00:00,1592.71,1606.86,1586.28,1604.0,27435.1648
2025-04-10 10:00:00,1604.0,1605.99,1588.0,1594.87,16798.8898
2025-04-10 11:00:00,1594.88,1596.96,1581.36,1594.81,17147.944
2025-04-10 12:00:00,1594.8,1640.0,1582.05,1593.31,86013.1289
2025-04-10 13:00:00,1593.31,1596.49,1560.52,1568.77,60559.5547
2025-04-10 14:00:00,1568.77,1584.53,1556.53,1565.48,45944.3448
2025-04-10 15:00:00,1565.47,1567.7,1483.6,1495.98,133306.8745
2025-04-10 16:00:00,1495.97,1513.8,1471.02,1510.73,92596.5246
2025-04-10 17:00:00,1510.73,1520.18,1487.78,1511.56,55987.9948
2025-04-10 18:00:00,1511.57,1523.0,1507.42,1518.72,27548.1298
2025-04-10 19:00:00,1518.72,1532.2,1510.73,1514.67,30478.9053
2025-04-10 20:00:00,1514.6,1533.7,1514.16,1531.28,19005.9513
2025-04-10 21:00:00,1531.28,1533.33,1519.34,1524.9,14623.5186
2025-04-10 22:00:00,1524.9,1532.81,1520.89,1524.85,11752.2428
2025-04-10 23:00:00,1524.84,1528.54,1514.48,1522.25,15909.6719
2025-04-11 00:00:00,1522.24,1529.29,1504.63,1508.4,26067.5758
2025-04-11 01:00:00,1508.4,1548.05,1507.05,1543.13,30767.8738
2025-04-11 02:00:00,1543.14,1550.6,1533.48,1534.57,19092.0629
2025-04-11 03:00:00,1534.57,1546.23,1534.57,1544.61,18130.8544
2025-04-11 04:00:00,1544.61,1558.42,1542.73,1547.49,19229.7172
2025-04-11 05:00:00,1547.49,1553.18,1541.04,1549.19,14613.0621
2025-04-11 06:00:00,1549.19,1562.8,1549.19,1552.64,17267.9764
2025-04-11 07:00:00,1552.65,1558.47,1546.88,1553.04,18073.2862
2025-04-11 08:00:00,1553.05,1572.42,1538.14,1551.55,50201.9481
2025-04-11 09:00:00,1551.55,1570.93,1544.68,1564.0,27238.6956
2025-04-11 10:00:00,1563.99,1585.0,1554.29,1568.39,38493.3251
2025-04-11 11:00:00,1568.39,1575.35,1555.68,1558.79,23248.3807
2025-04-11 12:00:00,1558.8,1575.26,1553.81,1558.2,30243.0152
2025-04-11 13:00:00,1558.15,1581.44,1549.85,1570.61,47293.3871
2025-04-11 14:00:00,1570.61,1570.61,1541.48,1556.47,46340.9817
2025-04-11 15:00:00,1556.47,1570.62,1553.87,1565.44,24878.1505
2025-04-11 16:00:00,1565.44,1573.52,1555.87,1565.78,15568.1088
2025-04-11 17:00:00,1565.78,1591.47,1563.34,1580.11,33953.3238
2025-04-11 18:00:00,1580.11,1582.43,1561.75,1562.27,23023.1746
2025-04-11 19:00:00,1562.27,1572.62,1562.04,1565.79,11299.517
2025-04-11 20:00:00,1565.79,1574.91,1563.02,1571.36,8201.7645
2025-04-11 21:00:00,1571.36,1586.97,1565.49,1573.06,17693.1545
2025-04-11 22:00:00,1573.06,1575.6,1565.69,1566.38,8022.2896
2025-04-11 23:00:00,1566.38,1571.08,1558.7,1566.85,9542.6927
2025-04-12 00:00:00,1566.85,1569.79,1560.89,1562.25,10490.5734
2025-04-12 01:00:00,1562.25,1564.77,1552.48,1554.68,11746.9055
2025-04-12 02:00:00,1554.67,1557.29,1546.06,1547.76,13944.9292
2025-04-12 03:00:00,1547.76,1559.6,1546.85,1554.4,12367.0709
2025-04-12 04:00:00,1554.4,1570.51,1550.5,1567.52,17831.7686
2025-04-12 05:00:00,1567.52,1572.54,1564.72,1568.56,8489.2545
2025-04-12 06:00:00,1568.57,1578.82,1568.57,1573.85,11238.9549
2025-04-12 07:00:00,1573.86,1585.23,1571.44,1582.05,11165.5868
2025-04-12 08:00:00,1582.04,1606.41,1581.0,1591.76,32189.8224
2025-04-12 09:00:00,1591.76,1602.53,1588.69,1597.5,18206.1035
2025-04-12 10:00:00,1597.51,1597.74,1587.8,1592.02,10879.6485
2025-04-12 11:00:00,1592.02,1598.52,1592.02,1594.06,6914.0305
2025-04-12 12:00:00,1594.06,1616.9,1590.7,1607.22,26847.4949
2025-04-12 13:00:00,1607.23,1646.99,1606.07,1638.76,55355.6255
2025-04-12 14:00:00,1638.75,1669.59,1635.48,1653.85,70836.7139
2025-04-12 15:00:00,1653.84,1667.26,1648.19,1655.87,31858.7022
2025-04-12 16:00:00,1655.88,1662.33,1637.4,1643.72,32988.522
2025-04-12 17:00:00,1643.72,1647.15,1628.24,1633.82,31276.5954
2025-04-12 18:00:00,1633.82,1654.89,1633.34,1650.66,18947.3243
2025-04-12 19:00:00,1650.67,1651.46,1634.85,1642.63,13433.0303
2025-04-12 20:00:00,1642.64,1659.93,1641.24,1649.24,22692.0805
2025-04-12 21:00:00,1649.24,1654.94,1645.57,1647.35,13088.6442
2025-04-12 22:00:00,1647.35,1656.34,1647.34,1649.85,9814.4367
2025-04-12 23:00:00,1649.85,1652.0,1642.95,1644.18,9264.0847
2025-04-13 00:00:00,1644.19,1649.49,1634.77,1642.1,13731.7489
2025-04-13 01:00:00,1642.09,1649.75,1609.09,1617.11,24993.8303
2025-04-13 02:00:00,1617.11,1628.44,1606.55,1625.4,24604.6817
2025-04-13 03:00:00,1625.41,1629.23,1621.61,1624.53,12047.0173
2025-04-13 04:00:00,1624.52,1624.66,1602.71,1609.0,21497.8109
2025-04-13 05:00:00,1608.99,1613.52,1597.47,1609.28,18123.4223
2025-04-13 06:00:00,1609.29,1623.32,1607.89,1616.99,9954.2754
2025-04-13 07:00:00,1616.99,1621.41,1610.96,1613.5,7664.784
2025-04-13 08:00:00,1613.51,1621.94,1608.8,1620.6,9737.6111
2025-04-13 09:00:00,1620.6,1627.81,1617.04,1627.14,10629.195
2025-04-13 10:00:00,1627.15,1628.2,1612.06,1617.92,15551.477
2025-04-13 11:00:00,1617.92,1618.86,1592.58,1604.28,36618.7234
2025-04-13 12:00:00,1604.29,1609.3,1599.93,1603.04,18631.8549
2025-04-13 13:00:00,1603.04,1607.8,1566.11,1574.26,41048.1573
2025-04-13 14:00:00,1574.27,1589.4,1568.37,1586.01,32098.669
2025-04-13 15:00:00,1586.01,1588.61,1579.73,1586.62,15529.9185
2025-04-13 16:00:00,1586.61,1602.45,1586.38,1595.69,23560.7006
2025-04-13 17:00:00,1595.7,1649.04,1594.25,1636.77,60020.6437
2025-04-13 18:00:00,1636.77,1647.18,1626.22,1629.96,24631.7614
2025-04-13 19:00:00,1629.97,1630.16,1562.01,1590.25,65289.8421
2025-04-13 20:00:00,1590.25,1617.08,1584.14,1590.76,36994.7641
2025-04-13 21:00:00,1590.76,1603.0,1572.24,1593.84,30282.5616
2025-04-13 22:00:00,1593.83,1599.9,1583.68,1586.17,15840.3287
2025-04-13 23:00:00,1586.18,1600.26,1581.78,1597.76,11052.8353
2025-04-14 00:00:00,1597.76,1633.98,1595.56,1611.85,37744.6452
2025-04-14 01:00:00,1611.85,1622.58,1609.09,1617.34,13380.2713
2025-04-14 02:00:00,1617.34,1660.32,1614.43,1635.44,54996.7326
2025-04-14 03:00:00,1635.44,1637.68,1625.85,1629.59,20711.7097
2025-04-14 04:00:00,1629.6,1642.19,1627.67,1636.52,16817.9083
2025-04-14 05:00:00,1636.53,1640.16,1620.65,1624.38,18804.0505
2025-04-14 06:00:00,1624.38,1628.04,1614.56,1623.77,15259.5954
2025-04-14 07:00:00,1623.76,1636.4,1612.63,1635.57,18010.9207
2025-04-14 08:00:00,1635.58,1642.12,1629.34,1638.28,13917.141
2025-04-14 09:00:00,1638.27,1645.24,1631.24,1641.34,15176.7137
2025-04-14 10:00:00,1641.34,1684.9,1639.09,1678.83,59770.4854
2025-04-14 11:00:00,1678.84,1691.5,1671.57,1675.32,51617.2419
2025-04-14 12:00:00,1675.32,1678.23,1666.0,1677.73,20302.7561
2025-04-14 13:00:00,1677.73,1680.61,1648.17,1658.38,36620.6612
2025-04-14 14:00:00,1658.39,1689.59,1655.06,1673.4,32598.7217
2025-04-14 15:00:00,1673.4,1675.0,1619.34,1627.93,67775.6069
2025-04-14 16:00:00,1627.94,1636.79,1615.0,1627.96,37425.523
2025-04-14 17:00:00,1627.95,1649.52,1627.08,1648.11,34351.2676
2025-04-14 18:00:00,1648.12,1651.51,1635.21,1640.45,17998.5746
2025-04-14 19:00:00,1640.45,1647.37,1631.49,1636.58,15263.9777
2025-04-14 20:00:00,1636.58,1638.18,1626.72,1635.18,9825.9329
2025-04-14 21:00:00,1635.19,1635.62,1606.01,1624.63,17034.8349
2025-04-14 22:00:00,1624.64,1625.12,1614.33,1621.05,10090.2154
2025-04-14 23:00:00,1621.06,1629.35,1618.3,1623.77,10434.6542
2025-04-15 00:00:00,1623.78,1634.38,1614.8,1631.09,16889.1951
2025-04-15 01:00:00,1631.09,1637.88,1615.65,1634.3,17936.8803
2025-04-15 02:00:00,1634.3,1637.99,1617.1,1631.72,15645.435
2025-04-15 03:00:00,1631.72,1643.7,1627.51,1637.89,16121.932
2025-04-15 04:00:00,1637.9,1641.39,1632.06,1639.25,10521.3169
2025-04-15 05:00:00,1639.24,1648.47,1639.0,1639.03,18842.9663
2025-04-15 06:00:00,1639.02,1643.09,1633.94,1636.75,10781.8166
2025-04-15 07:00:00,1636.74,1647.03,1636.4,1644.84,9626.7018
2025-04-15 08:00:00,1644.83,1647.45,1638.8,1641.07,12965.5215
2025-04-15 09:00:00,1641.06,1651.96,1634.91,1648.59,18019.1677
2025-04-15 10:00:00,1648.59,1651.46,1626.29,1633.11,24005.8439
2025-04-15 11:00:00,1633.11,1633.36,1622.47,1632.05,16983.6226
2025-04-15 12:00:00,1632.06,1642.9,1629.06,1641.94,15348.4079
2025-04-15 13:00:00,1641.94,1661.21,1620.5,1629.0,62847.1534
2025-04-15 14:00:00,1629.01,1637.2,1601.36,1620.57,68186.2912
2025-04-15 15:00:00,1620.57,1631.4,1612.01,1621.02,21421.966
2025-04-15 16:00:00,1621.01,1627.99,1619.0,1622.56,11936.7438
2025-04-15 17:00:00,1622.57,1626.92,1612.96,1616.03,15356.7422
2025-04-15 18:00:00,1616.04,1619.04,1604.34,1610.49,19021.7588
2025-04-15 19:00:00,1610.48,1613.12,1597.17,1606.96,18561.3152
2025-04-15 20:00:00,1606.95,1614.78,1586.35,1594.94,19728.2371
2025-04-15 21:00:00,1594.94,1605.91,1589.8,1603.65,10600.0953
2025-04-15 22:00:00,1603.64,1603.8,1583.12,1590.89,12769.9427
2025-04-15 23:00:00,1590.88,1597.68,1585.42,1588.78,12059.8382
2025-04-16 00:00:00,1588.77,1595.08,1576.5,1581.1,20395.6199
2025-04-16 01:00:00,1581.1,1600.8,1578.83,1596.69,14257.4116
2025-04-16 02:00:00,1596.69,1604.4,1593.0,1598.59,11044.005
2025-04-16 03:00:00,1598.6,1601.0,1589.04,1591.04,8028.2243
2025-04-16 04:00:00,1591.04,1593.66,1577.0,1587.25,17218.8889
2025-04-16 05:00:00,1587.25,1592.93,1551.18,1569.36,51562.8945
2025-04-16 06:00:00,1569.35,1579.99,1566.6,1576.48,16328.5973
2025-04-16 07:00:00,1576.48,1579.15,1563.0,1564.28,12902.4428
2025-04-16 08:00:00,1564.28,1583.48,1556.7,1575.49,25362.7748
2025-04-16 09:00:00,1575.49,1579.64,1567.54,1568.28,12454.5239
2025-04-16 10:00:00,1568.28,1584.26,1567.7,1581.62,12215.5002
2025-04-16 11:00:00,1581.63,1586.1,1576.24,1584.17,11103.1602
2025-04-16 12:00:00,1584.18,1588.6,1575.18,1577.34,15202.901
2025-04-16 13:00:00,1577.35,1582.06,1566.28,1567.62,28519.5387
2025-04-16 14:00:00,1567.61,1599.32,1567.17,1591.0,44613.9958
2025-04-16 15:00:00,1591.0,1613.66,1585.26,1590.69,39601.9994
2025-04-16 16:00:00,1590.7,1597.19,1576.13,1592.66,21231.1211
2025-04-16 17:00:00,1592.66,1612.83,1538.07,1545.7,92373.2671
2025-04-16 18:00:00,1545.71,1580.25,1543.19,1566.5,53253.429
2025-04-16 19:00:00,1566.49,1595.45,1552.36,1588.6,41673.0146
2025-04-16 20:00:00,1588.61,1594.18,1570.0,1573.63,17199.7616
2025-04-16 21:00:00,1573.62,1598.15,1571.54,1592.03,20905.7545
2025-04-16 22:00:00,1592.04,1592.9,1583.8,1587.72,11389.3154
2025-04-16 23:00:00,1587.72,1588.53,1572.67,1577.14,12549.727
2025-04-17 00:00:00,1577.15,1586.82,1574.69,1585.2,15354.1405
2025-04-17 01:00:00,1585.19,1593.84,1582.76,1589.3,14396.747
2025-04-17 02:00:00,1589.31,1593.24,1582.0,1591.93,14285.6358
2025-04-17 03:00:00,1591.93,1595.57,1577.47,1584.91,15875.0114
2025-04-17 04:00:00,1584.91,1592.56,1580.99,1591.29,11278.5838
2025-04-17 05:00:00,1591.29,1603.69,1589.84,1598.99,19649.8241
2025-04-17 06:00:00,1598.98,1609.45,1597.38,1602.1,17944.2278
2025-04-17 07:00:00,1602.11,1610.53,1599.58,1601.6,16771.1287
2025-04-17 08:00:00,1601.6,1604.23,1594.1,1595.38,12576.2231
2025-04-17 09:00:00,1595.37,1597.56,1591.43,1595.43,13367.8032
2025-04-17 10:00:00,1595.43,1597.19,1588.65,1593.56,9634.5336
2025-04-17 11:00:00,1593.59,1598.74,1589.08,1593.27,8662.3952
2025-04-17 12:00:00,1593.27,1603.19,1593.05,1601.7,14494.085
2025-04-17 13:00:00,1601.71,1601.77,1589.25,1593.78,18405.688
2025-04-17 14:00:00,1593.77,1594.55,1563.2,1569.91,35914.7149
2025-04-17 15:00:00,1569.91,1587.68,1569.9,1583.17,24396.5394
2025-04-17 16:00:00,1583.17,1616.96,1577.68,1605.38,66436.2837
2025-04-17 17:00:00,1605.38,1616.45,1600.54,1610.04,24401.379
2025-04-17 18:00:00,1610.04,1615.7,1600.7,1600.82,22925.2341
2025-04-17 19:00:00,1600.82,1603.8,1577.02,1581.45,33579.6656
2025-04-17 20:00:00,1581.44,1590.77,1580.32,1584.51,14411.4979
2025-04-17 21:00:00,1584.5,1591.84,1582.66,1587.64,7472.8587
2025-04-17 22:00:00,1587.64,1591.75,1579.0,1579.2,8656.2456
2025-04-17 23:00:00,1579.2,1588.59,1579.2,1583.62,8979.9167
2025-04-18 00:00:00,1583.63,1585.13,1577.23,1579.8,10768.6983
2025-04-18 01:00:00,1579.8,1589.19,1578.09,1582.99,10173.8811
2025-04-18 02:00:00,1583.0,1587.42,1578.97,1584.57,11579.3578
2025-04-18 03:00:00,1584.57,1585.39,1579.09,1584.15,6270.4302
2025-04-18 04:00:00,1584.14,1585.1,1578.75,1580.88,8415.9869
2025-04-18 05:00:00,1580.87,1581.5,1573.54,1581.4,14194.4793
2025-04-18 06:00:00,1581.4,1581.9,1575.86,1581.04,8489.1931
2025-04-18 07:00:00,1581.05,1585.19,1577.01,1584.09,9986.9314
2025-04-18 08:00:00,1584.1,1592.82,1583.56,1586.97,10054.2842
2025-04-18 09:00:00,1586.97,1592.0,1584.25,1588.44,7500.5172
2025-04-18 10:00:00,1588.45,1590.0,1583.05,1584.08,6546.1725
2025-04-18 11:00:00,1584.08,1591.0,1582.3,1590.67,6393.1581
2025-04-18 12:00:00,1590.67,1597.2,1587.18,1593.24,11551.2287
2025-04-18 13:00:00,1593.24,1593.73,1587.19,1593.04,7250.567
2025-04-18 14:00:00,1593.04,1596.19,1586.18,1589.21,9615.6703
2025-04-18 15:00:00,1589.2,1589.98,1579.09,1583.17,12274.0375
2025-04-18 16:00:00,1583.17,1587.96,1581.8,1587.4,6052.4789
2025-04-18 17:00:00,1587.4,1593.0,1585.17,1591.86,6633.9682
2025-04-18 18:00:00,1591.85,1595.0,1589.8,1593.56,6719.9139
2025-04-18 19:00:00,1593.56,1595.18,1590.78,1593.31,5767.7813
2025-04-18 20:00:00,1593.31,1594.8,1590.49,1593.47,4871.2631
2025-04-18 21:00:00,1593.46,1600.64,1592.7,1599.75,8149.807
2025-04-18 22:00:00,1599.75,1600.0,1592.17,1592.97,4989.8168
2025-04-18 23:00:00,1592.97,1593.15,1587.01,1588.6,6159.4131
2025-04-19 00:00:00,1588.6,1590.25,1585.01,1586.21,5469.1297
2025-04-19 01:00:00,1586.21,1590.86,1585.8,1590.05,5465.9474
2025-04-19 02:00:00,1590.04,1596.34,1587.7,1592.34,9790.8516
2025-04-19 03:00:00,1592.35,1600.26,1592.21,1597.76,10346.4694
2025-04-19 04:00:00,1597.75,1613.48,1597.0,1603.47,19342.2749
2025-04-19 05:00:00,1603.47,1605.75,1601.08,1602.24,6154.5733
2025-04-19 06:00:00,1602.24,1603.26,1595.33,1596.55,9406.2858
2025-04-19 07:00:00,1596.55,1604.2,1596.54,1600.94,8181.5491
2025-04-19 08:00:00,1600.94,1605.23,1598.5,1602.95,7007.6877
2025-04-19 09:00:00,1602.96,1606.4,1597.66,1598.16,8349.432
2025-04-19 10:00:00,1598.16,1600.83,1594.07,1596.39,8541.8633
2025-04-19 11:00:00,1596.39,1598.9,1594.86,1596.79,6271.2793
2025-04-19 12:00:00,1596.8,1599.2,1595.05,1597.19,4984.9191
2025-04-19 13:00:00,1597.2,1606.4,1595.2,1604.48,11874.882
2025-04-19 14:00:00,1604.47,1608.11,1603.0,1606.18,9369.6314
2025-04-19 15:00:00,1606.17,1612.29,1603.26,1607.28,12812.1907
2025-04-19 16:00:00,1607.28,1611.1,1598.5,1599.78,11310.3128
2025-04-19 17:00:00,1599.78,1631.81,1599.25,1618.84,30063.8217
2025-04-19 18:00:00,1618.83,1623.13,1614.6,1615.19,11017.0472
2025-04-19 19:00:00,1615.19,1618.43,1613.36,1614.79,6346.6061
2025-04-19 20:00:00,1614.8,1617.0,1611.06,1614.01,6243.2359
2025-04-19 21:00:00,1614.01,1622.37,1614.0,1620.77,6132.5453
2025-04-19 22:00:00,1620.76,1621.36,1616.0,1619.41,3475.6927
2025-04-19 23:00:00,1619.42,1620.56,1612.01,1613.27,5138.1615
2025-04-20 00:00:00,1613.26,1615.11,1608.0,1610.11,7664.7612
2025-04-20 01:00:00,1610.11,1619.13,1609.61,1617.91,8159.332
2025-04-20 02:00:00,1617.9,1619.19,1613.5,1615.93,4723.011
2025-04-20 03:00:00,1615.92,1616.88,1609.45,1611.87,6878.0398
2025-04-20 04:00:00,1611.87,1617.65,1611.18,1614.62,5189.5171
2025-04-20 05:00:00,1614.58,1616.2,1609.5,1609.86,6085.4074
2025-04-20 06:00:00,1609.87,1613.17,1602.66,1605.44,9604.9293
2025-04-20 07:00:00,1605.44,1605.44,1586.6,1597.46,26450.6513
2025-04-20 08:00:00,1597.46,1597.61,1586.45,1590.04,12946.3374
2025-04-20 09:00:00,1590.03,1593.22,1588.35,1591.77,12749.0866
2025-04-20 10:00:00,1591.76,1592.69,1569.0,1574.53,38762.4345
2025-04-20 11:00:00,1574.53,1579.99,1565.59,1572.62,22521.6012
2025-04-20 12:00:00,1572.61,1579.79,1571.3,1576.12,9805.8625
2025-04-20 13:00:00,1576.13,1581.4,1571.12,1577.51,13818.807
2025-04-20 14:00:00,1577.5,1584.04,1576.6,1580.23,9082.7003
2025-04-20 15:00:00,1580.22,1580.86,1571.1,1573.5,9097.2387
2025-04-20 16:00:00,1573.51,1582.5,1571.49,1581.5,9889.8316
2025-04-20 17:00:00,1581.49,1581.85,1575.74,1579.72,5703.1627
2025-04-20 18:00:00,1579.72,1582.03,1578.24,1581.42,6077.2987
2025-04-20 19:00:00,1581.41,1587.97,1579.04,1586.17,6519.0206
2025-04-20 20:00:00,1586.19,1600.75,1585.12,1589.88,17248.6433
2025-04-20 21:00:00,1589.88,1591.08,1583.62,1589.0,8339.5213
2025-04-20 22:00:00,1588.99,1589.2,1574.68,1582.16,10844.994
2025-04-20 23:00:00,1582.16,1587.96,1582.16,1587.36,7890.0411
2025-04-21 00:00:00,1587.36,1620.49,1586.18,1610.09,44169.0729
2025-04-21 01:00:00,1610.1,1629.85,1608.01,1628.64,35128.4759
2025-04-21 02:00:00,1628.64,1645.45,1625.01,1632.66,49113.0504
2025-04-21 03:00:00,1632.66,1642.92,1632.01,1634.54,32198.2725
2025-04-21 04:00:00,1634.55,1641.3,1631.3,1640.08,21224.3167
2025-04-21 05:00:00,1640.09,1656.79,1637.43,1648.21,45269.9396
2025-04-21 06:00:00,1648.21,1658.75,1644.56,1647.91,31580.3029
2025-04-21 07:00:00,1647.9,1650.38,1641.5,1645.92,16601.328
2025-04-21 08:00:00,1645.92,1649.45,1643.76,1649.16,10281.0228
2025-04-21 09:00:00,1649.15,1655.0,1639.47,1642.58,19708.1387
2025-04-21 10:00:00,1642.58,1643.42,1628.29,1635.7,26561.3721
2025-04-21 11:00:00,1635.7,1636.17,1617.85,1626.34,21044.9041
2025-04-21 12:00:00,1626.34,1631.69,1623.58,1623.71,12302.2199
2025-04-21 13:00:00,1623.7,1630.5,1611.51,1611.88,24595.6237
2025-04-21 14:00:00,1611.87,1641.82,1608.6,1634.16,50137.0847
2025-04-21 15:00:00,1634.15,1635.16,1618.65,1623.3,23384.7005
2025-04-21 16:00:00,1623.3,1626.09,1587.18,1589.6,36905.0876
2025-04-21 17:00:00,1589.6,1590.25,1571.37,1578.42,64646.0353
2025-04-21 18:00:00,1578.43,1579.22,1567.28,1567.73,26477.9077
2025-04-21 19:00:00,1567.73,1581.1,1564.07,1573.7,47806.5291
2025-04-21 20:00:00,1573.7,1578.06,1571.35,1577.77,16746.8864
2025-04-21 21:00:00,1577.77,1580.16,1572.33,1578.52,9410.1189
2025-04-21 22:00:00,1578.51,1578.9,1571.51,1577.85,12359.5363
2025-04-21 23:00:00,1577.85,1580.75,1572.11,1579.57,13834.74
2025-04-22 00:00:00,1579.57,1580.8,1537.26,1568.93,61120.5396
2025-04-22 01:00:00,1568.92,1589.03,1565.0,1587.53,36183.7982
2025-04-22 02:00:00,1587.52,1593.73,1567.04,1577.09,30387.9568
2025-04-22 03:00:00,1577.08,1580.79,1571.21,1579.22,16956.8666
2025-04-22 04:00:00,1579.22,1586.9,1577.62,1577.97,14200.0073
2025-04-22 05:00:00,1577.96,1584.28,1574.0,1583.71,16556.5784
2025-04-22 06:00:00,1583.72,1585.56,1574.9,1583.74,13707.753
2025-04-22 07:00:00,1583.75,1624.0,1582.64,1619.21,74667.5477
2025-04-22 08:00:00,1619.2,1634.49,1618.7,1627.75,46906.2779
2025-04-22 09:00:00,1627.75,1633.37,1621.74,1625.36,24010.0708
2025-04-22 10:00:00,1625.36,1630.0,1613.01,1628.46,24340.7515
2025-04-22 11:00:00,1628.46,1638.16,1625.78,1631.03,22923.8269
2025-04-22 12:00:00,1631.03,1640.0,1627.48,1634.92,23776.8157
2025-04-22 13:00:00,1634.92,1653.79,1626.85,1642.98,68132.5755
2025-04-22 14:00:00,1642.98,1680.0,1638.02,1675.0,120370.7854
2025-04-22 15:00:00,1674.99,1725.81,1674.11,1703.01,177880.6917
2025-04-22 16:00:00,1703.0,1710.66,1686.4,1691.72,36920.0623
2025-04-22 17:00:00,1691.71,1702.99,1683.08,1700.42,43852.3269
2025-04-22 18:00:00,1700.43,1707.4,1695.71,1703.79,15986.6113
2025-04-22 19:00:00,1703.78,1705.39,1683.66,1698.22,20258.3817
2025-04-22 20:00:00,1698.22,1701.99,1691.68,1695.32,19661.7569
2025-04-22 21:00:00,1695.31,1778.0,1694.17,1754.25,100811.2047
2025-04-22 22:00:00,1754.2,1761.53,1738.5,1745.7,47437.0639
2025-04-22 23:00:00,1745.7,1764.35,1745.0,1756.26,45986.7079
2025-04-23 00:00:00,1756.25,1763.45,1744.95,1751.27,28919.7809
2025-04-23 01:00:00,1751.28,1788.0,1747.3,1762.28,66713.0514
2025-04-23 02:00:00,1762.28,1807.56,1761.41,1792.21,71533.1078
2025-04-23 03:00:00,1792.21,1797.41,1780.0,1795.49,26097.6781
2025-04-23 04:00:00,1795.49,1818.18,1782.0,1817.01,35357.1849
2025-04-23 05:00:00,1817.0,1817.0,1794.4,1797.41,52695.3959
2025-04-23 06:00:00,1797.4,1802.22,1786.18,1788.84,49182.379
2025-04-23 07:00:00,1788.84,1795.5,1773.93,1792.11,43249.4428
2025-04-23 08:00:00,1792.1,1801.47,1785.93,1791.32,39255.575
2025-04-23 09:00:00,1791.33,1801.78,1785.54,1785.55,24164.9171
2025-04-23 10:00:00,1785.54,1809.14,1779.2,1803.71,28452.3876
2025-04-23 11:00:00,1803.7,1812.2,1792.35,1797.23,27802.6046
2025-04-23 12:00:00,1797.22,1830.0,1795.1,1815.09,48105.9305
2025-04-23 13:00:00,1815.09,1834.86,1782.83,1786.87,99896.7108
2025-04-23 14:00:00,1786.86,1803.3,1781.41,1788.12,47599.6664
2025-04-23 15:00:00,1788.12,1798.15,1761.62,1794.6,76404.5227
2025-04-23 16:00:00,1794.6,1798.21,1781.87,1792.6,29113.4925
2025-04-23 17:00:00,1792.59,1804.13,1787.89,1800.72,21073.4765
2025-04-23 18:00:00,1800.72,1810.0,1794.0,1798.21,16273.2483
2025-04-23 19:00:00,1798.21,1799.09,1774.47,1786.03,21880.216
2025-04-23 20:00:00,1786.03,1799.81,1785.73,1795.59,9461.0242
2025-04-23 21:00:00,1795.59,1798.8,1786.76,1791.58,6248.0764
2025-04-23 22:00:00,1791.59,1805.9,1789.6,1803.42,9487.1889
2025-04-23 23:00:00,1803.42,1806.91,1791.5,1795.07,8578.5733
2025-04-24 00:00:00,1795.08,1798.42,1783.48,1789.89,12883.4854
2025-04-24 01:00:00,1789.9,1797.82,1781.53,1793.99,11161.484
2025-04-24 02:00:00,1794.0,1802.82,1775.5,1779.36,19106.286
2025-04-24 03:00:00,1779.36,1791.0,1766.52,1768.18,25614.9865
2025-04-24 04:00:00,1768.16,1773.47,1758.0,1772.32,25944.8794
2025-04-24 05:00:00,1772.32,1776.34,1766.43,1769.59,10623.0375
2025-04-24 06:00:00,1769.58,1776.0,1762.01,1768.19,12315.6762
2025-04-24 07:00:00,1768.19,1774.62,1751.27,1756.25,27355.6553
2025-04-24 08:00:00,1756.25,1760.7,1722.9,1734.91,64193.0206
2025-04-24 09:00:00,1734.91,1747.2,1734.5,1743.5,19292.247
2025-04-24 10:00:00,1743.5,1751.47,1739.93,1750.17,13226.9506
2025-04-24 11:00:00,1750.17,1757.4,1741.47,1755.1,15252.425
2025-04-24 12:00:00,1755.1,1757.95,1747.4,1757.86,15162.4504
2025-04-24 13:00:00,1757.86,1760.88,1744.4,1753.55,21264.1997
2025-04-24 14:00:00,1753.55,1776.35,1752.85,1765.37,40974.24
2025-04-24 15:00:00,1765.37,1777.77,1762.2,1764.62,29454.3897
2025-04-24 16:00:00,1764.62,1777.5,1763.28,1770.4,23917.3188
2025-04-24 17:00:00,1770.4,1773.78,1746.04,1755.41,31234.5268
2025-04-24 18:00:00,1755.4,1769.2,1755.0,1763.24,12393.7559
2025-04-24 19:00:00,1763.25,1766.79,1756.01,1763.1,8814.9947
2025-04-24 20:00:00,1763.1,1770.0,1761.13,1762.01,9665.8341
2025-04-24 21:00:00,1762.01,1764.19,1749.04,1760.8,10949.0576
2025-04-24 22:00:00,1760.8,1765.0,1755.94,1760.0,11450.4194
2025-04-24 23:00:00,1759.99,1774.84,1758.75,1769.65,11213.7179
2025-04-25 00:00:00,1769.64,1775.44,1763.2,1774.15,11926.0376
2025-04-25 01:00:00,1774.15,1790.5,1765.01,1765.93,27537.8398
2025-04-25 02:00:00,1765.93,1770.87,1738.6,1744.61,34757.9676
2025-04-25 03:00:00,1744.61,1762.14,1740.15,1760.89,17224.9915
2025-04-25 04:00:00,1760.89,1771.8,1758.14,1766.0,11485.2041
2025-04-25 05:00:00,1766.0,1770.99,1763.07,1767.26,8180.4764
2025-04-25 06:00:00,1767.26,1780.46,1765.62,1776.96,14568.7138
2025-04-25 07:00:00,1776.96,1781.88,1770.29,1777.18,22421.1221
2025-04-25 08:00:00,1777.17,1778.8,1772.5,1775.19,15888.4639
2025-04-25 09:00:00,1775.18,1793.29,1764.29,1788.11,30308.2849
2025-04-25 10:00:00,1788.1,1791.79,1769.07,1771.6,27845.7896
2025-04-25 11:00:00,1771.61,1790.49,1771.61,1790.49,20020.0098
2025-04-25 12:00:00,1790.49,1802.7,1770.92,1773.1,43324.8466
2025-04-25 13:00:00,1773.11,1779.43,1757.25,1769.11,36095.961
2025-04-25 14:00:00,1769.1,1813.7,1768.47,1808.34,71504.1276
2025-04-25 15:00:00,1808.34,1827.32,1801.2,1806.48,74586.911
2025-04-25 16:00:00,1806.48,1809.23,1788.11,1801.75,24263.6719
2025-04-25 17:00:00,1801.75,1810.89,1782.4,1785.82,29884.8449
2025-04-25 18:00:00,1785.83,1803.0,1785.83,1796.4,10180.3358
2025-04-25 19:00:00,1796.4,1802.85,1791.5,1802.16,17609.6401
2025-04-25 20:00:00,1802.16,1806.3,1792.16,1798.33,12480.1878
2025-04-25 21:00:00,1798.32,1809.4,1785.4,1789.81,15573.558
2025-04-25 22:00:00,1789.82,1799.54,1788.76,1795.65,5122.8449
2025-04-25 23:00:00,1795.65,1798.8,1783.85,1784.6,12819.0587
2025-04-26 00:00:00,1784.6,1798.68,1784.6,1796.42,23399.4707
2025-04-26 01:00:00,1796.41,1815.81,1791.51,1807.3,15670.8383
2025-04-26 02:00:00,1807.29,1815.53,1801.41,1807.99,25064.7748
2025-04-26 03:00:00,1807.99,1810.11,1792.88,1797.48,15000.6273
2025-04-26 04:00:00,1797.48,1800.59,1790.21,1791.84,8090.1727
2025-04-26 05:00:00,1791.84,1797.88,1789.0,1794.45,6322.5534
2025-04-26 06:00:00,1794.45,1807.07,1794.0,1803.05,8579.7032
2025-04-26 07:00:00,1803.06,1810.88,1800.0,1800.49,12840.6197
2025-04-26 08:00:00,1800.49,1841.16,1798.23,1806.35,53153.9222
2025-04-26 09:00:00,1806.35,1815.67,1792.96,1803.47,24744.7738
2025-04-26 10:00:00,1803.48,1811.07,1801.44,1803.89,10330.0804
2025-04-26 11:00:00,1803.9,1806.39,1778.94,1785.85,27700.9803
2025-04-26 12:00:00,1785.86,1799.28,1784.2,1791.7,14918.4658
2025-04-26 13:00:00,1791.71,1795.5,1780.1,1790.42,14984.6726
2025-04-26 14:00:00,1790.41,1796.7,1785.06,1792.2,10229.948
2025-04-26 15:00:00,1792.2,1804.0,1792.19,1800.2,13038.4886
2025-04-26 16:00:00,1800.2,1804.87,1795.86,1802.94,7168.936
2025-04-26 17:00:00,1802.94,1807.26,1799.3,1804.5,6625.7425
2025-04-26 18:00:00,1804.49,1808.25,1800.82,1802.79,6192.0231
2025-04-26 19:00:00,1802.8,1814.89,1800.92,1813.08,8135.4026
2025-04-26 20:00:00,1813.08,1818.52,1805.51,1805.7,10269.6337
2025-04-26 21:00:00,1805.69,1815.81,1805.69,1812.05,7077.823
2025-04-26 22:00:00,1812.05,1831.09,1812.05,1816.28,17956.6431
2025-04-26 23:00:00,1816.27,1822.98,1814.05,1820.88,7571.7484
2025-04-27 00:00:00,1820.87,1849.5,1820.0,1842.03,33911.0313
2025-04-27 01:00:00,1842.04,1857.47,1801.02,1804.6,63309.4394
2025-04-27 02:00:00,1804.61,1818.1,1801.07,1813.24,14113.3224
2025-04-27 03:00:00,1813.23,1817.5,1805.55,1809.75,14442.8477
2025-04-27 04:00:00,1809.75,1811.6,1797.02,1798.2,15348.8644
2025-04-27 05:00:00,1798.2,1806.67,1790.27,1798.69,15642.4511
2025-04-27 06:00:00,1798.69,1804.28,1797.81,1800.62,9100.3857
2025-04-27 07:00:00,1800.62,1805.4,1797.22,1803.76,5844.1585
2025-04-27 08:00:00,1803.75,1815.52,1801.56,1810.09,12489.6545
2025-04-27 09:00:00,1810.1,1813.34,1805.31,1810.65,6538.6553
2025-04-27 10:00:00,1810.66,1812.94,1806.0,1809.19,5887.0317
2025-04-27 11:00:00,1809.19,1809.91,1803.35,1805.94,7128.0141
2025-04-27 12:00:00,1805.94,1807.49,1794.23,1796.19,14963.0046
2025-04-27 13:00:00,1796.19,1800.38,1781.9,1797.96,23003.5787
2025-04-27 14:00:00,1797.95,1808.1,1793.09,1796.63,17171.9885
2025-04-27 15:00:00,1796.63,1797.82,1789.11,1793.86,10857.0406
2025-04-27 16:00:00,1793.85,1798.19,1787.31,1795.29,12031.9183
2025-04-27 17:00:00,1795.29,1801.89,1792.86,1798.12,7051.84
2025-04-27 18:00:00,1798.12,1808.47,1797.08,1803.39,7934.4751
2025-04-27 19:00:00,1803.4,1808.4,1800.79,1808.01,5844.1454
2025-04-27 20:00:00,1808.01,1808.26,1798.51,1802.5,6631.9989
2025-04-27 21:00:00,1802.51,1807.3,1796.14,1803.0,5146.7824
2025-04-27 22:00:00,1803.0,1803.2,1784.59,1794.6,18511.8933
2025-04-27 23:00:00,1794.59,1796.4,1788.41,1791.29,7428.1216
2025-04-28 00:00:00,1791.29,1793.83,1768.0,1773.59,44175.2903
2025-04-28 01:00:00,1773.59,1778.69,1752.18,1763.89,37949.9495
2025-04-28 02:00:00,1763.89,1774.13,1761.81,1772.99,16802.5399
2025-04-28 03:00:00,1772.99,1787.1,1769.81,1784.23,11413.8811
2025-04-28 04:00:00,1784.23,1794.14,1784.23,1787.76,11060.2733
2025-04-28 05:00:00,1787.75,1802.88,1786.2,1795.8,18918.5225
2025-04-28 06:00:00,1795.8,1806.31,1795.62,1804.69,15568.387
2025-04-28 07:00:00,1804.68,1812.08,1800.4,1804.79,17524.7753
2025-04-28 08:00:00,1804.8,1810.4,1801.48,1809.39,12486.9681
2025-04-28 09:00:00,1809.4,1815.88,1804.48,1805.76,13790.5688
2025-04-28 10:00:00,1805.76,1824.0,1788.3,1815.39,46627.3895
2025-04-28 11:00:00,1815.4,1827.98,1810.41,1816.2,22839.6302
2025-04-28 12:00:00,1816.2,1816.97,1804.87,1806.87,28717.624
2025-04-28 13:00:00,1806.87,1810.6,1782.19,1784.22,40042.0464
2025-04-28 14:00:00,1784.21,1799.0,1780.0,1781.92,25868.6299
2025-04-28 15:00:00,1781.93,1785.4,1753.0,1763.28,48908.4342
2025-04-28 16:00:00,1763.27,1768.64,1744.71,1757.99,39278.378
2025-04-28 17:00:00,1757.99,1774.74,1754.7,1770.86,19204.1763
2025-04-28 18:00:00,1770.86,1781.69,1764.61,1778.2,16978.99
2025-04-28 19:00:00,1778.21,1804.79,1777.63,1797.17,43611.7744
2025-04-28 20:00:00,1797.17,1798.95,1783.4,1785.83,14808.3889
2025-04-28 21:00:00,1785.83,1794.47,1781.16,1793.45,8259.6458
2025-04-28 22:00:00,1793.46,1805.8,1791.6,1801.88,17117.1055
2025-04-28 23:00:00,1801.88,1807.0,1795.11,1799.88,15316.3741
2025-04-29 00:00:00,1799.88,1805.88,1793.71,1802.08,13288.0216
2025-04-29 01:00:00,1802.09,1811.56,1792.63,1796.5,21206.8494
2025-04-29 02:00:00,1796.51,1801.85,1787.89,1794.63,15275.4008
2025-04-29 03:00:00,1794.66,1805.24,1792.27,1802.08,10762.9045
2025-04-29 04:00:00,1802.07,1804.86,1789.19,1792.38,11418.4711
2025-04-29 05:00:00,1792.39,1796.6,1788.16,1794.89,10248.0919
2025-04-29 06:00:00,1794.89,1822.21,1794.2,1821.13,35543.7727
2025-04-29 07:00:00,1821.14,1824.94,1816.47,1821.71,20138.1049
2025-04-29 08:00:00,1821.71,1835.95,1816.92,1832.5,31266.0013
2025-04-29 09:00:00,1832.51,1835.2,1824.47,1831.85,22357.3796
2025-04-29 10:00:00,1831.85,1842.99,1823.04,1825.71,31068.4523
2025-04-29 11:00:00,1825.7,1838.57,1824.97,1829.77,19542.3978
2025-04-29 12:00:00,1829.76,1833.42,1821.03,1821.8,15446.4226
2025-04-29 13:00:00,1821.8,1824.98,1802.02,1814.64,41462.4638
2025-04-29 14:00:00,1814.64,1826.32,1809.57,1823.51,30582.9137
2025-04-29 15:00:00,1823.51,1825.4,1812.19,1814.99,13100.1969
2025-04-29 16:00:00,1814.99,1832.49,1813.74,1816.23,21593.7473
2025-04-29 17:00:00,1816.23,1829.84,1807.48,1825.19,19364.8866
2025-04-29 18:00:00,1825.19,1828.9,1820.9,1825.58,12696.705
2025-04-29 19:00:00,1825.57,1828.68,1819.0,1821.65,10443.775
2025-04-29 20:00:00,1821.66,1825.69,1807.23,1808.68,12267.9086
2025-04-29 21:00:00,1808.68,1811.44,1789.85,1800.57,24600.8178
2025-04-29 22:00:00,1800.56,1800.56,1790.2,1792.69,12150.5303
2025-04-29 23:00:00,1792.69,1799.91,1780.47,1797.81,24630.1729
2025-04-30 00:00:00,1797.81,1813.09,1794.7,1805.61,15446.3568
2025-04-30 01:00:00,1805.6,1806.65,1788.9,1797.62,11037.4993
2025-04-30 02:00:00,1797.62,1806.14,1793.6,1802.99,8637.7898
2025-04-30 03:00:00,1802.99,1812.6,1798.45,1808.91,12401.5159
2025-04-30 04:00:00,1808.92,1813.0,1805.28,1811.91,10832.0871
2025-04-30 05:00:00,1811.9,1812.34,1801.4,1806.11,9742.5504
2025-04-30 06:00:00,1806.12,1808.83,1802.83,1803.24,6117.8712
2025-04-30 07:00:00,1803.24,1807.68,1791.1,1796.37,12115.4263
2025-04-30 08:00:00,1796.37,1802.13,1792.8,1795.24,11807.6378
2025-04-30 09:00:00,1795.24,1808.3,1795.0,1806.56,10415.2371
2025-04-30 10:00:00,1806.57,1810.8,1803.84,1807.53,9413.7609
2025-04-30 11:00:00,1807.54,1816.8,1807.54,1815.7,11736.4513
2025-04-30 12:00:00,1815.69,1816.4,1767.32,1775.46,53253.6258
2025-04-30 13:00:00,1775.46,1776.33,1735.2,1740.85,74123.1297
2025-04-30 14:00:00,1740.84,1773.0,1731.7,1759.27,63772.4296
2025-04-30 15:00:00,1759.27,1771.92,1757.57,1764.74,23862.3986
2025-04-30 16:00:00,1764.73,1771.15,1756.07,1767.99,15747.7174
2025-04-30 17:00:00,1767.99,1779.59,1761.8,1775.53,14162.5151
2025-04-30 18:00:00,1775.53,1789.6,1773.01,1782.48,24564.7062
2025-04-30 19:00:00,1782.49,1792.97,1775.92,1786.69,13303.3257
2025-04-30 20:00:00,1786.7,1809.72,1784.61,1794.01,31746.315
2025-04-30 21:00:00,1794.0,1800.7,1790.67,1792.52,10686.5924
2025-04-30 22:00:00,1792.52,1799.52,1789.24,1795.39,11421.1998
2025-04-30 23:00:00,1795.4,1799.5,1792.21,1793.61,7175.8485
2025-05-01 00:00:00,1793.62,1799.0,1792.52,1797.75,7155.8047
2025-05-01 01:00:00,1797.76,1810.55,1797.76,1809.91,14529.9268
2025-05-01 02:00:00,1809.92,1819.0,1805.3,1807.56,22553.0252
2025-05-01 03:00:00,1807.57,1814.19,1805.37,1807.99,10117.9132
2025-05-01 04:00:00,1807.99,1810.38,1804.0,1809.0,7083.2513
2025-05-01 05:00:00,1809.0,1816.9,1805.61,1813.65,11123.4469
2025-05-01 06:00:00,1813.64,1815.19,1805.14,1806.54,7165.9252
2025-05-01 07:00:00,1806.54,1814.77,1802.14,1810.6,9403.1368
2025-05-01 08:00:00,1810.59,1820.09,1808.8,1817.83,15753.105
2025-05-01 09:00:00,1817.83,1824.52,1814.93,1817.53,18109.927
2025-05-01 10:00:00,1817.53,1851.0,1817.52,1847.61,60681.5637
2025-05-01 11:00:00,1847.6,1859.23,1838.2,1845.58,42006.6804
2025-05-01 12:00:00,1845.58,1855.07,1841.92,1849.29,27600.0637
2025-05-01 13:00:00,1849.28,1851.69,1825.2,1826.83,54901.2164
2025-05-01 14:00:00,1826.84,1850.0,1826.84,1848.59,38928.6114
2025-05-01 15:00:00,1848.59,1873.17,1844.65,1852.99,85379.8847
2025-05-01 16:00:00,1853.0,1870.25,1852.22,1859.7,22021.6305
2025-05-01 17:00:00,1859.7,1864.88,1846.41,1856.11,18272.1528
2025-05-01 18:00:00,1856.11,1858.4,1847.75,1856.0,15835.4412
2025-05-01 19:00:00,1855.99,1856.09,1838.49,1842.82,15174.2933
2025-05-01 20:00:00,1842.89,1851.01,1836.94,1839.41,14097.365
2025-05-01 21:00:00,1839.4,1849.31,1839.4,1843.79,6839.4594
2025-05-01 22:00:00,1843.8,1846.05,1837.6,1838.71,5904.1691
2025-05-01 23:00:00,1838.71,1840.94,1833.5,1838.11,6560.7354
2025-05-02 00:00:00,1838.1,1850.61,1835.1,1847.75,10975.9269
2025-05-02 01:00:00,1847.75,1851.3,1839.0,1842.72,10982.0317
2025-05-02 02:00:00,1842.71,1849.75,1839.2,1846.8,7337.3773
2025-05-02 03:00:00,1846.81,1850.77,1843.8,1847.74,7143.2187
2025-05-02 04:00:00,1847.74,1851.79,1839.4,1841.49,11583.4798
2025-05-02 05:00:00,1841.5,1844.2,1828.96,1832.1,20150.662
2025-05-02 06:00:00,1832.1,1837.4,1828.48,1832.23,16923.6916
2025-05-02 07:00:00,1832.24,1832.24,1816.22,1816.32,28542.2203
2025-05-02 08:00:00,1816.33,1826.59,1813.0,1823.69,22376.3612
2025-05-02 09:00:00,1823.7,1827.3,1820.44,1820.68,10770.9761
2025-05-02 10:00:00,1820.68,1835.18,1820.68,1829.28,19467.5016
2025-05-02 11:00:00,1829.29,1835.53,1829.28,1833.39,11591.0646
2025-05-02 12:00:00,1833.39,1844.73,1823.34,1841.23,35038.5575
2025-05-02 13:00:00,1841.22,1842.53,1829.25,1833.82,22055.7387
2025-05-02 14:00:00,1833.82,1851.87,1833.82,1848.9,36068.8917
2025-05-02 15:00:00,1848.91,1854.5,1832.27,1841.12,22557.6598
2025-05-02 16:00:00,1841.11,1871.0,1841.11,1852.51,47047.9849
2025-05-02 17:00:00,1852.51,1853.5,1841.7,1852.35,15248.7294
2025-05-02 18:00:00,1852.36,1855.63,1845.1,1849.02,9396.1137
2025-05-02 19:00:00,1849.01,1850.85,1831.7,1839.68,14707.6115
2025-05-02 20:00:00,1839.68,1848.5,1835.65,1846.81,8167.1132
2025-05-02 21:00:00,1846.81,1846.81,1833.1,1837.54,8397.3104
2025-05-02 22:00:00,1837.54,1839.97,1832.49,1835.2,7737.4776
2025-05-02 23:00:00,1835.2,1842.72,1834.48,1842.2,6400.1748
2025-05-03 00:00:00,1842.2,1843.05,1836.2,1838.7,5360.3449
2025-05-03 01:00:00,1838.69,1840.5,1826.58,1829.0,10615.558
2025-05-03 02:00:00,1829.0,1835.74,1828.73,1833.89,7846.7596
2025-05-03 03:00:00,1833.9,1837.99,1831.2,1834.8,4783.0833
2025-05-03 04:00:00,1834.8,1839.3,1833.8,1838.0,5000.678
2025-05-03 05:00:00,1838.0,1838.5,1833.0,1833.19,3554.8805
2025-05-03 06:00:00,1833.18,1833.42,1824.6,1827.28,11042.9715
2025-05-03 07:00:00,1827.28,1829.89,1825.0,1826.41,6601.6865
2025-05-03 08:00:00,1826.41,1830.0,1822.32,1825.3,9124.9018
2025-05-03 09:00:00,1825.31,1828.41,1819.26,1827.4,10881.2393
2025-05-03 10:00:00,1827.4,1830.51,1817.63,1819.45,10716.467
2025-05-03 11:00:00,1819.44,1826.37,1818.74,1824.1,8157.7529
2025-05-03 12:00:00,1824.1,1832.78,1823.74,1829.59,8992.8253
2025-05-03 13:00:00,1829.59,1836.9,1829.08,1835.2,9214.2842
2025-05-03 14:00:00,1835.19,1837.41,1831.59,1835.2,8904.7194
2025-05-03 15:00:00,1835.2,1840.12,1833.14,1834.53,8295.0092
2025-05-03 16:00:00,1834.53,1835.29,1823.42,1827.11,9057.7369
2025-05-03 17:00:00,1827.11,1827.56,1810.0,1824.0,22154.1126
2025-05-03 18:00:00,1824.0,1830.95,1822.61,1825.93,8347.5701
2025-05-03 19:00:00,1825.92,1839.2,1824.61,1838.21,8091.0385
2025-05-03 20:00:00,1838.21,1839.67,1834.65,1838.68,5463.1561
2025-05-03 21:00:00,1838.68,1848.6,1836.23,1841.1,11827.7042
2025-05-03 22:00:00,1841.1,1845.54,1835.78,1842.84,7970.7762
2025-05-03 23:00:00,1842.84,1843.37,1828.4,1833.52,11746.3419
2025-05-04 00:00:00,1833.52,1842.0,1830.0,1836.6,10037.8724
2025-05-04 01:00:00,1836.59,1841.08,1829.31,1837.54,9602.1704
2025-05-04 02:00:00,1837.53,1849.6,1830.22,1834.15,11161.357
2025-05-04 03:00:00,1834.15,1836.45,1826.44,1831.89,6607.9896
2025-05-04 04:00:00,1831.89,1837.29,1829.66,1830.63,4712.6564
2025-05-04 05:00:00,1830.63,1849.95,1830.2,1845.74,15534.0537
2025-05-04 06:00:00,1845.73,1849.2,1839.5,1845.49,11015.1694
2025-05-04 07:00:00,1845.5,1846.59,1836.31,1840.98,8031.4109
2025-05-04 08:00:00,1840.98,1841.34,1829.74,1831.05,10478.0577
2025-05-04 09:00:00,1831.05,1832.5,1823.26,1827.59,13834.6531
2025-05-04 10:00:00,1827.6,1829.4,1822.0,1827.36,7986.6184
2025-05-04 11:00:00,1827.36,1836.23,1825.64,1827.6,9350.2123
2025-05-04 12:00:00,1827.61,1833.99,1827.04,1830.18,7309.3971
2025-05-04 13:00:00,1830.19,1833.12,1818.57,1825.12,11524.3351
2025-05-04 14:00:00,1825.11,1832.4,1824.47,1831.21,6669.6211
2025-05-04 15:00:00,1831.21,1833.65,1825.7,1830.8,8640.3674
2025-05-04 16:00:00,1830.81,1833.49,1822.93,1827.93,11277.0418
2025-05-04 17:00:00,1827.93,1831.5,1822.08,1827.85,6747.0071
2025-05-04 18:00:00,1827.85,1830.92,1825.58,1825.85,4454.9206
2025-05-04 19:00:00,1825.85,1831.0,1824.71,1828.4,4254.0937
2025-05-04 20:00:00,1828.4,1842.15,1828.06,1836.17,10357.8408
2025-05-04 21:00:00,1836.16,1837.22,1831.91,1835.41,4145.5486
2025-05-04 22:00:00,1835.4,1835.4,1811.7,1818.02,19106.0932
2025-05-04 23:00:00,1818.01,1819.03,1803.0,1808.86,25415.8686
2025-05-05 00:00:00,1808.86,1818.49,1806.5,1816.07,11876.9894
2025-05-05 01:00:00,1816.07,1817.26,1781.85,1791.82,36755.4852
2025-05-05 02:00:00,1791.81,1802.69,1781.9,1799.41,28067.3768
2025-05-05 03:00:00,1799.4,1800.99,1793.35,1794.51,9315.3528
2025-05-05 04:00:00,1794.5,1805.38,1792.82,1804.91,10653.2862
2025-05-05 05:00:00,1804.9,1818.53,1801.27,1816.51,11050.379
2025-05-05 06:00:00,1816.51,1821.64,1811.97,1820.36,14976.9389
2025-05-05 07:00:00,1820.37,1829.84,1816.74,1826.59,12760.8322
2025-05-05 08:00:00,1826.58,1831.55,1823.6,1828.4,10469.1574
2025-05-05 09:00:00,1828.39,1830.51,1822.57,1823.33,9896.325
2025-05-05 10:00:00,1823.33,1824.0,1798.3,1804.76,24151.9789
2025-05-05 11:00:00,1804.77,1810.84,1799.0,1804.63,13390.1617
2025-05-05 12:00:00,1804.64,1809.4,1799.81,1805.65,12346.4893
2025-05-05 13:00:00,1805.64,1809.27,1794.47,1808.8,19835.3913
2025-05-05 14:00:00,1808.81,1815.63,1799.34,1804.48,18434.2978
2025-05-05 15:00:00,1804.49,1808.3,1795.41,1800.99,12626.4047
2025-05-05 16:00:00,1801.0,1812.2,1800.78,1808.09,11196.0613
2025-05-05 17:00:00,1808.1,1817.66,1805.35,1814.51,9332.9247
2025-05-05 18:00:00,1814.51,1828.5,1812.0,1822.61,11985.98
2025-05-05 19:00:00,1822.6,1826.44,1813.45,1816.44,11028.1342
2025-05-05 20:00:00,1816.44,1816.52,1799.52,1808.97,8544.6295
2025-05-05 21:00:00,1808.97,1819.73,1808.44,1816.75,7106.6844
2025-05-05 22:00:00,1816.75,1833.55,1816.24,1826.09,17163.0446
2025-05-05 23:00:00,1826.09,1830.78,1817.1,1820.19,9376.7025
2025-05-06 00:00:00,1820.19,1820.8,1810.85,1814.19,7431.387
2025-05-06 01:00:00,1814.2,1820.9,1803.36,1804.49,11464.1385
2025-05-06 02:00:00,1804.49,1807.38,1792.49,1803.63,20071.7182
2025-05-06 03:00:00,1803.63,1807.41,1798.0,1806.35,9797.975
2025-05-06 04:00:00,1806.35,1808.82,1803.68,1806.97,5745.5008
2025-05-06 05:00:00,1806.97,1808.01,1797.78,1798.91,6659.7764
2025-05-06 06:00:00,1798.9,1806.39,1798.73,1806.38,4626.4551
2025-05-06 07:00:00,1806.39,1809.26,1801.6,1806.03,7070.8089
2025-05-06 08:00:00,1806.03,1806.1,1788.35,1801.68,15287.9978
2025-05-06 09:00:00,1801.69,1801.8,1792.2,1798.0,8909.0769
2025-05-06 10:00:00,1798.0,1798.0,1782.55,1785.19,14973.2038
2025-05-06 11:00:00,1785.19,1790.6,1757.34,1769.92,40691.3505
2025-05-06 12:00:00,1769.92,1776.91,1766.96,1775.22,20739.2429
2025-05-06 13:00:00,1775.23,1775.89,1752.0,1759.15,29946.9605
2025-05-06 14:00:00,1759.15,1779.68,1759.15,1768.7,19436.2914
2025-05-06 15:00:00,1768.7,1778.85,1760.49,1770.09,15593.3468
2025-05-06 16:00:00,1770.09,1775.2,1762.16,1763.02,13861.8232
2025-05-06 17:00:00,1763.01,1776.45,1762.97,1768.02,13253.8404
2025-05-06 18:00:00,1768.02,1791.24,1766.8,1790.12,12263.7459
2025-05-06 19:00:00,1790.12,1798.8,1784.42,1784.79,20276.2353
2025-05-06 20:00:00,1784.8,1789.1,1768.49,1775.44,13051.9972
2025-05-06 21:00:00,1775.45,1781.0,1765.5,1775.81,8987.3947
2025-05-06 22:00:00,1775.8,1813.23,1775.65,1811.11,37938.0237
2025-05-06 23:00:00,1811.1,1819.41,1802.1,1817.0,26505.9542
2025-05-07 00:00:00,1817.0,1847.77,1814.59,1842.23,54043.4446
2025-05-07 01:00:00,1842.23,1850.0,1828.82,1832.71,34585.3715
2025-05-07 02:00:00,1832.71,1835.17,1821.9,1824.94,22582.6008
2025-05-07 03:00:00,1824.95,1828.49,1817.2,1826.48,14765.9294
2025-05-07 04:00:00,1826.48,1833.41,1824.57,1828.63,11847.2511
2025-05-07 05:00:00,1828.62,1830.55,1825.6,1828.21,6695.4119
2025-05-07 06:00:00,1828.21,1834.38,1826.16,1830.61,9854.3595
2025-05-07 07:00:00,1830.62,1838.43,1830.1,1838.24,9614.0243
2025-05-07 08:00:00,1838.23,1844.2,1834.53,1840.69,15972.0386
2025-05-07 09:00:00,1840.69,1845.33,1837.94,1844.04,10739.0758
2025-05-07 10:00:00,1844.03,1847.05,1830.51,1833.71,22220.1757
2025-05-07 11:00:00,1833.72,1837.11,1831.0,1836.35,7757.4396
2025-05-07 12:00:00,1836.35,1837.1,1826.88,1830.7,13298.0094
2025-05-07 13:00:00,1830.69,1835.81,1821.92,1828.9,30176.8385
2025-05-07 14:00:00,1828.9,1833.32,1816.79,1822.21,19395.0483
2025-05-07 15:00:00,1822.21,1825.6,1814.29,1817.31,15664.287
2025-05-07 16:00:00,1817.32,1818.01,1800.05,1811.77,17284.4744
2025-05-07 17:00:00,1811.77,1813.2,1788.84,1796.25,25498.4948
2025-05-07 18:00:00,1796.25,1816.98,1788.78,1806.43,40814.9723
2025-05-07 19:00:00,1806.44,1808.0,1787.01,1795.82,21713.2866
2025-05-07 20:00:00,1795.83,1801.1,1789.12,1798.18,9470.9408
2025-05-07 21:00:00,1798.18,1809.4,1796.33,1802.73,9655.8312
2025-05-07 22:00:00,1802.73,1821.56,1800.79,1817.12,22259.1635
2025-05-07 23:00:00,1817.11,1825.44,1808.29,1811.11,10261.6009
2025-05-08 00:00:00,1811.11,1828.29,1808.71,1827.13,14803.4633
2025-05-08 01:00:00,1827.12,1837.2,1820.0,1822.9,31640.2196
2025-05-08 02:00:00,1822.91,1847.75,1822.91,1841.56,36910.3797
2025-05-08 03:00:00,1841.56,1906.77,1839.0,1901.1,98950.7684
2025-05-08 04:00:00,1901.09,1916.59,1892.91,1893.81,68340.8939
2025-05-08 05:00:00,1893.81,1905.4,1892.2,1896.77,25052.1551
2025-05-08 06:00:00,1896.77,1912.35,1896.0,1911.29,19560.6078
2025-05-08 07:00:00,1911.29,1943.83,1908.37,1928.4,61124.0211
2025-05-08 08:00:00,1928.4,1947.0,1925.9,1934.98,51449.0671
2025-05-08 09:00:00,1934.98,1942.34,1929.81,1941.1,25534.3733
2025-05-08 10:00:00,1941.1,1968.72,1939.22,1961.01,51575.6717
2025-05-08 11:00:00,1961.0,1961.4,1945.21,1957.63,26720.5236
2025-05-08 12:00:00,1957.64,1977.26,1954.27,1959.7,58123.7983
2025-05-08 13:00:00,1959.7,1984.75,1959.5,1976.3,51901.4737
2025-05-08 14:00:00,1976.3,2010.68,1969.16,1989.51,80620.1601
2025-05-08 15:00:00,1989.51,2075.65,1987.81,2051.3,179264.2801
2025-05-08 16:00:00,2051.3,2066.67,2036.64,2050.59,55860.1956
2025-05-08 17:00:00,2050.59,2057.39,2036.71,2046.2,37284.5378
2025-05-08 18:00:00,2046.21,2074.2,2043.96,2067.74,37106.8895
2025-05-08 19:00:00,2067.73,2140.0,2061.28,2117.83,107963.9798
2025-05-08 20:00:00,2117.83,2199.65,2111.6,2185.0,117833.9444
2025-05-08 21:00:00,2185.01,2226.0,2157.75,2179.85,120163.8383
2025-05-08 22:00:00,2179.86,2196.77,2167.15,2179.47,61855.0172
2025-05-08 23:00:00,2179.46,2208.56,2166.29,2207.39,53512.4266
2025-05-09 00:00:00,2207.39,2215.0,2184.33,2200.91,40900.5589
2025-05-09 01:00:00,2200.91,2244.22,2190.14,2206.8,58619.2806
2025-05-09 02:00:00,2206.79,2217.36,2194.35,2216.59,38986.7061
2025-05-09 03:00:00,2216.59,2245.03,2197.07,2205.06,58585.3067
2025-05-09 04:00:00,2205.06,2222.62,2202.8,2213.9,24456.4591
2025-05-09 05:00:00,2213.9,2219.88,2205.71,2215.05,26830.888
2025-05-09 06:00:00,2215.05,2259.85,2214.41,2256.91,62684.5973
2025-05-09 07:00:00,2256.92,2393.0,2256.07,2364.09,208782.4847
2025-05-09 08:00:00,2364.09,2490.77,2357.59,2412.88,311236.2296
2025-05-09 09:00:00,2412.88,2423.7,2292.12,2341.6,216532.0393
2025-05-09 10:00:00,2341.6,2359.6,2329.02,2348.8,70084.3873
2025-05-09 11:00:00,2348.8,2376.17,2314.84,2351.29,91031.2444
2025-05-09 12:00:00,2351.29,2353.27,2325.75,2339.99,49808.9934
2025-05-09 13:00:00,2339.99,2388.23,2329.04,2370.12,60647.8337
2025-05-09 14:00:00,2370.12,2370.12,2271.5,2305.96,104581.9059
2025-05-09 15:00:00,2305.97,2321.6,2282.24,2301.3,56145.3481
2025-05-09 16:00:00,2301.28,2316.07,2274.33,2298.16,46041.4796
2025-05-09 17:00:00,2298.16,2355.2,2294.84,2350.03,43594.0878
2025-05-09 18:00:00,2350.02,2352.65,2328.27,2340.03,18178.3428
2025-05-09 19:00:00,2340.03,2344.41,2308.78,2331.57,22179.1899
2025-05-09 20:00:00,2331.58,2352.0,2326.5,2340.0,22152.3773
2025-05-09 21:00:00,2339.99,2343.22,2322.65,2337.82,14293.7503
2025-05-09 22:00:00,2337.83,2346.0,2329.02,2334.47,11628.8653
2025-05-09 23:00:00,2334.47,2347.56,2332.8,2345.04,9058.6821
2025-05-10 00:00:00,2345.04,2380.66,2317.0,2326.44,40234.3916
2025-05-10 01:00:00,2326.45,2354.39,2326.0,2335.28,13248.4555
2025-05-10 02:00:00,2335.28,2349.36,2333.0,2342.09,9627.0039
2025-05-10 03:00:00,2342.09,2342.87,2331.71,2339.89,9135.3802
2025-05-10 04:00:00,2339.89,2339.89,2326.66,2337.0,9484.7944
2025-05-10 05:00:00,2337.0,2355.36,2337.0,2353.08,16099.9151
2025-05-10 06:00:00,2353.08,2378.08,2351.15,2367.69,37853.7133
2025-05-10 07:00:00,2367.68,2417.13,2355.01,2400.0,57954.0678
2025-05-10 08:00:00,2400.01,2435.72,2360.0,2382.6,83001.7803
2025-05-10 09:00:00,2382.62,2422.47,2365.58,2401.32,59379.3026
2025-05-10 10:00:00,2401.31,2429.1,2385.0,2396.96,47152.8537
2025-05-10 11:00:00,2396.93,2404.22,2375.24,2384.75,31732.5146
2025-05-10 12:00:00,2384.76,2421.25,2384.76,2408.28,32073.9542
2025-05-10 13:00:00,2408.28,2448.88,2408.28,2437.84,41314.7654
2025-05-10 14:00:00,2437.84,2444.76,2407.0,2435.87,36627.1804
2025-05-10 15:00:00,2435.88,2446.06,2422.63,2433.46,28157.2596
2025-05-10 16:00:00,2433.46,2475.25,2428.93,2461.26,51917.6453
2025-05-10 17:00:00,2461.26,2512.42,2450.01,2461.23,98974.2656
2025-05-10 18:00:00,2461.22,2506.94,2457.29,2495.26,45624.3327
2025-05-10 19:00:00,2495.26,2507.13,2476.67,2499.48,25653.6173
2025-05-10 20:00:00,2499.49,2505.0,2469.1,2491.02,26038.4987
2025-05-10 21:00:00,2491.03,2545.67,2491.03,2533.83,40195.7044
2025-05-10 22:00:00,2533.82,2586.17,2521.05,2577.22,58826.5712
2025-05-10 23:00:00,2577.21,2600.0,2563.68,2583.23,79042.1928
2025-05-11 00:00:00,2583.22,2608.13,2504.27,2544.12,93577.2224
2025-05-11 01:00:00,2544.12,2557.99,2512.5,2532.87,37612.1678
2025-05-11 02:00:00,2532.87,2565.74,2522.88,2543.58,41496.8479
2025-05-11 03:00:00,2543.57,2554.6,2530.46,2537.63,18608.4743
2025-05-11 04:00:00,2537.62,2550.75,2530.52,2545.02,19446.9049
2025-05-11 05:00:00,2545.01,2562.47,2536.74,2554.83,29365.7283
2025-05-11 06:00:00,2554.83,2556.02,2504.41,2521.26,41563.0753
2025-05-11 07:00:00,2521.27,2521.27,2453.92,2473.22,97386.3147
2025-05-11 08:00:00,2473.22,2504.91,2472.2,2481.0,40072.5169
2025-05-11 09:00:00,2481.0,2522.07,2481.0,2515.24,25405.3867
2025-05-11 10:00:00,2515.24,2520.96,2495.45,2510.79,19938.3863
2025-05-11 11:00:00,2510.78,2535.46,2506.53,2530.67,23094.836
2025-05-11 12:00:00,2530.67,2532.09,2510.9,2515.63,19102.7647
2025-05-11 13:00:00,2515.63,2530.0,2465.82,2469.42,56148.3807
2025-05-11 14:00:00,2469.42,2494.15,2468.59,2486.05,27114.2787
2025-05-11 15:00:00,2486.05,2504.7,2435.51,2462.51,50469.9521
2025-05-11 16:00:00,2462.55,2480.75,2440.25,2470.79,40294.0619
2025-05-11 17:00:00,2470.79,2495.75,2466.33,2491.45,24114.8452
2025-05-11 18:00:00,2491.46,2515.0,2472.34,2504.7,34582.3231
2025-05-11 19:00:00,2504.69,2525.4,2502.0,2508.02,24759.2345
2025-05-11 20:00:00,2508.02,2512.61,2492.57,2509.91,16721.3795
2025-05-11 21:00:00,2509.9,2520.0,2497.64,2517.02,15487.8717
2025-05-11 22:00:00,2517.03,2528.52,2483.33,2503.51,22957.8678
2025-05-11 23:00:00,2503.52,2515.56,2498.02,2514.57,12263.5674
2025-05-12 00:00:00,2514.58,2545.73,2510.95,2531.66,33034.2525
2025-05-12 01:00:00,2531.65,2548.85,2490.75,2505.45,34739.4846
2025-05-12 02:00:00,2505.46,2535.53,2502.46,2522.85,23932.5607
2025-05-12 03:00:00,2522.85,2527.19,2510.0,2520.0,16082.7381
2025-05-12 04:00:00,2520.01,2527.5,2507.68,2518.49,15632.9064
2025-05-12 05:00:00,2518.49,2521.4,2492.0,2497.69,18507.2928
2025-05-12 06:00:00,2497.69,2521.61,2486.8,2517.69,20619.2321
2025-05-12 07:00:00,2517.7,2624.0,2517.7,2554.77,189642.7915
2025-05-12 08:00:00,2554.78,2585.83,2531.53,2577.55,62262.9707
2025-05-12 09:00:00,2577.55,2582.64,2547.73,2550.77,34061.8362
2025-05-12 10:00:00,2550.78,2563.86,2540.19,2560.52,27186.1581
2025-05-12 11:00:00,2560.53,2567.5,2522.0,2530.59,30008.4908
2025-05-12 12:00:00,2530.58,2560.25,2529.39,2549.68,33795.2993
2025-05-12 13:00:00,2549.69,2576.29,2543.77,2558.2,58971.7413
2025-05-12 14:00:00,2558.2,2570.14,2488.81,2505.94,110660.8899
2025-05-12 15:00:00,2505.94,2515.38,2478.0,2486.92,75066.8261
2025-05-12 16:00:00,2486.91,2508.55,2470.66,2500.58,45143.4868
2025-05-12 17:00:00,2500.58,2512.36,2465.01,2476.38,29844.2645
2025-05-12 18:00:00,2476.39,2485.16,2406.63,2435.05,99270.1361
2025-05-12 19:00:00,2435.05,2467.39,2428.89,2460.36,36829.1848
2025-05-12 20:00:00,2460.35,2496.0,2452.26,2485.65,30044.3305
2025-05-12 21:00:00,2485.65,2491.89,2467.32,2479.82,17880.9897
2025-05-12 22:00:00,2479.81,2497.52,2474.0,2485.85,12276.3806
2025-05-12 23:00:00,2485.85,2500.36,2485.43,2495.47,13186.6992
2025-05-13 00:00:00,2495.48,2495.79,2458.1,2463.15,22347.0881
2025-05-13 01:00:00,2463.16,2476.18,2440.01,2453.11,24540.2773
2025-05-13 02:00:00,2453.11,2460.54,2415.3,2439.2,39093.8665
2025-05-13 03:00:00,2439.2,2444.66,2418.23,2424.8,24357.9365
2025-05-13 04:00:00,2424.8,2458.72,2420.0,2455.59,24649.5247
2025-05-13 05:00:00,2455.59,2463.32,2439.44,2449.75,15466.8018
2025-05-13 06:00:00,2449.75,2460.9,2447.23,2453.51,18102.3517
2025-05-13 07:00:00,2453.52,2480.0,2452.41,2460.72,23999.4395
2025-05-13 08:00:00,2460.73,2471.19,2451.25,2457.29,16815.1593
2025-05-13 09:00:00,2457.29,2488.45,2456.68,2484.86,32681.6521
2025-05-13 10:00:00,2484.88,2487.44,2471.7,2482.41,24224.4377
2025-05-13 11:00:00,2482.41,2525.5,2478.61,2513.39,41874.6954
2025-05-13 12:00:00,2513.39,2542.72,2491.81,2524.69,62164.619
2025-05-13 13:00:00,2524.7,2562.0,2519.26,2549.65,52301.4873
2025-05-13 14:00:00,2549.66,2557.0,2526.74,2544.74,53420.8113
2025-05-13 15:00:00,2544.74,2573.87,2539.66,2566.21,47969.8299
2025-05-13 16:00:00,2566.21,2600.46,2560.01,2597.5,67712.0874
2025-05-13 17:00:00,2597.5,2622.0,2589.87,2610.55,70675.5099
2025-05-13 18:00:00,2610.54,2672.0,2605.8,2669.95,75513.2247
2025-05-13 19:00:00,2669.95,2738.5,2653.76,2690.94,133409.5156
2025-05-13 20:00:00,2690.93,2697.63,2654.21,2689.66,64347.4006
2025-05-13 21:00:00,2689.66,2692.96,2669.52,2690.82,26941.3111
2025-05-13 22:00:00,2690.83,2707.62,2676.17,2679.62,31194.8587
2025-05-13 23:00:00,2679.63,2686.49,2656.5,2679.71,37551.7604
2025-05-14 00:00:00,2679.71,2702.0,2672.15,2696.47,60707.3114
2025-05-14 01:00:00,2696.48,2725.99,2666.0,2671.7,98429.3935
2025-05-14 02:00:00,2671.71,2672.3,2622.99,2638.29,73475.2053
2025-05-14 03:00:00,2638.29,2648.13,2624.32,2646.82,24667.4939
2025-05-14 04:00:00,2646.82,2674.98,2636.59,2674.69,24319.6395
2025-05-14 05:00:00,2674.69,2687.75,2662.89,2673.36,22144.6139
2025-05-14 06:00:00,2673.37,2677.89,2660.01,2673.98,15489.7689
2025-05-14 07:00:00,2673.98,2674.47,2639.12,2640.76,45146.5244
2025-05-14 08:00:00,2640.75,2645.95,2587.67,2597.3,60682.6337
2025-05-14 09:00:00,2597.31,2610.73,2577.48,2607.73,39891.9778
2025-05-14 10:00:00,2607.73,2617.0,2589.24,2595.83,42096.7237
2025-05-14 11:00:00,2595.83,2635.5,2595.78,2624.94,43468.1305
2025-05-14 12:00:00,2624.93,2636.15,2605.02,2613.18,22878.8638
2025-05-14 13:00:00,2613.17,2627.23,2578.33,2606.34,34935.6443
2025-05-14 14:00:00,2606.35,2606.56,2559.19,2583.86,50373.6444
2025-05-14 15:00:00,2583.87,2601.83,2560.87,2597.49,34847.9343
2025-05-14 16:00:00,2597.49,2599.83,2578.58,2589.83,21362.8216
2025-05-14 17:00:00,2589.83,2592.29,2547.26,2590.46,31577.8843
2025-05-14 18:00:00,2590.46,2614.33,2579.94,2613.49,23906.8833
2025-05-14 19:00:00,2613.49,2617.5,2598.58,2605.1,15002.9068
2025-05-14 20:00:00,2605.03,2610.9,2597.63,2600.26,8849.2374
2025-05-14 21:00:00,2600.26,2610.35,2583.99,2606.59,12121.9482
2025-05-14 22:00:00,2606.6,2607.83,2587.09,2595.97,8383.8094
2025-05-14 23:00:00,2595.98,2614.05,2584.0,2609.74,15286.1179
2025-05-15 00:00:00,2609.75,2647.03,2607.14,2632.3,26263.012
2025-05-15 01:00:00,2632.29,2637.0,2566.91,2577.62,48196.2545
2025-05-15 02:00:00,2577.63,2598.02,2570.61,2591.13,26189.0598
2025-05-15 03:00:00,2591.13,2594.65,2570.85,2574.93,17678.2936
2025-05-15 04:00:00,2574.93,2595.28,2572.03,2593.2,14958.2734
2025-05-15 05:00:00,2593.2,2596.49,2563.86,2567.71,19761.6676
2025-05-15 06:00:00,2567.71,2583.58,2555.83,2573.64,26412.0173
2025-05-15 07:00:00,2573.65,2577.6,2515.69,2531.0,56690.4947
2025-05-15 08:00:00,2530.99,2567.65,2528.67,2564.44,28176.6916
2025-05-15 09:00:00,2564.44,2566.64,2522.35,2539.3,30069.0643
2025-05-15 10:00:00,2539.31,2545.99,2517.53,2543.57,32022.5712
2025-05-15 11:00:00,2543.57,2565.62,2542.75,2554.71,20255.5366
2025-05-15 12:00:00,2554.71,2579.61,2543.14,2553.0,34655.986
2025-05-15 13:00:00,2553.0,2568.5,2503.0,2531.3,42637.7687
2025-05-15 14:00:00,2531.36,2541.24,2476.03,2500.12,71787.3717
2025-05-15 15:00:00,2500.11,2569.0,2498.0,2563.76,54509.1916
2025-05-15 16:00:00,2563.77,2599.98,2554.23,2599.02,41051.3733
2025-05-15 17:00:00,2599.06,2603.59,2566.54,2571.54,37175.6613
2025-05-15 18:00:00,2571.54,2578.52,2521.0,2525.0,36060.0659
2025-05-15 19:00:00,2525.01,2548.0,2511.77,2530.98,28862.6714
2025-05-15 20:00:00,2531.0,2544.5,2515.91,2537.19,24184.9606
2025-05-15 21:00:00,2537.19,2541.5,2512.06,2535.01,13081.3904
2025-05-15 22:00:00,2535.01,2564.33,2532.16,2541.5,18054.0172
2025-05-15 23:00:00,2541.51,2550.21,2516.25,2548.69,20220.6385
2025-05-16 00:00:00,2548.7,2565.29,2539.32,2544.24,19459.0048
2025-05-16 01:00:00,2544.24,2569.14,2534.2,2566.8,18387.9873
2025-05-16 02:00:00,2566.81,2583.33,2555.25,2573.8,23756.4481
2025-05-16 03:00:00,2573.81,2584.62,2568.38,2581.35,17370.3013
2025-05-16 04:00:00,2581.4,2589.45,2564.0,2573.99,16672.5192
2025-05-16 05:00:00,2574.0,2597.0,2574.0,2594.6,21910.1929
2025-05-16 06:00:00,2594.61,2600.84,2586.94,2597.58,18374.2271
2025-05-16 07:00:00,2597.59,2619.99,2583.99,2601.5,45532.9354
2025-05-16 08:00:00,2601.5,2605.33,2558.12,2573.11,42619.5033
2025-05-16 09:00:00,2573.13,2617.17,2571.54,2611.29,40394.1052
2025-05-16 10:00:00,2611.3,2628.78,2605.89,2625.05,29369.6195
2025-05-16 11:00:00,2625.06,2649.31,2616.82,2620.83,32648.2345
2025-05-16 12:00:00,2620.82,2623.25,2592.7,2598.5,25130.3831
2025-05-16 13:00:00,2598.5,2616.28,2594.0,2606.7,38715.5031
2025-05-16 14:00:00,2606.7,2607.27,2573.8,2585.1,54651.3939
2025-05-16 15:00:00,2585.1,2604.86,2585.0,2594.93,30223.9921
2025-05-16 16:00:00,2594.93,2602.01,2570.0,2586.51,25227.0193
2025-05-16 17:00:00,2586.51,2595.25,2572.0,2578.05,14351.9165
2025-05-16 18:00:00,2578.05,2592.35,2575.89,2586.5,14724.6837
2025-05-16 19:00:00,2586.5,2593.47,2577.38,2591.8,9566.823
2025-05-16 20:00:00,2591.89,2592.74,2562.1,2570.9,12889.8773
2025-05-16 21:00:00,2570.91,2583.26,2550.0,2567.25,12983.4643
2025-05-16 22:00:00,2567.26,2570.11,2529.4,2545.69,23448.3687
2025-05-16 23:00:00,2545.69,2557.93,2530.2,2537.12,17545.1883
2025-05-17 00:00:00,2537.13,2538.16,2483.08,2501.01,64272.6577
2025-05-17 01:00:00,2501.01,2501.01,2458.91,2475.9,59808.0986
2025-05-17 02:00:00,2475.91,2502.53,2452.6,2490.67,41829.4451
2025-05-17 03:00:00,2490.67,2497.61,2475.28,2496.98,13907.5143
2025-05-17 04:00:00,2497.0,2513.51,2491.84,2506.4,17428.7439
2025-05-17 05:00:00,2506.39,2509.55,2474.93,2479.96,19135.0686
2025-05-17 06:00:00,2479.97,2496.85,2479.74,2493.31,17886.5895
2025-05-17 07:00:00,2493.31,2506.29,2481.62,2492.89,15375.7364
2025-05-17 08:00:00,2492.9,2496.2,2477.22,2481.49,16571.3799
2025-05-17 09:00:00,2481.5,2486.3,2466.59,2478.4,24326.0851
2025-05-17 10:00:00,2478.4,2491.6,2474.7,2485.94,9259.1021
2025-05-17 11:00:00,2485.94,2488.99,2474.51,2481.67,8546.6745
2025-05-17 12:00:00,2481.67,2486.64,2470.21,2472.33,11192.1886
2025-05-17 13:00:00,2472.34,2480.16,2446.42,2461.5,25970.6369
2025-05-17 14:00:00,2461.5,2486.0,2461.05,2482.68,19533.9085
2025-05-17 15:00:00,2482.68,2484.7,2473.02,2474.48,11837.4421
2025-05-17 16:00:00,2474.48,2480.6,2448.27,2467.69,21455.8278
2025-05-17 17:00:00,2467.7,2480.3,2463.85,2470.35,10664.2059
2025-05-17 18:00:00,2470.35,2488.69,2463.2,2467.09,19754.4756
2025-05-17 19:00:00,2467.1,2480.68,2462.06,2470.19,10374.4165
2025-05-17 20:00:00,2470.18,2495.45,2464.58,2488.77,19009.3613
2025-05-17 21:00:00,2488.78,2493.82,2480.0,2485.99,8175.8513
2025-05-17 22:00:00,2485.99,2486.19,2453.26,2460.01,16825.9178
2025-05-17 23:00:00,2460.02,2478.4,2457.07,2475.08,11191.9502
2025-05-18 00:00:00,2475.09,2486.0,2471.98,2482.78,8432.0249
2025-05-18 01:00:00,2482.78,2487.19,2472.93,2485.11,6754.0652
2025-05-18 02:00:00,2485.11,2487.44,2476.1,2481.2,7235.5432
2025-05-18 03:00:00,2481.19,2486.87,2467.75,2477.2,11482.1788
2025-05-18 04:00:00,2477.2,2489.2,2477.2,2485.91,5419.0259
2025-05-18 05:00:00,2485.91,2515.44,2485.71,2512.6,18413.626
2025-05-18 06:00:00,2512.6,2513.9,2492.7,2497.28,12386.4794
2025-05-18 07:00:00,2497.25,2511.34,2494.56,2509.3,10217.4187
2025-05-18 08:00:00,2509.29,2528.55,2509.29,2517.59,30535.2003
2025-05-18 09:00:00,2517.6,2523.62,2503.99,2507.99,12627.7192
2025-05-18 10:00:00,2508.0,2513.32,2498.11,2505.28,9330.8319
2025-05-18 11:00:00,2505.28,2513.44,2501.0,2501.75,8453.1795
2025-05-18 12:00:00,2501.74,2508.63,2488.02,2508.26,12182.386
2025-05-18 13:00:00,2508.25,2545.0,2504.49,2542.18,19801.205
2025-05-18 14:00:00,2542.19,2569.81,2529.56,2557.93,48241.5757
2025-05-18 15:00:00,2557.94,2587.61,2548.2,2578.99,39288.645
2025-05-18 16:00:00,2579.0,2584.0,2554.54,2573.8,35817.1487
2025-05-18 17:00:00,2573.79,2575.5,2482.46,2489.92,74530.0368
2025-05-18 18:00:00,2489.9,2496.35,2450.94,2463.01,82199.1247
2025-05-18 19:00:00,2463.0,2471.52,2403.33,2408.2,77948.0638
2025-05-18 20:00:00,2408.2,2408.2,2323.21,2393.81,126769.2999
2025-05-18 21:00:00,2393.82,2433.82,2393.0,2407.16,40028.4694
2025-05-18 22:00:00,2407.1,2456.32,2375.83,2454.91,58982.7685
2025-05-18 23:00:00,2454.9,2511.27,2435.64,2497.78,53027.1686
2025-05-19 00:00:00,2497.78,2513.67,2427.64,2443.11,73003.478
2025-05-19 01:00:00,2443.11,2450.55,2414.21,2428.7,31381.1912
2025-05-19 02:00:00,2428.7,2435.48,2392.44,2401.19,31510.0773
2025-05-19 03:00:00,2401.19,2404.53,2379.8,2385.31,28452.3921
2025-05-19 04:00:00,2385.32,2405.1,2352.0,2365.81,42672.2847
2025-05-19 05:00:00,2365.82,2386.27,2357.65,2378.71,33243.3338
2025-05-19 06:00:00,2378.7,2398.2,2348.38,2353.69,31630.9595
2025-05-19 07:00:00,2353.68,2413.11,2351.82,2403.74,40861.4447
2025-05-19 08:00:00,2403.74,2422.69,2390.12,2405.02,33765.7405
2025-05-19 09:00:00,2405.02,2415.7,2390.32,2405.24,22961.8941
2025-05-19 10:00:00,2405.23,2419.17,2392.8,2409.83,16785.9198
2025-05-19 11:00:00,2409.83,2422.23,2407.3,2417.58,13058.6557
2025-05-19 12:00:00,2417.58,2421.2,2383.8,2401.2,29752.9522
2025-05-19 13:00:00,2401.19,2442.5,2394.74,2427.29,49688.9614
2025-05-19 14:00:00,2427.29,2454.48,2417.9,2447.3,43069.9045
2025-05-19 15:00:00,2447.29,2473.7,2443.3,2466.63,31137.9842
2025-05-19 16:00:00,2466.63,2510.2,2450.86,2510.12,46120.0042
2025-05-19 17:00:00,2509.99,2547.36,2502.44,2505.0,80095.6254
2025-05-19 18:00:00,2505.0,2519.13,2472.2,2489.7,45804.2682
2025-05-19 19:00:00,2489.71,2525.0,2479.69,2518.82,29730.1021
2025-05-19 20:00:00,2518.81,2534.52,2506.75,2520.54,26689.1334
2025-05-19 21:00:00,2520.53,2525.21,2502.49,2523.05,26595.4745
2025-05-19 22:00:00,2523.04,2523.04,2492.43,2504.15,31866.7898
2025-05-19 23:00:00,2504.15,2533.78,2500.85,2528.14,21868.9517
2025-05-20 00:00:00,2528.14,2563.96,2511.25,2515.33,44988.7513
2025-05-20 01:00:00,2515.33,2550.2,2510.72,2540.66,18011.7219
2025-05-20 02:00:00,2540.66,2588.63,2540.2,2567.0,50970.9597
2025-05-20 03:00:00,2567.0,2580.28,2544.18,2553.3,39229.3527
2025-05-20 04:00:00,2553.29,2578.0,2544.33,2571.06,22562.6462
2025-05-20 05:00:00,2571.06,2576.37,2556.02,2559.29,22265.0279
2025-05-20 06:00:00,2559.29,2561.68,2535.0,2544.07,24775.2259
2025-05-20 07:00:00,2544.07,2547.0,2521.9,2532.3,29764.9058
2025-05-20 08:00:00,2532.3,2540.0,2522.0,2534.69,18019.9303
2025-05-20 09:00:00,2534.69,2539.8,2524.77,2526.51,11004.4174
2025-05-20 10:00:00,2526.51,2533.91,2507.75,2515.75,21025.508
2025-05-20 11:00:00,2515.76,2519.54,2492.58,2514.2,24584.5014
2025-05-20 12:00:00,2514.2,2515.38,2478.68,2484.39,31982.5238
2025-05-20 13:00:00,2484.4,2492.4,2464.56,2475.71,32241.177
2025-05-20 14:00:00,2475.7,2489.99,2466.58,2469.2,31067.5063
2025-05-20 15:00:00,2469.2,2493.28,2468.0,2482.79,22029.4931
2025-05-20 16:00:00,2482.78,2490.39,2469.04,2475.31,19336.67
2025-05-20 17:00:00,2475.31,2508.64,2474.62,2497.47,30839.7754
2025-05-20 18:00:00,2497.47,2504.4,2442.4,2452.79,48943.1779
2025-05-20 19:00:00,2452.79,2511.46,2448.03,2501.28,33275.527
2025-05-20 20:00:00,2501.29,2523.52,2485.1,2513.57,33631.9846
2025-05-20 21:00:00,2513.58,2526.65,2490.0,2510.09,22220.5726
2025-05-20 22:00:00,2510.08,2518.36,2488.3,2516.55,20327.4373
2025-05-20 23:00:00,2516.56,2541.03,2513.81,2524.19,23890.3812
2025-05-21 00:00:00,2524.19,2537.77,2518.71,2529.9,19457.6396
2025-05-21 01:00:00,2529.89,2549.0,2526.13,2534.14,28528.201
2025-05-21 02:00:00,2534.13,2540.79,2509.0,2539.55,24341.434
2025-05-21 03:00:00,2539.54,2554.5,2535.19,2544.98,22211.3563
2025-05-21 04:00:00,2544.98,2561.31,2534.52,2550.6,23103.6758
2025-05-21 05:00:00,2550.61,2599.93,2550.37,2593.61,52692.4854
2025-05-21 06:00:00,2593.62,2615.95,2581.99,2597.68,48607.7649
2025-05-21 07:00:00,2597.69,2600.8,2543.49,2551.87,59766.7124
2025-05-21 08:00:00,2551.87,2562.15,2536.0,2538.11,23899.0383
2025-05-21 09:00:00,2538.1,2545.2,2517.72,2524.0,33164.5042
2025-05-21 10:00:00,2524.0,2532.42,2515.38,2528.8,18644.3032
2025-05-21 11:00:00,2528.81,2555.91,2528.26,2536.65,26265.3426
2025-05-21 12:00:00,2536.64,2550.0,2526.36,2539.2,17081.8854
2025-05-21 13:00:00,2539.2,2559.0,2522.22,2546.66,40734.5051
2025-05-21 14:00:00,2546.66,2581.04,2531.85,2580.5,65262.3761
2025-05-21 15:00:00,2580.5,2582.18,2543.0,2567.01,73300.8034
2025-05-21 16:00:00,2567.02,2615.34,2555.14,2586.08,61796.6025
2025-05-21 17:00:00,2586.09,2595.89,2452.2,2472.79,216092.8938
2025-05-21 18:00:00,2472.8,2497.1,2459.35,2475.05,67478.7357
2025-05-21 19:00:00,2475.04,2517.65,2463.46,2512.79,48769.6868
2025-05-21 20:00:00,2512.75,2512.82,2486.25,2508.83,22355.4335
2025-05-21 21:00:00,2508.83,2520.82,2498.07,2504.7,13887.4836
2025-05-21 22:00:00,2504.71,2543.37,2500.46,2536.11,21687.8642
2025-05-21 23:00:00,2536.11,2597.92,2525.5,2550.99,66759.5624
2025-05-22 00:00:00,2551.0,2588.18,2544.83,2586.1,37693.9465
2025-05-22 01:00:00,2586.1,2603.1,2561.84,2574.81,51341.6331
2025-05-22 02:00:00,2574.8,2603.12,2574.51,2594.49,32000.877
2025-05-22 03:00:00,2594.49,2647.8,2585.7,2629.24,72362.3143
2025-05-22 04:00:00,2629.24,2638.5,2613.24,2628.11,53633.928
2025-05-22 05:00:00,2628.1,2647.5,2606.49,2609.41,50131.3684
2025-05-22 06:00:00,2609.42,2623.45,2602.78,2609.3,36977.3423
2025-05-22 07:00:00,2609.3,2638.54,2604.25,2635.19,45648.8662
2025-05-22 08:00:00,2635.19,2681.27,2627.32,2663.48,67784.0663
2025-05-22 09:00:00,2663.49,2692.99,2659.88,2664.99,50601.7427
2025-05-22 10:00:00,2665.0,2679.33,2651.81,2656.82,27487.8038
2025-05-22 11:00:00,2656.81,2663.95,2634.45,2650.75,41938.0783
2025-05-22 12:00:00,2650.75,2663.16,2638.69,2657.7,35648.1518
2025-05-22 13:00:00,2657.7,2660.45,2623.14,2643.9,42552.4056
2025-05-22 14:00:00,2643.91,2676.0,2643.91,2666.05,41386.2317
2025-05-22 15:00:00,2666.06,2679.99,2658.99,2664.48,23527.0318
2025-05-22 16:00:00,2664.48,2676.3,2635.28,2645.89,26002.9611
2025-05-22 17:00:00,2645.9,2674.1,2642.88,2659.3,17353.8087
2025-05-22 18:00:00,2659.3,2670.39,2647.88,2658.8,15418.3689
2025-05-22 19:00:00,2658.8,2661.5,2626.37,2634.51,23006.943
2025-05-22 20:00:00,2634.68,2649.08,2630.01,2640.9,20745.25
2025-05-22 21:00:00,2640.89,2643.19,2627.85,2635.9,9401.7599
2025-05-22 22:00:00,2635.9,2652.3,2633.23,2635.76,14395.3062
2025-05-22 23:00:00,2635.76,2665.9,2635.76,2664.82,15515.4813
2025-05-23 00:00:00,2664.83,2679.0,2645.16,2662.65,30393.0801
2025-05-23 01:00:00,2662.65,2694.0,2651.1,2675.62,36236.4289
2025-05-23 02:00:00,2675.63,2734.23,2672.11,2705.32,90794.2362
2025-05-23 03:00:00,2705.3,2730.85,2700.34,2722.0,29643.4089
2025-05-23 04:00:00,2722.0,2725.96,2678.0,2697.62,39024.7209
2025-05-23 05:00:00,2697.61,2706.5,2679.6,2696.75,23700.6656
2025-05-23 06:00:00,2696.74,2697.24,2651.45,2657.11,48470.9246
2025-05-23 07:00:00,2657.1,2672.81,2651.35,2655.2,25220.213
2025-05-23 08:00:00,2655.2,2676.0,2653.61,2669.39,17863.7056
2025-05-23 09:00:00,2669.39,2689.21,2665.4,2682.95,21228.3249
2025-05-23 10:00:00,2682.95,2683.59,2657.75,2671.55,22486.7636
2025-05-23 11:00:00,2671.54,2671.99,2551.0,2566.79,112696.3855
2025-05-23 12:00:00,2566.78,2568.41,2498.3,2548.5,143939.7769
2025-05-23 13:00:00,2548.5,2584.35,2537.08,2582.28,69055.9882
2025-05-23 14:00:00,2582.27,2591.95,2571.99,2574.37,41825.7554
2025-05-23 15:00:00,2574.38,2582.2,2565.63,2568.53,33093.4986
2025-05-23 16:00:00,2568.53,2575.95,2545.91,2567.12,39433.009
2025-05-23 17:00:00,2567.11,2587.18,2566.07,2577.2,20285.3893
2025-05-23 18:00:00,2577.2,2581.64,2553.02,2559.86,23498.3666
2025-05-23 19:00:00,2559.87,2575.47,2556.59,2560.98,12159.4179
2025-05-23 20:00:00,2560.97,2562.4,2527.01,2543.23,20083.2186
2025-05-23 21:00:00,2543.24,2553.81,2527.2,2534.3,15813.1449
2025-05-23 22:00:00,2534.3,2559.0,2530.1,2538.49,21047.0449
2025-05-23 23:00:00,2538.5,2542.64,2503.66,2526.5,33448.9851
2025-05-24 00:00:00,2526.49,2544.27,2515.33,2515.69,23243.1572
2025-05-24 01:00:00,2515.7,2535.6,2515.08,2524.53,12588.7286
2025-05-24 02:00:00,2524.53,2545.0,2518.62,2540.85,8887.0487
2025-05-24 03:00:00,2540.86,2556.73,2538.12,2549.99,13085.5405
2025-05-24 04:00:00,2550.0,2563.5,2545.8,2559.4,7460.438
2025-05-24 05:00:00,2559.39,2560.5,2543.48,2551.18,8418.6123
2025-05-24 06:00:00,2551.18,2555.81,2535.08,2547.23,9933.8502
2025-05-24 07:00:00,2547.23,2560.6,2545.0,2546.99,9850.3601
2025-05-24 08:00:00,2546.99,2558.55,2545.22,2556.99,9381.6203
2025-05-24 09:00:00,2557.0,2560.5,2551.24,2552.8,8410.4216
2025-05-24 10:00:00,2552.81,2575.85,2552.36,2570.1,15496.8753
2025-05-24 11:00:00,2570.11,2575.69,2562.31,2563.31,10488.316
2025-05-24 12:00:00,2563.32,2565.41,2549.43,2559.19,12947.8951
2025-05-24 13:00:00,2559.2,2562.27,2543.73,2546.45,14484.2063
2025-05-24 14:00:00,2546.45,2561.4,2543.51,2558.52,8554.7517
2025-05-24 15:00:00,2558.52,2564.5,2549.59,2555.64,7628.8858
2025-05-24 16:00:00,2555.64,2562.1,2543.86,2557.46,8940.65
2025-05-24 17:00:00,2557.46,2564.59,2555.45,2557.8,7464.8583
2025-05-24 18:00:00,2557.8,2567.38,2544.99,2549.41,8286.8616
2025-05-24 19:00:00,2549.41,2555.49,2546.57,2554.47,4948.005
2025-05-24 20:00:00,2554.48,2556.57,2549.7,2552.26,3495.6591
2025-05-24 21:00:00,2552.26,2552.8,2519.5,2540.09,17528.2098
2025-05-24 22:00:00,2540.1,2540.2,2521.5,2525.39,10828.3088
2025-05-24 23:00:00,2525.4,2535.0,2517.65,2530.4,15190.9741
2025-05-25 00:00:00,2530.41,2539.5,2476.0,2486.89,44857.2078
2025-05-25 01:00:00,2486.89,2504.03,2479.4,2495.71,21542.7047
2025-05-25 02:00:00,2495.71,2510.7,2486.2,2508.24,14827.6963
2025-05-25 03:00:00,2508.23,2520.22,2507.1,2512.78,13397.4038
2025-05-25 04:00:00,2512.79,2518.59,2505.61,2517.5,6333.3183
2025-05-25 05:00:00,2517.49,2518.75,2507.28,2512.51,4820.9756
2025-05-25 06:00:00,2512.52,2513.32,2502.08,2507.42,6482.7795
2025-05-25 07:00:00,2507.42,2507.42,2487.22,2494.39,16937.3194
2025-05-25 08:00:00,2494.4,2494.5,2463.0,2477.81,28259.5895
2025-05-25 09:00:00,2477.81,2495.71,2471.03,2495.5,21163.0822
2025-05-25 10:00:00,2495.5,2502.19,2488.49,2492.31,14258.288
2025-05-25 11:00:00,2492.3,2500.0,2488.71,2497.91,9851.7394
2025-05-25 12:00:00,2497.91,2518.1,2495.17,2517.09,15283.5921
2025-05-25 13:00:00,2517.09,2524.9,2511.23,2513.61,10818.31
2025-05-25 14:00:00,2513.61,2518.0,2497.82,2505.99,11745.3373
2025-05-25 15:00:00,2506.0,2515.75,2479.24,2511.7,24986.1111
2025-05-25 16:00:00,2511.69,2513.5,2496.1,2511.57,11433.3804
2025-05-25 17:00:00,2511.57,2516.98,2509.0,2513.95,7073.7959
2025-05-25 18:00:00,2513.82,2523.37,2511.3,2516.6,7515.0048
2025-05-25 19:00:00,2516.59,2535.66,2515.0,2526.6,9811.6783
2025-05-25 20:00:00,2526.6,2529.0,2511.15,2523.88,6116.1985
2025-05-25 21:00:00,2523.88,2531.4,2507.65,2515.19,6694.8844
2025-05-25 22:00:00,2515.2,2554.26,2512.52,2549.16,26428.0851
2025-05-25 23:00:00,2549.16,2554.02,2535.0,2551.22,19251.5475
2025-05-26 00:00:00,2551.22,2574.6,2536.84,2571.7,31157.5047
2025-05-26 01:00:00,2571.71,2577.0,2555.0,2558.51,25565.6624
2025-05-26 02:00:00,2558.5,2563.86,2547.21,2552.71,12994.8492
2025-05-26 03:00:00,2552.72,2567.01,2548.49,2560.3,9317.3849
2025-05-26 04:00:00,2560.29,2570.15,2557.3,2564.2,11337.3661
2025-05-26 05:00:00,2564.19,2575.31,2561.49,2568.4,10745.6791
2025-05-26 06:00:00,2568.4,2585.9,2565.2,2582.81,13964.8227
2025-05-26 07:00:00,2582.8,2599.0,2577.3,2580.8,26000.9102
2025-05-26 08:00:00,2580.79,2582.7,2564.57,2568.0,15333.4115
2025-05-26 09:00:00,2567.99,2574.48,2553.24,2563.11,14482.2666
2025-05-26 10:00:00,2563.11,2569.2,2554.57,2559.34,10625.0032
2025-05-26 11:00:00,2559.35,2568.31,2555.7,2568.08,9765.0775
2025-05-26 12:00:00,2568.08,2574.43,2561.1,2568.6,11518.0756
2025-05-26 13:00:00,2568.59,2571.8,2539.23,2551.27,28163.1937
2025-05-26 14:00:00,2551.28,2556.52,2542.1,2550.51,15850.8479
2025-05-26 15:00:00,2550.51,2570.94,2545.13,2565.99,19450.9168
2025-05-26 16:00:00,2566.0,2573.3,2535.47,2542.71,23176.2413
2025-05-26 17:00:00,2542.71,2549.2,2525.86,2533.69,16099.3533
2025-05-26 18:00:00,2533.7,2546.32,2528.0,2534.89,8853.352
2025-05-26 19:00:00,2534.89,2544.4,2532.42,2541.22,5951.3653
2025-05-26 20:00:00,2541.21,2567.95,2536.57,2566.52,12738.2113
2025-05-26 21:00:00,2566.52,2568.2,2554.66,2562.57,9161.1453
2025-05-26 22:00:00,2562.58,2584.65,2557.28,2559.54,13726.4931
2025-05-26 23:00:00,2559.55,2564.58,2553.4,2563.7,6991.9845
2025-05-27 00:00:00,2563.7,2573.5,2549.04,2550.86,13304.0904
2025-05-27 01:00:00,2550.85,2550.86,2509.46,2529.6,29428.7842
2025-05-27 02:00:00,2529.6,2544.49,2528.1,2535.61,12786.5378
2025-05-27 03:00:00,2535.6,2565.26,2535.6,2549.25,14193.624
2025-05-27 04:00:00,2549.26,2569.0,2548.99,2559.0,10518.7114
2025-05-27 05:00:00,2559.0,2573.04,2550.34,2569.51,10611.2652
2025-05-27 06:00:00,2569.51,2610.92,2564.63,2569.59,144557.1425
2025-05-27 07:00:00,2569.6,2619.48,2569.6,2607.59,31994.3351
2025-05-27 08:00:00,2607.6,2643.19,2607.59,2635.2,63706.6259
2025-05-27 09:00:00,2635.19,2647.68,2622.2,2638.19,30923.2002
2025-05-27 10:00:00,2638.19,2642.28,2631.0,2638.42,21098.8031
2025-05-27 11:00:00,2638.42,2655.0,2626.99,2652.64,26615.1777
2025-05-27 12:00:00,2652.64,2654.5,2634.8,2648.33,29491.0209
2025-05-27 13:00:00,2648.34,2683.87,2642.75,2655.58,80609.7957
2025-05-27 14:00:00,2655.58,2671.56,2633.36,2661.1,46978.1919
2025-05-27 15:00:00,2661.11,2670.5,2653.5,2668.2,30242.8143
2025-05-27 16:00:00,2668.2,2683.89,2658.36,2670.36,29930.3773
2025-05-27 17:00:00,2670.37,2712.36,2670.11,2695.74,57059.1046
2025-05-27 18:00:00,2695.75,2708.55,2675.29,2680.0,28528.4305
2025-05-27 19:00:00,2680.0,2688.43,2671.16,2687.53,19322.8218
2025-05-27 20:00:00,2687.53,2694.12,2664.22,2668.2,16991.9879
2025-05-27 21:00:00,2668.21,2677.5,2657.7,2662.89,17015.3473
2025-05-27 22:00:00,2662.9,2669.5,2652.98,2659.82,20571.755
2025-05-27 23:00:00,2659.81,2664.7,2652.26,2660.81,11950.9415
2025-05-28 00:00:00,2660.81,2661.79,2640.82,2658.28,19816.7366
2025-05-28 01:00:00,2658.28,2659.39,2631.02,2634.47,19951.2471
2025-05-28 02:00:00,2634.47,2642.19,2618.34,2638.45,34650.9771
2025-05-28 03:00:00,2638.45,2650.0,2633.4,2645.37,15698.5079
2025-05-28 04:00:00,2645.38,2652.57,2634.02,2646.41,14271.6399
2025-05-28 05:00:00,2646.42,2647.0,2634.95,2639.85,15369.6416
2025-05-28 06:00:00,2639.86,2639.86,2623.85,2627.7,13906.1284
2025-05-28 07:00:00,2627.69,2643.0,2625.0,2636.39,9894.7906
2025-05-28 08:00:00,2636.39,2645.76,2628.83,2642.9,14159.4546
2025-05-28 09:00:00,2642.89,2643.6,2622.2,2626.72,23859.1485
2025-05-28 10:00:00,2626.72,2642.92,2608.5,2640.41,26998.224
2025-05-28 11:00:00,2640.4,2659.01,2640.1,2656.99,14898.4455
2025-05-28 12:00:00,2656.99,2681.33,2652.88,2666.93,26851.0316
2025-05-28 13:00:00,2666.93,2689.14,2654.48,2657.41,45540.4225
2025-05-28 14:00:00,2657.4,2660.39,2621.26,2628.4,52147.6475
2025-05-28 15:00:00,2628.4,2640.0,2613.2,2626.9,39386.5073
2025-05-28 16:00:00,2626.9,2643.59,2626.71,2640.56,20948.6368
2025-05-28 17:00:00,2640.57,2664.35,2640.56,2652.8,28866.7907
2025-05-28 18:00:00,2652.8,2657.8,2633.62,2636.17,17003.6701
2025-05-28 19:00:00,2636.17,2655.78,2615.32,2617.79,30714.1423
2025-05-28 20:00:00,2617.8,2635.38,2612.04,2634.43,20417.0132
2025-05-28 21:00:00,2634.43,2659.36,2631.0,2652.25,10852.4702
2025-05-28 22:00:00,2652.25,2653.09,2638.0,2648.61,12338.723
2025-05-28 23:00:00,2648.61,2686.4,2648.49,2681.6,31553.6863
2025-05-29 00:00:00,2681.61,2721.5,2669.01,2721.5,54567.2644
2025-05-29 01:00:00,2721.5,2722.5,2697.62,2711.76,41030.9736
2025-05-29 02:00:00,2711.76,2788.0,2705.9,2770.7,95399.5898
2025-05-29 03:00:00,2770.7,2773.75,2746.42,2762.5,38261.4289
2025-05-29 04:00:00,2762.5,2766.8,2701.28,2727.5,57750.9504
2025-05-29 05:00:00,2727.5,2736.7,2716.21,2722.8,27533.2595
2025-05-29 06:00:00,2722.8,2732.0,2716.65,2727.75,17857.2674
2025-05-29 07:00:00,2727.75,2736.82,2716.89,2731.28,23521.2923
2025-05-29 08:00:00,2731.29,2732.3,2711.6,2723.21,29185.0588
2025-05-29 09:00:00,2723.2,2739.37,2716.49,2736.3,16283.0241
2025-05-29 10:00:00,2736.3,2744.42,2724.38,2730.6,15793.6341
2025-05-29 11:00:00,2730.59,2731.66,2707.1,2715.83,26547.3589
2025-05-29 12:00:00,2715.82,2718.6,2676.16,2693.26,49262.3637
2025-05-29 13:00:00,2693.26,2699.9,2653.88,2660.19,50704.994
2025-05-29 14:00:00,2660.19,2675.9,2621.92,2672.02,72556.3865
2025-05-29 15:00:00,2672.02,2674.51,2639.02,2643.68,27417.6643
2025-05-29 16:00:00,2643.68,2660.0,2630.67,2640.19,29487.1024
2025-05-29 17:00:00,2640.18,2670.27,2638.19,2659.42,26595.7264
2025-05-29 18:00:00,2659.43,2673.48,2645.52,2649.9,19396.4669
2025-05-29 19:00:00,2649.91,2657.28,2628.99,2650.12,27141.0223
2025-05-29 20:00:00,2650.12,2662.0,2640.29,2643.98,19764.4105
2025-05-29 21:00:00,2643.99,2662.45,2643.94,2660.9,8890.7478
2025-05-29 22:00:00,2660.91,2668.95,2644.72,2644.99,13037.1141
2025-05-29 23:00:00,2644.99,2649.0,2619.05,2631.39,23582.1534
2025-05-30 00:00:00,2631.39,2645.23,2557.07,2573.5,68662.556
2025-05-30 01:00:00,2573.5,2608.99,2568.59,2598.31,36372.9301
2025-05-30 02:00:00,2598.31,2634.18,2597.9,2629.79,29630.8417
2025-05-30 03:00:00,2629.79,2642.4,2626.21,2631.19,20339.712
2025-05-30 04:00:00,2631.19,2638.2,2621.1,2635.0,15875.3007
2025-05-30 05:00:00,2635.0,2649.23,2630.43,2643.71,19675.2442
2025-05-30 06:00:00,2643.7,2644.82,2606.8,2620.3,28833.0904
2025-05-30 07:00:00,2620.3,2643.1,2613.68,2618.26,34238.0444
2025-05-30 08:00:00,2618.27,2626.78,2607.75,2617.31,23473.8401
2025-05-30 09:00:00,2617.3,2623.7,2588.16,2615.08,33476.0099
2025-05-30 10:00:00,2615.07,2623.45,2602.97,2622.05,22595.95
2025-05-30 11:00:00,2622.06,2628.1,2615.07,2622.04,14801.9511
2025-05-30 12:00:00,2622.04,2626.3,2578.2,2610.2,37833.2915
2025-05-30 13:00:00,2610.2,2618.18,2572.56,2576.69,35082.5212
2025-05-30 14:00:00,2576.7,2604.27,2576.7,2595.5,46863.9718
2025-05-30 15:00:00,2595.5,2616.8,2595.0,2598.21,38309.478
2025-05-30 16:00:00,2598.21,2604.28,2533.2,2540.82,80509.0432
2025-05-30 17:00:00,2540.82,2560.0,2539.4,2549.31,26402.7015
2025-05-30 18:00:00,2549.32,2579.23,2547.5,2578.21,28361.9224
2025-05-30 19:00:00,2578.2,2585.29,2572.49,2574.41,15128.5126
2025-05-30 20:00:00,2574.41,2589.85,2565.65,2577.3,12179.862
2025-05-30 21:00:00,2577.31,2586.08,2562.82,2569.2,9191.207
2025-05-30 22:00:00,2569.2,2573.09,2523.42,2526.71,33038.7556
2025-05-30 23:00:00,2526.71,2536.2,2507.35,2531.34,52168.519
2025-05-31 00:00:00,2531.35,2539.98,2503.09,2519.9,42744.5798
2025-05-31 01:00:00,2519.9,2527.87,2475.33,2493.07,66468.4064
2025-05-31 02:00:00,2493.06,2516.72,2485.4,2490.22,36105.6938
2025-05-31 03:00:00,2490.21,2517.04,2485.23,2513.98,22969.2884
2025-05-31 04:00:00,2513.98,2526.37,2504.63,2522.5,15172.0876
2025-05-31 05:00:00,2522.5,2526.43,2511.77,2512.29,11575.9888
2025-05-31 06:00:00,2512.3,2526.5,2512.22,2521.7,10226.2205
2025-05-31 07:00:00,2521.69,2525.73,2514.6,2521.11,7393.0493
2025-05-31 08:00:00,2521.11,2530.61,2515.91,2524.49,15073.108
2025-05-31 09:00:00,2524.49,2529.29,2517.4,2523.25,6997.2011
2025-05-31 10:00:00,2523.24,2538.45,2508.04,2520.21,17727.8303
2025-05-31 11:00:00,2520.2,2521.85,2509.74,2519.61,9881.698
2025-05-31 12:00:00,2519.61,2538.0,2515.95,2537.61,15350.0264
2025-05-31 13:00:00,2537.6,2547.7,2526.5,2533.02,20597.5078
2025-05-31 14:00:00,2533.0,2544.38,2531.31,2542.5,13297.7977
2025-05-31 15:00:00,2542.51,2550.14,2532.41,2536.3,17674.8096
2025-05-31 16:00:00,2536.29,2547.99,2533.0,2540.59,9951.9464
2025-05-31 17:00:00,2540.59,2541.14,2523.36,2527.39,9812.9656
2025-05-31 18:00:00,2527.38,2542.4,2525.99,2539.73,4328.3413
2025-05-31 19:00:00,2539.74,2543.0,2536.36,2537.4,5070.3815
2025-05-31 20:00:00,2537.39,2542.43,2531.67,2542.19,6281.2963
2025-05-31 21:00:00,2542.2,2550.34,2539.32,2543.21,9431.0987
2025-05-31 22:00:00,2543.21,2545.0,2530.69,2530.76,8477.358
2025-05-31 23:00:00,2530.76,2548.31,2524.41,2528.06,11928.5708
2025-06-01 00:00:00,2528.06,2528.8,2515.34,2525.76,19395.965
2025-06-01 01:00:00,2525.77,2530.38,2492.0,2507.29,23362.9272
2025-06-01 02:00:00,2507.29,2513.73,2493.8,2507.07,14008.0211
2025-06-01 03:00:00,2507.08,2518.58,2492.4,2513.3,13767.0747
2025-06-01 04:00:00,2513.3,2527.1,2511.5,2522.2,7010.8934
2025-06-01 05:00:00,2522.19,2527.28,2516.12,2518.58,6738.5773
2025-06-01 06:00:00,2518.58,2519.19,2509.29,2512.7,8025.9231
2025-06-01 07:00:00,2512.69,2515.67,2505.87,2509.0,6102.7218
2025-06-01 08:00:00,2509.0,2510.75,2499.0,2505.86,9499.7197
2025-06-01 09:00:00,2505.87,2510.69,2477.77,2492.26,27580.3234
2025-06-01 10:00:00,2492.27,2496.8,2486.7,2493.6,9931.9371
2025-06-01 11:00:00,2493.6,2502.84,2491.2,2497.35,7391.2438
2025-06-01 12:00:00,2497.35,2501.47,2468.56,2484.17,17964.5129
2025-06-01 13:00:00,2484.18,2498.42,2480.44,2493.84,11891.0298
2025-06-01 14:00:00,2493.84,2518.73,2493.84,2509.68,17546.6828
2025-06-01 15:00:00,2509.68,2524.99,2503.95,2523.23,12477.3759
2025-06-01 16:00:00,2523.23,2547.79,2521.0,2538.76,31399.2275
2025-06-01 17:00:00,2538.77,2546.96,2532.7,2538.99,11390.8524
2025-06-01 18:00:00,2538.99,2539.0,2493.49,2520.2,24142.0208
2025-06-01 19:00:00,2520.21,2527.1,2511.82,2526.38,10315.2005
2025-06-01 20:00:00,2526.38,2537.0,2519.42,2525.7,8489.7509
2025-06-01 21:00:00,2525.7,2540.91,2524.34,2539.4,9680.5621
2025-06-01 22:00:00,2539.39,2547.59,2532.76,2535.28,13535.7331
2025-06-01 23:00:00,2535.28,2545.25,2533.2,2539.21,10373.4325
2025-06-02 00:00:00,2539.2,2540.66,2526.51,2534.32,14520.2472
2025-06-02 01:00:00,2534.32,2541.71,2525.05,2526.23,9747.1034
2025-06-02 02:00:00,2526.23,2527.5,2507.6,2508.53,14101.7992
2025-06-02 03:00:00,2508.54,2510.24,2485.65,2496.31,23695.5303
2025-06-02 04:00:00,2496.3,2501.6,2487.7,2492.59,9815.4285
2025-06-02 05:00:00,2492.59,2497.24,2483.37,2492.91,9683.8437
2025-06-02 06:00:00,2492.9,2500.0,2485.0,2494.79,13893.1142
2025-06-02 07:00:00,2494.8,2513.97,2494.8,2506.94,13363.4466
2025-06-02 08:00:00,2506.94,2515.92,2490.1,2494.58,15842.1779
2025-06-02 09:00:00,2494.57,2494.94,2475.0,2481.52,28887.7397
2025-06-02 10:00:00,2481.52,2489.78,2476.4,2482.1,16349.3649
2025-06-02 11:00:00,2482.1,2488.7,2475.72,2480.94,11290.6552
2025-06-02 12:00:00,2480.93,2498.39,2477.88,2497.69,15426.0504
2025-06-02 13:00:00,2497.69,2519.99,2487.35,2504.67,25138.227
2025-06-02 14:00:00,2504.67,2540.79,2495.82,2531.4,44211.7292
2025-06-02 15:00:00,2531.4,2556.74,2523.36,2544.39,32858.5657
2025-06-02 16:00:00,2544.39,2553.9,2529.7,2546.78,19362.2562
2025-06-02 17:00:00,2546.78,2552.99,2538.56,2549.74,18432.07
2025-06-02 18:00:00,2549.74,2565.56,2538.0,2544.47,26962.9825
2025-06-02 19:00:00,2544.48,2549.4,2524.8,2532.44,19354.3219
2025-06-02 20:00:00,2532.45,2547.9,2532.2,2539.74,11321.8911
2025-06-02 21:00:00,2539.74,2561.34,2539.74,2560.55,12463.5181
2025-06-02 22:00:00,2560.55,2585.0,2560.22,2584.57,26859.8077
2025-06-02 23:00:00,2584.58,2615.0,2582.7,2607.41,35308.1031
2025-06-03 00:00:00,2607.42,2626.5,2601.63,2621.91,36166.3352
2025-06-03 01:00:00,2621.91,2649.91,2616.1,2646.1,33151.83
2025-06-03 02:00:00,2646.11,2648.0,2613.0,2616.21,31845.274
2025-06-03 03:00:00,2616.21,2619.75,2589.3,2603.39,29867.1929
2025-06-03 04:00:00,2603.38,2605.0,2589.91,2591.99,14555.2069
2025-06-03 05:00:00,2591.99,2617.72,2591.66,2614.76,15517.2626
2025-06-03 06:00:00,2614.75,2618.93,2604.46,2618.54,9592.4922
2025-06-03 07:00:00,2618.55,2620.75,2607.76,2609.99,11503.0036
2025-06-03 08:00:00,2610.0,2611.24,2594.79,2607.29,18135.9118
2025-06-03 09:00:00,2607.29,2619.14,2601.45,2614.49,13063.6074
2025-06-03 10:00:00,2614.5,2620.34,2610.0,2611.46,12197.3208
2025-06-03 11:00:00,2611.46,2616.93,2600.72,2601.78,9452.6999
2025-06-03 12:00:00,2601.78,2613.43,2598.02,2609.76,13342.1615
2025-06-03 13:00:00,2609.76,2632.82,2607.09,2626.81,26275.757
2025-06-03 14:00:00,2626.81,2655.38,2613.8,2648.6,32115.2029
2025-06-03 15:00:00,2648.59,2651.51,2616.66,2623.58,30478.8142
2025-06-03 16:00:00,2623.58,2625.24,2602.56,2605.41,22411.1207
2025-06-03 17:00:00,2605.42,2627.39,2603.3,2619.11,17181.7406
2025-06-03 18:00:00,2619.12,2620.67,2607.2,2618.41,9789.5135
2025-06-03 19:00:00,2618.42,2628.57,2615.11,2625.16,10291.7347
2025-06-03 20:00:00,2625.19,2625.61,2594.4,2614.99,16402.9637
2025-06-03 21:00:00,2615.0,2616.74,2575.0,2589.22,20058.071
2025-06-03 22:00:00,2589.23,2610.17,2586.53,2604.5,10704.9673
2025-06-03 23:00:00,2604.5,2604.9,2586.56,2593.36,10282.8595
2025-06-04 00:00:00,2593.35,2603.0,2583.5,2598.99,13375.5425
2025-06-04 01:00:00,2599.0,2622.77,2598.64,2612.29,15362.8054
2025-06-04 02:00:00,2612.3,2620.99,2610.01,2612.24,8865.9321
2025-06-04 03:00:00,2612.25,2640.83,2610.0,2627.9,24194.6402
2025-06-04 04:00:00,2627.89,2638.15,2622.79,2637.26,13796.2638
2025-06-04 05:00:00,2637.26,2644.77,2619.3,2624.7,31289.3858
2025-06-04 06:00:00,2624.71,2634.45,2621.38,2629.32,9277.4984
2025-06-04 07:00:00,2629.32,2634.0,2622.45,2627.74,8575.0034
2025-06-04 08:00:00,2627.75,2646.05,2627.74,2640.99,15919.2438
2025-06-04 09:00:00,2641.0,2647.77,2630.2,2643.43,15675.3127
2025-06-04 10:00:00,2643.43,2650.0,2635.2,2638.45,14828.3446
2025-06-04 11:00:00,2638.44,2644.88,2624.0,2624.4,17046.019
2025-06-04 12:00:00,2624.41,2638.68,2614.51,2616.73,37104.8818
2025-06-04 13:00:00,2616.74,2628.72,2607.8,2614.78,23843.9691
2025-06-04 14:00:00,2614.77,2641.7,2594.49,2640.38,45960.6861
2025-06-04 15:00:00,2640.38,2679.88,2633.76,2667.93,65791.7486
2025-06-04 16:00:00,2667.92,2669.59,2648.47,2660.0,30918.8763
2025-06-04 17:00:00,2660.0,2660.01,2631.26,2635.07,22537.5577
2025-06-04 18:00:00,2635.07,2642.24,2625.55,2629.11,12668.5906
2025-06-04 19:00:00,2629.11,2633.21,2622.22,2623.72,11182.5712
2025-06-04 20:00:00,2623.72,2625.1,2599.11,2605.67,25315.5245
2025-06-04 21:00:00,2605.67,2623.59,2599.6,2618.75,14143.3657
2025-06-04 22:00:00,2618.75,2621.46,2604.0,2605.6,14343.0869
2025-06-04 23:00:00,2605.6,2616.67,2599.54,2607.68,10477.9712
2025-06-05 00:00:00,2607.68,2614.58,2601.25,2611.7,10614.3988
2025-06-05 01:00:00,2611.71,2615.91,2604.57,2608.47,7260.2043
2025-06-05 02:00:00,2608.49,2628.64,2608.49,2620.07,13794.1134
2025-06-05 03:00:00,2620.07,2632.47,2617.31,2624.99,9007.3477
2025-06-05 04:00:00,2625.0,2634.46,2620.99,2630.37,12573.0893
2025-06-05 05:00:00,2630.37,2631.54,2608.47,2613.11,14722.3471
2025-06-05 06:00:00,2613.11,2618.02,2602.5,2604.33,17641.4411
2025-06-05 07:00:00,2604.33,2615.09,2601.08,2604.08,16588.0033
2025-06-05 08:00:00,2604.09,2610.5,2597.91,2605.42,12723.8749
2025-06-05 09:00:00,2605.42,2610.41,2602.08,2609.69,10670.4434
2025-06-05 10:00:00,2609.68,2613.72,2580.88,2596.69,25342.6125
2025-06-05 11:00:00,2596.69,2609.5,2593.5,2608.01,11101.9098
2025-06-05 12:00:00,2608.01,2640.86,2605.59,2631.66,35312.5566
2025-06-05 13:00:00,2631.65,2635.69,2580.0,2589.87,52277.9482
2025-06-05 14:00:00,2589.87,2615.7,2562.85,2587.78,74318.5506
2025-06-05 15:00:00,2587.78,2602.49,2582.0,2589.43,20203.3823
2025-06-05 16:00:00,2589.44,2591.59,2552.91,2559.38,51461.8694
2025-06-05 17:00:00,2559.39,2577.47,2558.61,2570.2,18630.2069
2025-06-05 18:00:00,2570.19,2583.99,2554.32,2576.3,22228.605
2025-06-05 19:00:00,2576.3,2578.3,2506.4,2528.96,64815.4207
2025-06-05 20:00:00,2528.96,2535.7,2393.47,2398.9,154678.8788
2025-06-05 21:00:00,2398.91,2449.16,2391.66,2437.29,79331.785
2025-06-05 22:00:00,2437.29,2437.3,2409.64,2430.15,40895.8698
2025-06-05 23:00:00,2430.16,2436.09,2411.3,2414.01,32743.1755
2025-06-06 00:00:00,2414.02,2428.38,2381.49,2426.41,62484.0585
2025-06-06 01:00:00,2426.42,2429.05,2416.68,2421.7,22545.2438
2025-06-06 02:00:00,2421.7,2436.48,2402.7,2435.4,39186.2993
2025-06-06 03:00:00,2435.4,2457.12,2428.0,2455.71,28783.9694
2025-06-06 04:00:00,2455.7,2463.8,2447.23,2458.92,24169.3302
2025-06-06 05:00:00,2458.93,2465.6,2446.68,2459.88,20073.6746
2025-06-06 06:00:00,2459.89,2468.55,2450.0,2457.95,20276.8654
2025-06-06 07:00:00,2457.96,2466.9,2451.0,2455.64,25288.6122
2025-06-06 08:00:00,2455.64,2466.09,2454.01,2461.3,14048.9605
2025-06-06 09:00:00,2461.29,2482.27,2459.82,2468.53,21151.0388
2025-06-06 10:00:00,2468.53,2487.0,2468.5,2481.8,18795.6106
2025-06-06 11:00:00,2481.8,2493.82,2472.4,2476.15,20077.5157
2025-06-06 12:00:00,2476.15,2500.0,2466.45,2475.48,40024.7866
2025-06-06 13:00:00,2475.48,2519.9,2475.48,2503.11,39271.229
2025-06-06 14:00:00,2503.11,2524.21,2494.98,2518.85,29393.5044
2025-06-06 15:00:00,2518.84,2531.36,2496.2,2509.63,39792.7053
2025-06-06 16:00:00,2509.62,2518.38,2492.49,2497.5,25441.7221
2025-06-06 17:00:00,2497.5,2501.51,2483.22,2499.5,22482.8877
2025-06-06 18:00:00,2499.51,2503.9,2488.65,2495.08,10513.8997
2025-06-06 19:00:00,2495.08,2502.2,2483.98,2484.02,12247.737
2025-06-06 20:00:00,2484.02,2507.06,2482.2,2499.71,10513.4777
2025-06-06 21:00:00,2499.71,2499.94,2487.43,2491.52,10237.6826
2025-06-06 22:00:00,2491.52,2493.47,2477.26,2482.62,12973.1399
2025-06-06 23:00:00,2482.61,2483.13,2472.71,2476.1,9069.5464
2025-06-07 00:00:00,2476.1,2482.59,2457.0,2480.81,21473.0701
2025-06-07 01:00:00,2480.8,2481.18,2466.5,2471.3,9306.421
2025-06-07 02:00:00,2471.3,2482.0,2468.35,2479.99,8146.1534
2025-06-07 03:00:00,2479.98,2493.47,2477.51,2488.98,14142.6112
2025-06-07 04:00:00,2488.99,2490.95,2480.0,2490.04,8772.0965
2025-06-07 05:00:00,2490.04,2497.0,2485.5,2494.0,13762.1977
2025-06-07 06:00:00,2494.0,2501.47,2484.42,2501.34,14477.1655
2025-06-07 07:00:00,2501.34,2502.0,2487.5,2491.28,9285.298
2025-06-07 08:00:00,2491.27,2492.23,2482.11,2483.87,5640.965
2025-06-07 09:00:00,2483.88,2490.41,2483.2,2485.8,4175.6898
2025-06-07 10:00:00,2485.8,2496.94,2484.61,2495.01,10253.0605
2025-06-07 11:00:00,2495.01,2501.4,2492.82,2495.75,9099.2939
2025-06-07 12:00:00,2495.76,2507.28,2493.57,2497.85,12861.845
2025-06-07 13:00:00,2497.85,2514.48,2492.81,2507.4,15798.0874
2025-06-07 14:00:00,2507.4,2518.31,2505.0,2515.65,13401.7507
2025-06-07 15:00:00,2515.66,2523.61,2513.0,2519.75,14300.9653
2025-06-07 16:00:00,2519.75,2525.79,2508.54,2510.18,16942.6881
2025-06-07 17:00:00,2510.17,2513.64,2506.69,2508.01,8415.4969
2025-06-07 18:00:00,2508.0,2523.45,2507.41,2516.98,8976.149
2025-06-07 19:00:00,2516.99,2523.8,2516.58,2517.31,6690.2011
2025-06-07 20:00:00,2517.3,2525.56,2517.3,2521.97,6628.2824
2025-06-07 21:00:00,2521.97,2523.58,2518.26,2522.13,3807.5826
2025-06-07 22:00:00,2522.13,2544.36,2519.59,2535.4,19975.1582
2025-06-07 23:00:00,2535.4,2536.06,2522.03,2524.63,8455.445
2025-06-08 00:00:00,2524.64,2525.92,2514.4,2517.51,11104.6327
2025-06-08 01:00:00,2517.5,2521.52,2511.1,2518.87,10088.7248
2025-06-08 02:00:00,2518.87,2518.88,2511.61,2511.68,8623.6211
2025-06-08 03:00:00,2511.68,2514.68,2508.08,2511.72,7402.9294
2025-06-08 04:00:00,2511.72,2519.9,2508.32,2516.22,6221.044
2025-06-08 05:00:00,2516.22,2516.41,2508.38,2511.41,5489.5184
2025-06-08 06:00:00,2511.41,2517.49,2511.01,2512.81,5164.4578
2025-06-08 07:00:00,2512.81,2516.4,2511.22,2514.45,3882.5876
2025-06-08 08:00:00,2514.45,2521.13,2514.45,2516.36,7408.3308
2025-06-08 09:00:00,2516.37,2517.3,2490.58,2497.48,24736.1787
2025-06-08 10:00:00,2497.48,2504.2,2492.0,2503.04,13588.3765
2025-06-08 11:00:00,2503.04,2517.0,2503.0,2513.51,10878.5849
2025-06-08 12:00:00,2513.5,2514.45,2500.21,2507.69,9692.7762
2025-06-08 13:00:00,2507.7,2527.35,2505.8,2508.78,14403.3958
2025-06-08 14:00:00,2508.78,2516.47,2503.53,2514.45,9041.5142
2025-06-08 15:00:00,2514.45,2521.61,2511.68,2514.44,7626.2408
2025-06-08 16:00:00,2514.44,2529.93,2512.62,2527.91,13926.8426
2025-06-08 17:00:00,2527.9,2534.56,2522.35,2523.2,13042.8185
2025-06-08 18:00:00,2523.2,2533.17,2518.85,2532.23,14317.9884
2025-06-08 19:00:00,2532.23,2540.5,2529.17,2532.56,12908.5788
2025-06-08 20:00:00,2532.56,2537.68,2529.6,2531.19,7711.7624
2025-06-08 21:00:00,2531.18,2548.63,2531.18,2538.19,7949.6876
2025-06-08 22:00:00,2538.2,2540.19,2500.0,2507.99,30075.1901
2025-06-08 23:00:00,2507.99,2513.51,2500.83,2509.83,11188.9318
2025-06-09 00:00:00,2509.84,2511.79,2495.0,2505.2,17776.6402
2025-06-09 01:00:00,2505.2,2505.3,2491.53,2494.9,12993.6115
2025-06-09 02:00:00,2494.9,2504.31,2489.68,2492.63,12771.9169
2025-06-09 03:00:00,2492.64,2498.02,2482.15,2496.86,20526.7174
2025-06-09 04:00:00,2496.85,2496.85,2484.2,2485.2,10435.1311
2025-06-09 05:00:00,2485.21,2491.68,2477.76,2480.88,11951.1716
2025-06-09 06:00:00,2480.88,2493.7,2477.73,2493.5,8586.3436
2025-06-09 07:00:00,2493.5,2493.5,2483.45,2491.77,7593.1918
2025-06-09 08:00:00,2491.77,2497.16,2484.47,2495.38,8828.2855
2025-06-09 09:00:00,2495.38,2522.49,2491.04,2509.29,26506.265
2025-06-09 10:00:00,2509.3,2540.63,2508.0,2534.86,42306.9714
2025-06-09 11:00:00,2534.86,2547.17,2529.59,2541.79,28029.1378
2025-06-09 12:00:00,2541.78,2548.9,2534.51,2545.41,18458.6467
2025-06-09 13:00:00,2545.41,2546.17,2509.94,2517.36,32145.0748
2025-06-09 14:00:00,2517.3,2539.7,2514.46,2530.79,20501.9793
2025-06-09 15:00:00,2530.8,2543.27,2529.8,2534.11,14171.3272
2025-06-09 16:00:00,2534.11,2573.0,2534.1,2558.1,37908.0895
2025-06-09 17:00:00,2558.09,2577.0,2555.88,2571.69,26508.2379
2025-06-09 18:00:00,2571.69,2585.87,2568.2,2584.19,20124.2425
2025-06-09 19:00:00,2584.19,2590.0,2573.23,2580.59,18391.3161
2025-06-09 20:00:00,2580.58,2593.27,2575.72,2589.48,13089.0064
2025-06-09 21:00:00,2589.47,2650.0,2589.47,2643.41,63350.1251
2025-06-09 22:00:00,2643.42,2669.42,2641.82,2665.94,46126.9903
2025-06-09 23:00:00,2665.93,2693.99,2657.85,2680.13,49645.8829
2025-06-10 00:00:00,2680.13,2726.78,2677.53,2699.08,83744.8821
2025-06-10 01:00:00,2699.09,2715.0,2696.77,2708.37,41371.051
2025-06-10 02:00:00,2708.37,2709.5,2677.82,2692.3,35963.4799
2025-06-10 03:00:00,2692.31,2694.0,2675.16,2688.88,34127.2137
2025-06-10 04:00:00,2688.89,2692.0,2685.44,2689.24,13450.5019
2025-06-10 05:00:00,2689.25,2699.27,2664.74,2670.6,34089.2587
2025-06-10 06:00:00,2670.6,2680.78,2655.61,2675.99,29813.7974
2025-06-10 07:00:00,2676.0,2685.46,2666.75,2677.35,28101.2153
2025-06-10 08:00:00,2677.36,2684.0,2670.0,2673.71,19573.3393
2025-06-10 09:00:00,2673.7,2693.52,2672.76,2692.48,30934.346
2025-06-10 10:00:00,2692.47,2697.86,2681.2,2695.11,19238.275
2025-06-10 11:00:00,2695.1,2798.76,2688.14,2773.64,155994.7393
2025-06-10 12:00:00,2773.64,2778.7,2746.23,2765.18,64064.4847
2025-06-10 13:00:00,2765.19,2778.32,2717.6,2743.68,86931.68
2025-06-10 14:00:00,2743.68,2753.81,2727.41,2736.2,59956.8379
2025-06-10 15:00:00,2736.19,2754.38,2690.0,2732.95,57534.1093
2025-06-10 16:00:00,2732.96,2748.79,2728.75,2730.81,38967.6819
2025-06-10 17:00:00,2730.82,2752.5,2730.81,2740.68,20944.2992
2025-06-10 18:00:00,2740.68,2765.27,2731.43,2754.6,32947.8993
2025-06-10 19:00:00,2754.61,2806.0,2754.6,2773.68,72106.6486
2025-06-10 20:00:00,2773.69,2775.8,2753.91,2774.11,34030.7896
2025-06-10 21:00:00,2774.1,2780.0,2734.93,2772.91,40431.8547
2025-06-10 22:00:00,2772.92,2827.0,2772.8,2803.62,72315.0761
2025-06-10 23:00:00,2803.62,2816.83,2788.09,2816.4,31772.0166
2025-06-11 00:00:00,2816.41,2834.86,2792.28,2795.3,40100.3827
2025-06-11 01:00:00,2795.3,2799.17,2778.28,2784.7,26203.9268
2025-06-11 02:00:00,2784.7,2803.3,2771.8,2781.26,21667.2507
2025-06-11 03:00:00,2781.27,2797.42,2780.51,2791.06,13785.8982
2025-06-11 04:00:00,2791.07,2804.03,2786.0,2797.1,16224.7465
2025-06-11 05:00:00,2797.1,2802.5,2786.9,2793.69,14101.0823
2025-06-11 06:00:00,2793.7,2797.95,2780.15,2792.09,15866.4275
2025-06-11 07:00:00,2792.1,2801.9,2787.98,2791.59,17448.8633
2025-06-11 08:00:00,2791.6,2793.57,2765.12,2769.23,25876.0312
2025-06-11 09:00:00,2769.22,2772.99,2761.49,2771.29,11928.8571
