timestamp,open,high,low,close,volume
2024-05-27 10:00:00,2.207,2.221,2.199,2.216,215859.0
2024-05-27 11:00:00,2.216,2.228,2.207,2.223,133652.0
2024-05-27 12:00:00,2.222,2.228,2.205,2.219,184822.0
2024-05-27 13:00:00,2.219,2.29,2.219,2.279,572580.0
2024-05-27 14:00:00,2.277,2.35,2.274,2.314,1060365.0
2024-05-27 15:00:00,2.316,2.333,2.272,2.325,823202.0
2024-05-27 16:00:00,2.325,2.345,2.323,2.328,540879.0
2024-05-27 17:00:00,2.327,2.361,2.311,2.354,438928.0
2024-05-27 18:00:00,2.354,2.356,2.329,2.332,176036.0
2024-05-27 19:00:00,2.332,2.356,2.3,2.313,352668.0
2024-05-27 20:00:00,2.314,2.374,2.306,2.334,543442.0
2024-05-27 21:00:00,2.334,2.38,2.322,2.325,332691.0
2024-05-27 22:00:00,2.326,2.333,2.319,2.32,122818.0
2024-05-27 23:00:00,2.319,2.351,2.317,2.341,199771.0
2024-05-28 00:00:00,2.341,2.349,2.29,2.294,306600.0
2024-05-28 01:00:00,2.293,2.312,2.246,2.249,521333.0
2024-05-28 02:00:00,2.249,2.274,2.224,2.268,392799.0
2024-05-28 03:00:00,2.267,2.275,2.224,2.237,338104.0
2024-05-28 04:00:00,2.238,2.242,2.193,2.209,373165.0
2024-05-28 05:00:00,2.207,2.247,2.199,2.247,242913.0
2024-05-28 06:00:00,2.246,2.256,2.223,2.246,341367.0
2024-05-28 07:00:00,2.245,2.254,2.234,2.244,149954.0
2024-05-28 08:00:00,2.244,2.252,2.229,2.246,279469.0
2024-05-28 09:00:00,2.244,2.266,2.235,2.24,469971.0
2024-05-28 10:00:00,2.239,2.262,2.234,2.24,428846.0
2024-05-28 11:00:00,2.24,2.263,2.232,2.234,234754.0
2024-05-28 12:00:00,2.234,2.238,2.214,2.224,436967.0
2024-05-28 13:00:00,2.223,2.243,2.21,2.221,371398.0
2024-05-28 14:00:00,2.22,2.242,2.201,2.213,371143.0
2024-05-28 15:00:00,2.213,2.238,2.21,2.23,374880.0
2024-05-28 16:00:00,2.231,2.246,2.21,2.214,223876.0
2024-05-28 17:00:00,2.215,2.252,2.21,2.232,448745.0
2024-05-28 18:00:00,2.232,2.251,2.21,2.226,353097.0
2024-05-28 19:00:00,2.227,2.255,2.226,2.246,142098.0
2024-05-28 20:00:00,2.246,2.259,2.236,2.24,174752.0
2024-05-28 21:00:00,2.239,2.24,2.225,2.225,97204.0
2024-05-28 22:00:00,2.225,2.247,2.205,2.217,370474.0
2024-05-28 23:00:00,2.216,2.237,2.208,2.231,173572.0
2024-05-29 00:00:00,2.231,2.239,2.217,2.221,151176.0
2024-05-29 01:00:00,2.221,2.231,2.21,2.221,223826.0
2024-05-29 02:00:00,2.221,2.233,2.218,2.227,276180.0
2024-05-29 03:00:00,2.227,2.247,2.217,2.245,435003.0
2024-05-29 04:00:00,2.246,2.36,2.243,2.321,1600602.0
2024-05-29 05:00:00,2.32,2.345,2.295,2.314,606057.0
2024-05-29 06:00:00,2.313,2.356,2.311,2.331,566670.0
2024-05-29 07:00:00,2.331,2.337,2.281,2.286,600328.0
2024-05-29 08:00:00,2.288,2.307,2.245,2.307,924866.0
2024-05-29 09:00:00,2.306,2.364,2.297,2.336,886505.0
2024-05-29 10:00:00,2.337,2.415,2.33,2.398,1562838.0
2024-05-29 11:00:00,2.398,2.402,2.357,2.361,454258.0
2024-05-29 12:00:00,2.361,2.393,2.336,2.346,632438.0
2024-05-29 13:00:00,2.346,2.45,2.338,2.416,1684006.0
2024-05-29 14:00:00,2.416,2.495,2.41,2.467,2289561.0
2024-05-29 15:00:00,2.468,2.48,2.396,2.407,1406654.0
2024-05-29 16:00:00,2.407,2.54,2.384,2.519,2393369.0
2024-05-29 17:00:00,2.52,2.55,2.475,2.495,1368959.0
2024-05-29 18:00:00,2.496,2.511,2.466,2.472,489573.0
2024-05-29 19:00:00,2.472,2.503,2.454,2.456,447582.0
2024-05-29 20:00:00,2.456,2.461,2.411,2.422,593886.0
2024-05-29 21:00:00,2.421,2.426,2.38,2.4,592263.0
2024-05-29 22:00:00,2.401,2.416,2.388,2.408,329008.0
2024-05-29 23:00:00,2.407,2.447,2.406,2.427,711692.0
2024-05-30 00:00:00,2.426,2.523,2.425,2.486,1273185.0
2024-05-30 01:00:00,2.486,2.534,2.448,2.499,939226.0
2024-05-30 02:00:00,2.499,2.57,2.499,2.528,1124416.0
2024-05-30 03:00:00,2.528,2.554,2.512,2.525,483373.0
2024-05-30 04:00:00,2.526,2.552,2.495,2.503,568091.0
2024-05-30 05:00:00,2.502,2.521,2.475,2.505,762743.0
2024-05-30 06:00:00,2.505,2.506,2.452,2.462,1252134.0
2024-05-30 07:00:00,2.462,2.474,2.396,2.4,1049212.0
2024-05-30 08:00:00,2.4,2.453,2.362,2.428,1509581.0
2024-05-30 09:00:00,2.427,2.509,2.414,2.495,1212880.0
2024-05-30 10:00:00,2.494,2.595,2.486,2.573,2380871.0
2024-05-30 11:00:00,2.572,2.607,2.524,2.535,1296633.0
2024-05-30 12:00:00,2.534,2.625,2.533,2.57,1523117.0
2024-05-30 13:00:00,2.569,2.602,2.547,2.589,948345.0
2024-05-30 14:00:00,2.588,2.645,2.559,2.565,1228047.0
2024-05-30 15:00:00,2.565,2.62,2.559,2.612,839434.0
2024-05-30 16:00:00,2.612,2.617,2.585,2.601,455394.0
2024-05-30 17:00:00,2.601,2.633,2.564,2.59,631091.0
2024-05-30 18:00:00,2.59,2.606,2.575,2.583,324160.0
2024-05-30 19:00:00,2.583,2.59,2.537,2.545,587443.0
2024-05-30 20:00:00,2.545,2.546,2.485,2.496,645009.0
2024-05-30 21:00:00,2.496,2.499,2.471,2.487,244639.0
2024-05-30 22:00:00,2.487,2.516,2.477,2.508,299092.0
2024-05-30 23:00:00,2.508,2.514,2.477,2.487,321516.0
2024-05-31 00:00:00,2.488,2.493,2.451,2.463,378282.0
2024-05-31 01:00:00,2.462,2.477,2.423,2.434,513289.0
2024-05-31 02:00:00,2.435,2.466,2.43,2.445,292460.0
2024-05-31 03:00:00,2.445,2.476,2.438,2.465,441965.0
2024-05-31 04:00:00,2.465,2.524,2.465,2.501,547484.0
2024-05-31 05:00:00,2.502,2.509,2.455,2.481,358156.0
2024-05-31 06:00:00,2.48,2.551,2.48,2.523,869151.0
2024-05-31 07:00:00,2.524,2.571,2.523,2.528,766900.0
2024-05-31 08:00:00,2.53,2.579,2.523,2.563,502011.0
2024-05-31 09:00:00,2.562,2.622,2.531,2.618,1864146.0
2024-05-31 10:00:00,2.618,2.685,2.616,2.668,1402648.0
2024-05-31 11:00:00,2.668,2.695,2.638,2.659,1138198.0
2024-05-31 12:00:00,2.659,2.691,2.645,2.653,1196712.0
2024-05-31 13:00:00,2.651,2.679,2.587,2.592,1180275.0
2024-05-31 14:00:00,2.592,2.594,2.538,2.576,938633.0
2024-05-31 15:00:00,2.576,2.59,2.548,2.554,500304.0
2024-05-31 16:00:00,2.555,2.569,2.503,2.542,883868.0
2024-05-31 17:00:00,2.542,2.567,2.521,2.56,353286.0
2024-05-31 18:00:00,2.559,2.561,2.539,2.551,230631.0
2024-05-31 19:00:00,2.552,2.576,2.546,2.558,271001.0
2024-05-31 20:00:00,2.558,2.589,2.546,2.588,196095.0
2024-05-31 21:00:00,2.588,2.618,2.58,2.609,339312.0
2024-05-31 22:00:00,2.61,2.631,2.59,2.594,343647.0
2024-05-31 23:00:00,2.594,2.622,2.589,2.605,254043.0
2024-06-01 00:00:00,2.605,2.622,2.556,2.563,427638.0
2024-06-01 01:00:00,2.563,2.568,2.537,2.554,291025.0
2024-06-01 02:00:00,2.555,2.565,2.526,2.531,272820.0
2024-06-01 03:00:00,2.532,2.535,2.504,2.521,475904.0
2024-06-01 04:00:00,2.52,2.534,2.514,2.517,131020.0
2024-06-01 05:00:00,2.517,2.528,2.507,2.524,117671.0
2024-06-01 06:00:00,2.525,2.532,2.505,2.509,216617.0
2024-06-01 07:00:00,2.509,2.511,2.478,2.492,341308.0
2024-06-01 08:00:00,2.492,2.507,2.484,2.487,267687.0
2024-06-01 09:00:00,2.487,2.506,2.474,2.499,436354.0
2024-06-01 10:00:00,2.499,2.499,2.487,2.494,98088.0
2024-06-01 11:00:00,2.495,2.516,2.495,2.503,192952.0
2024-06-01 12:00:00,2.503,2.528,2.502,2.518,197114.0
2024-06-01 13:00:00,2.518,2.541,2.517,2.538,222887.0
2024-06-01 14:00:00,2.538,2.576,2.533,2.552,344156.0
2024-06-01 15:00:00,2.552,2.562,2.525,2.527,367572.0
2024-06-01 16:00:00,2.528,2.584,2.522,2.578,422413.0
2024-06-01 17:00:00,2.577,2.612,2.565,2.58,358353.0
2024-06-01 18:00:00,2.579,2.584,2.55,2.575,144148.0
2024-06-01 19:00:00,2.576,2.582,2.554,2.562,178423.0
2024-06-01 20:00:00,2.561,2.574,2.558,2.572,126551.0
2024-06-01 21:00:00,2.572,2.574,2.55,2.555,203713.0
2024-06-01 22:00:00,2.555,2.574,2.535,2.536,199042.0
2024-06-01 23:00:00,2.536,2.547,2.527,2.537,239971.0
2024-06-02 00:00:00,2.537,2.583,2.537,2.561,255355.0
2024-06-02 01:00:00,2.56,2.584,2.548,2.573,294018.0
2024-06-02 02:00:00,2.574,2.579,2.539,2.579,342707.0
2024-06-02 03:00:00,2.578,2.64,2.574,2.627,535470.0
2024-06-02 04:00:00,2.626,2.66,2.623,2.647,383735.0
2024-06-02 05:00:00,2.646,2.656,2.574,2.589,570204.0
2024-06-02 06:00:00,2.589,2.615,2.575,2.615,299968.0
2024-06-02 07:00:00,2.615,2.628,2.567,2.569,400043.0
2024-06-02 08:00:00,2.569,2.574,2.548,2.549,320202.0
2024-06-02 09:00:00,2.548,2.557,2.501,2.521,574330.0
2024-06-02 10:00:00,2.521,2.525,2.491,2.505,411227.0
2024-06-02 11:00:00,2.505,2.534,2.486,2.521,333210.0
2024-06-02 12:00:00,2.523,2.523,2.486,2.502,370167.0
2024-06-02 13:00:00,2.501,2.521,2.48,2.51,227378.0
2024-06-02 14:00:00,2.51,2.532,2.503,2.525,388148.0
2024-06-02 15:00:00,2.526,2.552,2.518,2.524,397416.0
2024-06-02 16:00:00,2.523,2.525,2.496,2.504,313708.0
2024-06-02 17:00:00,2.504,2.511,2.458,2.462,535001.0
2024-06-02 18:00:00,2.462,2.497,2.428,2.497,439755.0
2024-06-02 19:00:00,2.496,2.529,2.484,2.518,279967.0
2024-06-02 20:00:00,2.518,2.523,2.481,2.493,160725.0
2024-06-02 21:00:00,2.492,2.502,2.473,2.499,132179.0
2024-06-02 22:00:00,2.499,2.504,2.47,2.484,104843.0
2024-06-02 23:00:00,2.484,2.493,2.478,2.479,89775.0
2024-06-03 00:00:00,2.48,2.499,2.443,2.451,189680.0
2024-06-03 01:00:00,2.454,2.526,2.447,2.52,279089.0
2024-06-03 02:00:00,2.522,2.543,2.489,2.498,552388.0
2024-06-03 03:00:00,2.5,2.504,2.474,2.482,215194.0
2024-06-03 04:00:00,2.482,2.49,2.451,2.471,300237.0
2024-06-03 05:00:00,2.471,2.494,2.444,2.463,326481.0
2024-06-03 06:00:00,2.463,2.502,2.448,2.493,578186.0
2024-06-03 07:00:00,2.494,2.509,2.471,2.475,336854.0
2024-06-03 08:00:00,2.476,2.511,2.467,2.485,343538.0
2024-06-03 09:00:00,2.484,2.487,2.457,2.465,413521.0
2024-06-03 10:00:00,2.465,2.493,2.465,2.475,155813.0
2024-06-03 11:00:00,2.475,2.521,2.473,2.481,310405.0
2024-06-03 12:00:00,2.483,2.536,2.479,2.53,352264.0
2024-06-03 13:00:00,2.528,2.538,2.5,2.502,370581.0
2024-06-03 14:00:00,2.502,2.518,2.447,2.454,482002.0
2024-06-03 15:00:00,2.453,2.501,2.451,2.499,341386.0
2024-06-03 16:00:00,2.5,2.505,2.458,2.475,199431.0
2024-06-03 17:00:00,2.474,2.495,2.461,2.494,122640.0
2024-06-03 18:00:00,2.494,2.505,2.486,2.493,163973.0
2024-06-03 19:00:00,2.49,2.499,2.482,2.487,129183.0
2024-06-03 20:00:00,2.487,2.513,2.478,2.506,117550.0
2024-06-03 21:00:00,2.505,2.522,2.482,2.484,204404.0
2024-06-03 22:00:00,2.484,2.484,2.457,2.462,123124.0
2024-06-03 23:00:00,2.46,2.467,2.444,2.455,145278.0
2024-06-04 00:00:00,2.456,2.499,2.452,2.493,203211.0
2024-06-04 01:00:00,2.492,2.511,2.479,2.495,198744.0
2024-06-04 02:00:00,2.494,2.495,2.463,2.474,250624.0
2024-06-04 03:00:00,2.474,2.487,2.455,2.476,150153.0
2024-06-04 04:00:00,2.475,2.504,2.462,2.467,189635.0
2024-06-04 05:00:00,2.467,2.481,2.458,2.467,99897.0
2024-06-04 06:00:00,2.467,2.473,2.454,2.458,159891.0
2024-06-04 07:00:00,2.456,2.48,2.454,2.464,202699.0
2024-06-04 08:00:00,2.464,2.483,2.451,2.451,221491.0
2024-06-04 09:00:00,2.451,2.451,2.422,2.427,302176.0
2024-06-04 10:00:00,2.426,2.465,2.424,2.462,97920.0
2024-06-04 11:00:00,2.462,2.492,2.452,2.49,284065.0
2024-06-04 12:00:00,2.488,2.536,2.486,2.489,713046.0
2024-06-04 13:00:00,2.488,2.575,2.485,2.566,626565.0
2024-06-04 14:00:00,2.566,2.577,2.533,2.542,513326.0
2024-06-04 15:00:00,2.544,2.609,2.544,2.587,818671.0
2024-06-04 16:00:00,2.588,2.654,2.578,2.626,918104.0
2024-06-04 17:00:00,2.626,2.667,2.625,2.651,593274.0
2024-06-04 18:00:00,2.654,2.671,2.642,2.655,339518.0
2024-06-04 19:00:00,2.657,2.662,2.613,2.632,400984.0
2024-06-04 20:00:00,2.632,2.653,2.621,2.639,266818.0
2024-06-04 21:00:00,2.638,2.646,2.622,2.638,257027.0
2024-06-04 22:00:00,2.64,2.675,2.631,2.67,321323.0
2024-06-04 23:00:00,2.67,2.712,2.659,2.697,725295.0
2024-06-05 00:00:00,2.697,2.764,2.687,2.699,1328654.0
2024-06-05 01:00:00,2.698,2.725,2.682,2.713,394078.0
2024-06-05 02:00:00,2.714,2.718,2.663,2.678,427200.0
2024-06-05 03:00:00,2.678,2.689,2.662,2.668,386143.0
2024-06-05 04:00:00,2.668,2.674,2.656,2.67,250605.0
2024-06-05 05:00:00,2.669,2.69,2.661,2.67,219325.0
2024-06-05 06:00:00,2.67,2.815,2.656,2.8,1542393.0
2024-06-05 07:00:00,2.8,2.817,2.73,2.741,1422276.0
2024-06-05 08:00:00,2.74,2.765,2.71,2.713,708502.0
2024-06-05 09:00:00,2.713,2.729,2.69,2.709,496170.0
2024-06-05 10:00:00,2.709,2.753,2.7,2.736,339526.0
2024-06-05 11:00:00,2.735,2.783,2.733,2.749,446348.0
2024-06-05 12:00:00,2.748,2.768,2.718,2.753,345613.0
2024-06-05 13:00:00,2.754,2.754,2.715,2.729,479048.0
2024-06-05 14:00:00,2.73,2.759,2.705,2.75,592400.0
2024-06-05 15:00:00,2.75,2.79,2.744,2.786,737762.0
2024-06-05 16:00:00,2.785,2.801,2.714,2.752,675018.0
2024-06-05 17:00:00,2.752,2.768,2.736,2.743,293867.0
2024-06-05 18:00:00,2.743,2.748,2.725,2.73,204484.0
2024-06-05 19:00:00,2.731,2.748,2.724,2.742,95671.0
2024-06-05 20:00:00,2.742,2.743,2.714,2.722,100202.0
2024-06-05 21:00:00,2.721,2.726,2.711,2.712,102001.0
2024-06-05 22:00:00,2.711,2.718,2.678,2.687,388260.0
2024-06-05 23:00:00,2.687,2.717,2.683,2.69,281725.0
2024-06-06 00:00:00,2.691,2.691,2.653,2.659,289116.0
2024-06-06 01:00:00,2.659,2.668,2.632,2.642,385761.0
2024-06-06 02:00:00,2.642,2.645,2.627,2.63,219647.0
2024-06-06 03:00:00,2.631,2.64,2.621,2.624,188090.0
2024-06-06 04:00:00,2.625,2.648,2.618,2.647,259763.0
2024-06-06 05:00:00,2.647,2.648,2.627,2.631,145805.0
2024-06-06 06:00:00,2.63,2.633,2.603,2.616,382308.0
2024-06-06 07:00:00,2.617,2.673,2.606,2.634,327694.0
2024-06-06 08:00:00,2.634,2.651,2.615,2.624,352069.0
2024-06-06 09:00:00,2.625,2.64,2.621,2.624,239658.0
2024-06-06 10:00:00,2.624,2.639,2.608,2.629,253366.0
2024-06-06 11:00:00,2.629,2.636,2.613,2.619,217811.0
2024-06-06 12:00:00,2.619,2.636,2.612,2.627,353529.0
2024-06-06 13:00:00,2.627,2.642,2.622,2.63,279326.0
2024-06-06 14:00:00,2.63,2.637,2.616,2.623,311647.0
2024-06-06 15:00:00,2.623,2.63,2.61,2.612,244202.0
2024-06-06 16:00:00,2.613,2.616,2.582,2.6,382829.0
2024-06-06 17:00:00,2.599,2.622,2.586,2.615,238692.0
2024-06-06 18:00:00,2.613,2.62,2.603,2.616,83680.0
2024-06-06 19:00:00,2.614,2.618,2.586,2.588,155239.0
2024-06-06 20:00:00,2.588,2.622,2.561,2.619,273567.0
2024-06-06 21:00:00,2.619,2.637,2.616,2.628,217835.0
2024-06-06 22:00:00,2.625,2.641,2.621,2.633,89967.0
2024-06-06 23:00:00,2.633,2.665,2.629,2.662,146250.0
2024-06-07 00:00:00,2.662,2.739,2.658,2.688,1109795.0
2024-06-07 01:00:00,2.69,2.699,2.661,2.684,217526.0
2024-06-07 02:00:00,2.684,2.697,2.662,2.664,345926.0
2024-06-07 03:00:00,2.664,2.664,2.639,2.653,408568.0
2024-06-07 04:00:00,2.654,2.718,2.648,2.685,395685.0
2024-06-07 05:00:00,2.686,2.717,2.683,2.703,295431.0
2024-06-07 06:00:00,2.704,2.731,2.689,2.729,386408.0
2024-06-07 07:00:00,2.729,2.734,2.7,2.703,226733.0
2024-06-07 08:00:00,2.703,2.719,2.694,2.706,226334.0
2024-06-07 09:00:00,2.707,2.709,2.67,2.69,216996.0
2024-06-07 10:00:00,2.689,2.689,2.649,2.661,274166.0
2024-06-07 11:00:00,2.659,2.67,2.653,2.66,286647.0
2024-06-07 12:00:00,2.66,2.666,2.568,2.58,1665619.0
2024-06-07 13:00:00,2.58,2.614,2.553,2.6,698548.0
2024-06-07 14:00:00,2.599,2.616,2.596,2.606,184714.0
2024-06-07 15:00:00,2.605,2.609,2.573,2.586,230787.0
2024-06-07 16:00:00,2.585,2.587,2.532,2.543,359703.0
2024-06-07 17:00:00,2.543,2.545,2.499,2.499,481391.0
2024-06-07 18:00:00,2.5,2.507,2.2,2.408,3675127.0
2024-06-07 19:00:00,2.409,2.457,2.368,2.45,752126.0
2024-06-07 20:00:00,2.452,2.468,2.419,2.467,368390.0
2024-06-07 21:00:00,2.467,2.472,2.437,2.445,192831.0
2024-06-07 22:00:00,2.443,2.446,2.43,2.438,232186.0
2024-06-07 23:00:00,2.437,2.437,2.401,2.403,415870.0
2024-06-08 00:00:00,2.404,2.444,2.39,2.427,259942.0
2024-06-08 01:00:00,2.427,2.458,2.423,2.451,145836.0
2024-06-08 02:00:00,2.45,2.463,2.436,2.459,301329.0
2024-06-08 03:00:00,2.457,2.464,2.443,2.458,194511.0
2024-06-08 04:00:00,2.458,2.459,2.418,2.419,189077.0
2024-06-08 05:00:00,2.419,2.423,2.387,2.4,294729.0
2024-06-08 06:00:00,2.4,2.416,2.387,2.405,266853.0
2024-06-08 07:00:00,2.405,2.448,2.398,2.44,388704.0
2024-06-08 08:00:00,2.44,2.5,2.433,2.443,453624.0
2024-06-08 09:00:00,2.442,2.451,2.42,2.429,185794.0
2024-06-08 10:00:00,2.431,2.435,2.402,2.417,270560.0
2024-06-08 11:00:00,2.416,2.422,2.329,2.344,542189.0
2024-06-08 12:00:00,2.343,2.368,2.322,2.336,458644.0
2024-06-08 13:00:00,2.336,2.342,2.263,2.338,697120.0
2024-06-08 14:00:00,2.338,2.347,2.309,2.343,298321.0
2024-06-08 15:00:00,2.342,2.345,2.314,2.319,179226.0
2024-06-08 16:00:00,2.318,2.32,2.267,2.271,467619.0
2024-06-08 17:00:00,2.271,2.297,2.248,2.283,405909.0
2024-06-08 18:00:00,2.282,2.319,2.278,2.296,407250.0
2024-06-08 19:00:00,2.294,2.311,2.28,2.284,143192.0
2024-06-08 20:00:00,2.284,2.295,2.279,2.292,80147.0
2024-06-08 21:00:00,2.292,2.301,2.277,2.278,198439.0
2024-06-08 22:00:00,2.277,2.283,2.24,2.264,453696.0
2024-06-08 23:00:00,2.264,2.267,2.248,2.255,133615.0
2024-06-09 00:00:00,2.255,2.281,2.249,2.256,181968.0
2024-06-09 01:00:00,2.256,2.279,2.249,2.272,209783.0
2024-06-09 02:00:00,2.272,2.273,2.218,2.223,248403.0
2024-06-09 03:00:00,2.224,2.257,2.218,2.253,201548.0
2024-06-09 04:00:00,2.253,2.273,2.25,2.256,130200.0
2024-06-09 05:00:00,2.257,2.267,2.231,2.261,233926.0
2024-06-09 06:00:00,2.261,2.295,2.259,2.285,430423.0
2024-06-09 07:00:00,2.284,2.305,2.279,2.282,246067.0
2024-06-09 08:00:00,2.282,2.305,2.27,2.302,146305.0
2024-06-09 09:00:00,2.302,2.329,2.3,2.311,227373.0
2024-06-09 10:00:00,2.311,2.323,2.301,2.304,160798.0
2024-06-09 11:00:00,2.303,2.314,2.296,2.297,127001.0
2024-06-09 12:00:00,2.297,2.337,2.277,2.324,487837.0
2024-06-09 13:00:00,2.323,2.332,2.276,2.291,281422.0
2024-06-09 14:00:00,2.292,2.309,2.289,2.302,152567.0
2024-06-09 15:00:00,2.302,2.305,2.287,2.291,107037.0
2024-06-09 16:00:00,2.292,2.315,2.287,2.31,100629.0
2024-06-09 17:00:00,2.311,2.313,2.289,2.292,239647.0
2024-06-09 18:00:00,2.293,2.311,2.284,2.308,121633.0
2024-06-09 19:00:00,2.309,2.326,2.295,2.304,170754.0
2024-06-09 20:00:00,2.303,2.305,2.289,2.294,106090.0
2024-06-09 21:00:00,2.296,2.298,2.28,2.291,119559.0
2024-06-09 22:00:00,2.291,2.299,2.284,2.29,70766.0
2024-06-09 23:00:00,2.289,2.31,2.28,2.291,196712.0
2024-06-10 00:00:00,2.291,2.292,2.272,2.283,180703.0
2024-06-10 01:00:00,2.282,2.305,2.267,2.291,166215.0
2024-06-10 02:00:00,2.29,2.334,2.287,2.291,337039.0
2024-06-10 03:00:00,2.293,2.293,2.253,2.261,289251.0
2024-06-10 04:00:00,2.26,2.271,2.234,2.265,338896.0
2024-06-10 05:00:00,2.265,2.27,2.238,2.249,161590.0
2024-06-10 06:00:00,2.25,2.268,2.215,2.23,586244.0
2024-06-10 07:00:00,2.231,2.231,2.159,2.164,676940.0
2024-06-10 08:00:00,2.163,2.206,2.127,2.191,894233.0
2024-06-10 09:00:00,2.191,2.242,2.191,2.224,414056.0
2024-06-10 10:00:00,2.224,2.243,2.215,2.239,297980.0
2024-06-10 11:00:00,2.24,2.241,2.209,2.218,284917.0
2024-06-10 12:00:00,2.218,2.223,2.192,2.199,204760.0
2024-06-10 13:00:00,2.199,2.206,2.172,2.185,298839.0
2024-06-10 14:00:00,2.183,2.212,2.164,2.204,310288.0
2024-06-10 15:00:00,2.204,2.289,2.202,2.258,808261.0
2024-06-10 16:00:00,2.259,2.265,2.222,2.234,367906.0
2024-06-10 17:00:00,2.235,2.235,2.214,2.23,179794.0
2024-06-10 18:00:00,2.229,2.235,2.179,2.21,869177.0
2024-06-10 19:00:00,2.21,2.216,2.171,2.179,333109.0
2024-06-10 20:00:00,2.18,2.18,2.14,2.154,385565.0
2024-06-10 21:00:00,2.152,2.162,2.132,2.152,171717.0
2024-06-10 22:00:00,2.151,2.153,2.133,2.145,109091.0
2024-06-10 23:00:00,2.144,2.153,2.115,2.124,382659.0
2024-06-11 00:00:00,2.125,2.148,2.116,2.127,224382.0
2024-06-11 01:00:00,2.128,2.152,2.028,2.086,666691.0
2024-06-11 02:00:00,2.083,2.106,2.047,2.099,719232.0
2024-06-11 03:00:00,2.098,2.11,2.077,2.082,274105.0
2024-06-11 04:00:00,2.082,2.088,2.052,2.07,514415.0
2024-06-11 05:00:00,2.07,2.086,2.065,2.086,385902.0
2024-06-11 06:00:00,2.084,2.091,2.043,2.056,294977.0
2024-06-11 07:00:00,2.056,2.082,2.049,2.066,306133.0
2024-06-11 08:00:00,2.066,2.128,2.064,2.104,571426.0
2024-06-11 09:00:00,2.103,2.123,2.082,2.096,446731.0
2024-06-11 10:00:00,2.096,2.113,2.082,2.087,185308.0
2024-06-11 11:00:00,2.087,2.106,2.079,2.095,166005.0
2024-06-11 12:00:00,2.094,2.109,2.054,2.055,288667.0
2024-06-11 13:00:00,2.054,2.078,2.017,2.034,675387.0
2024-06-11 14:00:00,2.034,2.065,2.03,2.046,374718.0
2024-06-11 15:00:00,2.049,2.053,1.956,2.0,1182116.0
2024-06-11 16:00:00,1.999,2.047,1.996,2.019,589401.0
2024-06-11 17:00:00,2.019,2.028,1.973,2.019,551205.0
2024-06-11 18:00:00,2.021,2.046,2.012,2.035,271708.0
2024-06-11 19:00:00,2.034,2.06,2.032,2.048,232208.0
2024-06-11 20:00:00,2.048,2.052,2.033,2.04,82967.0
2024-06-11 21:00:00,2.04,2.046,2.031,2.044,151535.0
2024-06-11 22:00:00,2.042,2.045,2.03,2.035,99451.0
2024-06-11 23:00:00,2.035,2.038,2.012,2.028,196291.0
2024-06-12 00:00:00,2.029,2.04,2.003,2.006,172749.0
2024-06-12 01:00:00,2.006,2.019,1.958,1.996,290781.0
2024-06-12 02:00:00,1.994,2.041,1.99,2.036,255172.0
2024-06-12 03:00:00,2.035,2.059,2.034,2.055,132061.0
2024-06-12 04:00:00,2.056,2.065,2.046,2.048,150025.0
2024-06-12 05:00:00,2.049,2.051,2.027,2.044,156331.0
2024-06-12 06:00:00,2.044,2.074,2.041,2.056,201309.0
2024-06-12 07:00:00,2.055,2.063,2.043,2.06,221242.0
2024-06-12 08:00:00,2.059,2.083,2.053,2.06,470626.0
2024-06-12 09:00:00,2.061,2.069,2.048,2.066,269931.0
2024-06-12 10:00:00,2.064,2.1,2.063,2.094,500367.0
2024-06-12 11:00:00,2.094,2.098,2.065,2.069,218268.0
2024-06-12 12:00:00,2.069,2.256,2.067,2.243,2005221.0
2024-06-12 13:00:00,2.243,2.286,2.204,2.213,1099718.0
2024-06-12 14:00:00,2.213,2.284,2.207,2.262,670176.0
2024-06-12 15:00:00,2.259,2.299,2.252,2.292,632592.0
2024-06-12 16:00:00,2.293,2.305,2.258,2.292,405915.0
2024-06-12 17:00:00,2.292,2.336,2.276,2.325,473367.0
2024-06-12 18:00:00,2.323,2.332,2.228,2.234,1090911.0
2024-06-12 19:00:00,2.234,2.3,2.181,2.197,1025574.0
2024-06-12 20:00:00,2.197,2.246,2.178,2.242,523884.0
2024-06-12 21:00:00,2.242,2.255,2.229,2.236,225551.0
2024-06-12 22:00:00,2.236,2.268,2.233,2.264,153430.0
2024-06-12 23:00:00,2.261,2.268,2.243,2.249,119190.0
2024-06-13 00:00:00,2.249,2.249,2.209,2.229,407736.0
2024-06-13 01:00:00,2.228,2.239,2.189,2.193,388793.0
2024-06-13 02:00:00,2.193,2.197,2.135,2.14,451041.0
2024-06-13 03:00:00,2.139,2.139,2.094,2.134,652631.0
2024-06-13 04:00:00,2.133,2.153,2.13,2.135,278400.0
2024-06-13 05:00:00,2.138,2.157,2.135,2.142,136549.0
2024-06-13 06:00:00,2.142,2.145,2.115,2.116,197544.0
2024-06-13 07:00:00,2.116,2.134,2.1,2.122,305373.0
2024-06-13 08:00:00,2.123,2.135,2.116,2.117,208505.0
2024-06-13 09:00:00,2.117,2.125,2.096,2.119,215143.0
2024-06-13 10:00:00,2.119,2.125,2.094,2.119,221866.0
2024-06-13 11:00:00,2.119,2.124,2.08,2.086,344065.0
2024-06-13 12:00:00,2.087,2.13,2.062,2.077,553321.0
2024-06-13 13:00:00,2.078,2.127,2.067,2.092,355019.0
2024-06-13 14:00:00,2.093,2.102,2.068,2.08,547555.0
2024-06-13 15:00:00,2.081,2.09,2.005,2.023,1039559.0
2024-06-13 16:00:00,2.023,2.054,2.008,2.05,519717.0
2024-06-13 17:00:00,2.051,2.073,2.039,2.059,195079.0
2024-06-13 18:00:00,2.059,2.069,2.041,2.053,135422.0
2024-06-13 19:00:00,2.052,2.053,2.037,2.039,96453.0
2024-06-13 20:00:00,2.039,2.046,2.014,2.024,156629.0
2024-06-13 21:00:00,2.024,2.024,1.987,2.006,306750.0
2024-06-13 22:00:00,2.005,2.014,1.984,2.004,287990.0
2024-06-13 23:00:00,2.003,2.01,1.984,2.002,165795.0
2024-06-14 00:00:00,2.003,2.013,1.973,1.984,371803.0
2024-06-14 01:00:00,1.983,2.01,1.968,2.004,477671.0
2024-06-14 02:00:00,2.005,2.015,1.99,2.005,161957.0
2024-06-14 03:00:00,2.003,2.007,1.982,1.986,179488.0
2024-06-14 04:00:00,1.986,2.007,1.984,2.001,180739.0
2024-06-14 05:00:00,2.001,2.038,1.999,2.031,297431.0
2024-06-14 06:00:00,2.029,2.034,2.003,2.008,291571.0
2024-06-14 07:00:00,2.007,2.018,1.999,2.005,222533.0
2024-06-14 08:00:00,2.004,2.024,1.999,2.024,277021.0
2024-06-14 09:00:00,2.024,2.035,2.001,2.006,301758.0
2024-06-14 10:00:00,2.007,2.027,1.996,1.998,429622.0
2024-06-14 11:00:00,1.998,2.019,1.989,2.0,284038.0
2024-06-14 12:00:00,2.002,2.012,1.974,1.984,292049.0
2024-06-14 13:00:00,1.984,2.001,1.978,1.99,165205.0
2024-06-14 14:00:00,1.989,1.992,1.902,1.939,890030.0
2024-06-14 15:00:00,1.937,1.942,1.873,1.894,654661.0
2024-06-14 16:00:00,1.895,1.895,1.79,1.855,2402427.0
2024-06-14 17:00:00,1.854,1.875,1.834,1.849,506202.0
2024-06-14 18:00:00,1.848,1.855,1.816,1.833,456663.0
2024-06-14 19:00:00,1.833,1.838,1.801,1.804,557759.0
2024-06-14 20:00:00,1.804,1.834,1.798,1.831,491343.0
2024-06-14 21:00:00,1.831,1.909,1.831,1.888,656712.0
2024-06-14 22:00:00,1.889,1.891,1.855,1.875,422799.0
2024-06-14 23:00:00,1.877,1.886,1.864,1.872,128373.0
2024-06-15 00:00:00,1.872,1.89,1.866,1.877,281264.0
2024-06-15 01:00:00,1.879,1.893,1.867,1.876,213901.0
2024-06-15 02:00:00,1.878,1.905,1.867,1.89,178879.0
2024-06-15 03:00:00,1.891,1.902,1.882,1.898,90829.0
2024-06-15 04:00:00,1.899,1.903,1.883,1.888,120359.0
2024-06-15 05:00:00,1.887,1.903,1.887,1.888,95228.0
2024-06-15 06:00:00,1.89,1.92,1.89,1.909,189968.0
2024-06-15 07:00:00,1.91,1.932,1.904,1.911,233202.0
2024-06-15 08:00:00,1.911,1.929,1.909,1.923,180680.0
2024-06-15 09:00:00,1.923,1.924,1.897,1.902,180820.0
2024-06-15 10:00:00,1.901,1.915,1.894,1.915,108765.0
2024-06-15 11:00:00,1.915,1.916,1.904,1.909,122909.0
2024-06-15 12:00:00,1.909,1.922,1.898,1.913,170399.0
2024-06-15 13:00:00,1.912,1.912,1.888,1.9,276959.0
2024-06-15 14:00:00,1.899,1.918,1.889,1.906,311887.0
2024-06-15 15:00:00,1.905,1.922,1.896,1.91,194168.0
2024-06-15 16:00:00,1.909,1.917,1.89,1.892,267853.0
2024-06-15 17:00:00,1.893,1.898,1.877,1.895,285769.0
2024-06-15 18:00:00,1.895,1.895,1.876,1.881,120266.0
2024-06-15 19:00:00,1.881,1.887,1.866,1.88,203401.0
2024-06-15 20:00:00,1.882,1.887,1.86,1.864,161385.0
2024-06-15 21:00:00,1.866,1.878,1.862,1.875,133001.0
2024-06-15 22:00:00,1.875,1.879,1.865,1.878,86348.0
2024-06-15 23:00:00,1.877,1.877,1.861,1.867,110628.0
2024-06-16 00:00:00,1.867,1.874,1.855,1.856,124234.0
2024-06-16 01:00:00,1.855,1.871,1.842,1.86,190243.0
2024-06-16 02:00:00,1.86,1.873,1.847,1.85,183534.0
2024-06-16 03:00:00,1.85,1.854,1.837,1.846,102733.0
2024-06-16 04:00:00,1.846,1.847,1.826,1.837,187248.0
2024-06-16 05:00:00,1.836,1.863,1.834,1.855,122756.0
2024-06-16 06:00:00,1.855,1.867,1.844,1.864,160183.0
2024-06-16 07:00:00,1.864,1.878,1.861,1.874,226979.0
2024-06-16 08:00:00,1.873,1.873,1.855,1.859,177665.0
2024-06-16 09:00:00,1.859,1.875,1.855,1.872,102690.0
2024-06-16 10:00:00,1.873,1.887,1.861,1.886,216883.0
2024-06-16 11:00:00,1.886,1.888,1.874,1.88,125623.0
2024-06-16 12:00:00,1.879,1.887,1.868,1.876,118498.0
2024-06-16 13:00:00,1.879,1.906,1.877,1.896,155637.0
2024-06-16 14:00:00,1.895,1.909,1.882,1.884,190438.0
2024-06-16 15:00:00,1.883,1.906,1.883,1.899,134617.0
2024-06-16 16:00:00,1.899,1.919,1.891,1.919,211819.0
2024-06-16 17:00:00,1.918,1.937,1.903,1.907,281990.0
2024-06-16 18:00:00,1.907,1.912,1.895,1.902,83128.0
2024-06-16 19:00:00,1.902,1.919,1.902,1.91,186589.0
2024-06-16 20:00:00,1.911,1.911,1.892,1.897,191349.0
2024-06-16 21:00:00,1.896,1.896,1.887,1.889,69731.0
2024-06-16 22:00:00,1.89,1.928,1.89,1.901,238199.0
2024-06-16 23:00:00,1.902,1.909,1.892,1.898,62580.0
2024-06-17 00:00:00,1.898,1.921,1.883,1.894,116412.0
2024-06-17 01:00:00,1.893,1.893,1.858,1.864,233663.0
2024-06-17 02:00:00,1.863,1.863,1.827,1.846,263110.0
2024-06-17 03:00:00,1.846,1.85,1.825,1.832,156396.0
2024-06-17 04:00:00,1.833,1.854,1.821,1.853,159754.0
2024-06-17 05:00:00,1.853,1.856,1.831,1.836,180109.0
2024-06-17 06:00:00,1.837,1.837,1.803,1.805,306786.0
2024-06-17 07:00:00,1.805,1.812,1.7755,1.777,642818.0
2024-06-17 08:00:00,1.777,1.788,1.742,1.751,527747.0
2024-06-17 09:00:00,1.752,1.787,1.721,1.73,619416.0
2024-06-17 10:00:00,1.73,1.753,1.703,1.747,691833.0
2024-06-17 11:00:00,1.746,1.766,1.745,1.756,386974.0
2024-06-17 12:00:00,1.756,1.765,1.732,1.736,199912.0
2024-06-17 13:00:00,1.735,1.741,1.703,1.71,612976.0
2024-06-17 14:00:00,1.71,1.744,1.707,1.724,479735.0
2024-06-17 15:00:00,1.723,1.733,1.689,1.693,617653.0
2024-06-17 16:00:00,1.693,1.729,1.634,1.711,897125.0
2024-06-17 17:00:00,1.71,1.74,1.709,1.733,367841.0
2024-06-17 18:00:00,1.733,1.771,1.731,1.766,368690.0
2024-06-17 19:00:00,1.765,1.769,1.746,1.747,156882.0
2024-06-17 20:00:00,1.749,1.749,1.7,1.708,339152.0
2024-06-17 21:00:00,1.709,1.719,1.688,1.708,153738.0
2024-06-17 22:00:00,1.708,1.717,1.698,1.705,174055.0
2024-06-17 23:00:00,1.703,1.708,1.685,1.691,121847.0
2024-06-18 00:00:00,1.692,1.7,1.629,1.661,530915.0
2024-06-18 01:00:00,1.66,1.68,1.46,1.541,2783527.0
2024-06-18 02:00:00,1.541,1.583,1.517,1.57,587804.0
2024-06-18 03:00:00,1.57,1.584,1.557,1.579,232567.0
2024-06-18 04:00:00,1.58,1.594,1.565,1.588,366245.0
2024-06-18 05:00:00,1.587,1.607,1.587,1.589,264226.0
2024-06-18 06:00:00,1.59,1.609,1.586,1.589,227402.0
2024-06-18 07:00:00,1.589,1.596,1.579,1.591,470838.0
2024-06-18 08:00:00,1.59,1.605,1.58,1.592,306159.0
2024-06-18 09:00:00,1.592,1.592,1.56,1.563,422991.0
2024-06-18 10:00:00,1.563,1.567,1.548,1.556,265782.0
2024-06-18 11:00:00,1.556,1.558,1.507,1.537,724171.0
2024-06-18 12:00:00,1.536,1.545,1.499,1.537,819755.0
2024-06-18 13:00:00,1.538,1.539,1.488,1.497,693160.0
2024-06-18 14:00:00,1.496,1.587,1.478,1.532,1207984.0
2024-06-18 15:00:00,1.534,1.586,1.53,1.572,811665.0
2024-06-18 16:00:00,1.571,1.571,1.528,1.551,812545.0
2024-06-18 17:00:00,1.55,1.565,1.531,1.541,206242.0
2024-06-18 18:00:00,1.543,1.56,1.529,1.54,187062.0
2024-06-18 19:00:00,1.54,1.563,1.526,1.563,206184.0
2024-06-18 20:00:00,1.562,1.577,1.538,1.568,263930.0
2024-06-18 21:00:00,1.568,1.587,1.559,1.577,389857.0
2024-06-18 22:00:00,1.578,1.592,1.562,1.587,167238.0
2024-06-18 23:00:00,1.587,1.6,1.585,1.597,188910.0
2024-06-19 00:00:00,1.597,1.608,1.574,1.604,238120.0
2024-06-19 01:00:00,1.604,1.659,1.602,1.635,535452.0
2024-06-19 02:00:00,1.636,1.67,1.633,1.656,574509.0
2024-06-19 03:00:00,1.655,1.672,1.642,1.647,292990.0
2024-06-19 04:00:00,1.648,1.69,1.644,1.672,520786.0
2024-06-19 05:00:00,1.672,1.677,1.653,1.664,206968.0
2024-06-19 06:00:00,1.664,1.698,1.663,1.691,265860.0
2024-06-19 07:00:00,1.691,1.7,1.63,1.661,451155.7
2024-06-19 08:00:00,1.661,1.665,1.617,1.621,440767.9
2024-06-19 09:00:00,1.62,1.632,1.605,1.622,193023.1
2024-06-19 10:00:00,1.622,1.645,1.615,1.644,135662.1
2024-06-19 11:00:00,1.644,1.647,1.615,1.631,219739.8
2024-06-19 12:00:00,1.629,1.68,1.629,1.672,321054.2
2024-06-19 13:00:00,1.671,1.685,1.663,1.678,577156.5
2024-06-19 14:00:00,1.677,1.677,1.616,1.633,484538.0
2024-06-19 15:00:00,1.632,1.651,1.611,1.628,292461.4
2024-06-19 16:00:00,1.627,1.658,1.616,1.65,225452.3
2024-06-19 17:00:00,1.649,1.697,1.649,1.67,315286.2
2024-06-19 18:00:00,1.67,1.687,1.663,1.666,129985.8
2024-06-19 19:00:00,1.666,1.672,1.654,1.665,104042.0
2024-06-19 20:00:00,1.661,1.663,1.636,1.652,197478.7
2024-06-19 21:00:00,1.652,1.676,1.65,1.671,176174.4
2024-06-19 22:00:00,1.671,1.692,1.662,1.664,178540.5
2024-06-19 23:00:00,1.662,1.669,1.648,1.663,174826.4
2024-06-20 00:00:00,1.663,1.672,1.641,1.657,428853.6
2024-06-20 01:00:00,1.657,1.739,1.651,1.726,736579.4
2024-06-20 02:00:00,1.726,1.759,1.7,1.726,632513.6
2024-06-20 03:00:00,1.725,1.748,1.706,1.733,326933.2
2024-06-20 04:00:00,1.734,1.764,1.718,1.762,410183.5
2024-06-20 05:00:00,1.761,1.835,1.749,1.827,1185743.2
2024-06-20 06:00:00,1.826,1.843,1.799,1.833,1324073.3
2024-06-20 07:00:00,1.833,1.906,1.833,1.905,1129374.9
2024-06-20 08:00:00,1.905,1.909,1.868,1.889,1034010.6
2024-06-20 09:00:00,1.89,1.897,1.86,1.869,567734.7
2024-06-20 10:00:00,1.87,1.913,1.855,1.911,880384.9
2024-06-20 11:00:00,1.911,1.94,1.893,1.9,879580.8
2024-06-20 12:00:00,1.9,1.915,1.88,1.896,532804.9
2024-06-20 13:00:00,1.895,1.905,1.85,1.851,1046324.3
2024-06-20 14:00:00,1.85,1.855,1.785,1.811,1589044.5
2024-06-20 15:00:00,1.81,1.817,1.779,1.785,618674.2
2024-06-20 16:00:00,1.785,1.812,1.742,1.801,648295.7
2024-06-20 17:00:00,1.801,1.835,1.786,1.83,544898.0
2024-06-20 18:00:00,1.831,1.842,1.816,1.828,300529.8
2024-06-20 19:00:00,1.827,1.852,1.819,1.836,306279.2
2024-06-20 20:00:00,1.835,1.865,1.829,1.854,567808.5
2024-06-20 21:00:00,1.853,1.865,1.842,1.844,248437.1
2024-06-20 22:00:00,1.844,1.852,1.831,1.834,287479.4
2024-06-20 23:00:00,1.833,1.851,1.82,1.832,330729.6
2024-06-21 00:00:00,1.832,1.847,1.804,1.816,507215.8
2024-06-21 01:00:00,1.816,1.9,1.814,1.875,784156.8
2024-06-21 02:00:00,1.875,1.89,1.821,1.839,366672.5
2024-06-21 03:00:00,1.838,1.843,1.809,1.828,404153.8
2024-06-21 04:00:00,1.829,1.833,1.809,1.811,237673.3
2024-06-21 05:00:00,1.809,1.815,1.777,1.793,465792.3
2024-06-21 06:00:00,1.795,1.799,1.776,1.787,297272.1
2024-06-21 07:00:00,1.787,1.816,1.767,1.77,527294.5
2024-06-21 08:00:00,1.771,1.781,1.735,1.737,753195.4
2024-06-21 09:00:00,1.736,1.81,1.733,1.805,712533.1
2024-06-21 10:00:00,1.804,1.855,1.804,1.839,1427728.1
2024-06-21 11:00:00,1.84,1.862,1.828,1.853,549982.0
2024-06-21 12:00:00,1.851,1.871,1.812,1.825,566115.1
2024-06-21 13:00:00,1.826,1.839,1.801,1.813,512670.4
2024-06-21 14:00:00,1.812,1.928,1.799,1.914,1335650.8
2024-06-21 15:00:00,1.915,1.99,1.912,1.976,1620722.3
2024-06-21 16:00:00,1.977,2.003,1.947,1.968,1000262.0
2024-06-21 17:00:00,1.969,1.986,1.868,1.87,1269820.6
2024-06-21 18:00:00,1.87,1.912,1.861,1.912,390438.9
2024-06-21 19:00:00,1.913,1.978,1.901,1.938,485072.0
2024-06-21 20:00:00,1.938,1.951,1.926,1.932,265629.2
2024-06-21 21:00:00,1.931,1.94,1.906,1.934,405472.5
2024-06-21 22:00:00,1.934,1.943,1.918,1.928,181755.2
2024-06-21 23:00:00,1.929,1.936,1.91,1.922,166177.9
2024-06-22 00:00:00,1.923,1.927,1.882,1.89,320238.4
2024-06-22 01:00:00,1.89,1.91,1.878,1.902,294446.0
2024-06-22 02:00:00,1.902,1.95,1.901,1.942,336054.4
2024-06-22 03:00:00,1.943,1.956,1.916,1.942,321974.0
2024-06-22 04:00:00,1.941,1.943,1.921,1.942,225853.8
2024-06-22 05:00:00,1.94,1.94,1.911,1.926,258894.9
2024-06-22 06:00:00,1.925,1.93,1.908,1.918,198718.1
2024-06-22 07:00:00,1.919,1.935,1.905,1.935,248115.4
2024-06-22 08:00:00,1.936,1.945,1.898,1.925,497552.0
2024-06-22 09:00:00,1.925,1.938,1.89,1.902,396942.2
2024-06-22 10:00:00,1.9,1.923,1.895,1.909,275609.4
2024-06-22 11:00:00,1.909,1.917,1.89,1.905,263423.7
2024-06-22 12:00:00,1.906,1.919,1.887,1.888,253642.5
2024-06-22 13:00:00,1.887,1.921,1.879,1.911,370896.3
2024-06-22 14:00:00,1.911,1.915,1.891,1.906,204536.6
2024-06-22 15:00:00,1.904,1.94,1.902,1.925,225988.3
2024-06-22 16:00:00,1.924,1.935,1.89,1.905,341141.9
2024-06-22 17:00:00,1.905,1.92,1.883,1.886,308969.4
2024-06-22 18:00:00,1.886,1.895,1.877,1.877,167442.1
2024-06-22 19:00:00,1.877,1.881,1.871,1.874,83124.4
2024-06-22 20:00:00,1.875,1.877,1.86,1.86,120882.7
2024-06-22 21:00:00,1.86,1.864,1.856,1.861,102175.7
2024-06-22 22:00:00,1.86,1.865,1.852,1.859,86196.0
2024-06-22 23:00:00,1.86,1.874,1.856,1.863,94989.2
2024-06-23 00:00:00,1.864,1.915,1.857,1.911,315218.4
2024-06-23 01:00:00,1.912,1.925,1.898,1.92,308370.0
2024-06-23 02:00:00,1.919,1.933,1.905,1.918,162003.4
2024-06-23 03:00:00,1.919,1.929,1.894,1.909,213989.7
2024-06-23 04:00:00,1.91,1.919,1.901,1.906,86793.6
2024-06-23 05:00:00,1.906,1.91,1.886,1.888,156883.3
2024-06-23 06:00:00,1.887,1.889,1.879,1.88,48042.3
2024-06-23 07:00:00,1.88,1.906,1.88,1.901,160126.5
2024-06-23 08:00:00,1.9,1.923,1.895,1.92,108248.3
2024-06-23 09:00:00,1.921,1.931,1.895,1.906,155824.5
2024-06-23 10:00:00,1.905,1.906,1.863,1.864,236562.0
2024-06-23 11:00:00,1.863,1.88,1.855,1.871,256413.1
2024-06-23 12:00:00,1.871,1.881,1.86,1.879,102797.5
2024-06-23 13:00:00,1.879,1.887,1.857,1.863,250419.1
2024-06-23 14:00:00,1.863,1.867,1.811,1.812,596007.1
2024-06-23 15:00:00,1.812,1.818,1.79,1.796,350319.1
2024-06-23 16:00:00,1.796,1.802,1.759,1.763,440811.7
2024-06-23 17:00:00,1.763,1.779,1.752,1.775,389303.1
2024-06-23 18:00:00,1.775,1.785,1.772,1.773,104798.1
2024-06-23 19:00:00,1.773,1.801,1.77,1.801,159703.0
2024-06-23 20:00:00,1.801,1.802,1.755,1.787,236732.4
2024-06-23 21:00:00,1.787,1.804,1.774,1.793,166276.2
2024-06-23 22:00:00,1.793,1.793,1.761,1.766,170921.9
2024-06-23 23:00:00,1.767,1.775,1.76,1.768,122329.3
2024-06-24 00:00:00,1.769,1.796,1.769,1.775,176009.4
2024-06-24 01:00:00,1.775,1.783,1.752,1.759,197868.7
2024-06-24 02:00:00,1.758,1.765,1.719,1.735,357474.9
2024-06-24 03:00:00,1.737,1.759,1.721,1.735,276604.9
2024-06-24 04:00:00,1.736,1.739,1.712,1.718,290320.4
2024-06-24 05:00:00,1.718,1.724,1.657,1.671,634391.7
2024-06-24 06:00:00,1.67,1.701,1.67,1.696,358005.7
2024-06-24 07:00:00,1.695,1.739,1.691,1.717,807267.8
2024-06-24 08:00:00,1.718,1.777,1.708,1.774,673732.0
2024-06-24 09:00:00,1.774,1.788,1.658,1.784,1562285.9
2024-06-24 10:00:00,1.783,1.816,1.769,1.796,916394.7
2024-06-24 11:00:00,1.796,1.81,1.768,1.794,612680.3
2024-06-24 12:00:00,1.793,1.824,1.783,1.796,590582.9
2024-06-24 13:00:00,1.795,1.832,1.771,1.829,369014.1
2024-06-24 14:00:00,1.828,1.853,1.794,1.812,658147.2
2024-06-24 15:00:00,1.812,1.832,1.776,1.803,654028.9
2024-06-24 16:00:00,1.802,1.844,1.791,1.821,636410.3
2024-06-24 17:00:00,1.822,1.846,1.783,1.793,750254.5
2024-06-24 18:00:00,1.794,1.815,1.77,1.813,282056.2
2024-06-24 19:00:00,1.812,1.829,1.781,1.798,317027.2
2024-06-24 20:00:00,1.799,1.827,1.771,1.823,525781.6
2024-06-24 21:00:00,1.822,1.9,1.821,1.899,495391.7
2024-06-24 22:00:00,1.899,1.933,1.893,1.908,496645.8
2024-06-24 23:00:00,1.909,1.95,1.902,1.944,394907.6
2024-06-25 00:00:00,1.944,1.963,1.93,1.948,481955.1
2024-06-25 01:00:00,1.948,1.978,1.94,1.954,385664.4
2024-06-25 02:00:00,1.956,1.993,1.953,1.985,460439.3
2024-06-25 03:00:00,1.986,2.03,1.978,1.998,569842.7
2024-06-25 04:00:00,1.997,2.036,1.978,2.027,529459.8
2024-06-25 05:00:00,2.028,2.041,2.013,2.014,664906.0
2024-06-25 06:00:00,2.014,2.022,1.996,2.014,402079.9
2024-06-25 07:00:00,2.015,2.019,1.974,1.98,446020.8
2024-06-25 08:00:00,1.979,1.983,1.952,1.969,457038.6
2024-06-25 09:00:00,1.968,2.024,1.968,2.015,528626.4
2024-06-25 10:00:00,2.015,2.031,2.003,2.013,452723.8
2024-06-25 11:00:00,2.014,2.04,2.009,2.022,415978.5
2024-06-25 12:00:00,2.022,2.051,1.992,2.012,724092.0
2024-06-25 13:00:00,2.012,2.027,1.999,2.013,289369.2
2024-06-25 14:00:00,2.015,2.04,2.006,2.022,562246.8
2024-06-25 15:00:00,2.023,2.026,1.979,1.999,470447.6
2024-06-25 16:00:00,1.999,2.009,1.968,1.972,457316.3
2024-06-25 17:00:00,1.973,1.987,1.966,1.968,172239.0
2024-06-25 18:00:00,1.968,2.012,1.966,2.006,291256.7
2024-06-25 19:00:00,2.006,2.017,1.986,2.005,229144.5
2024-06-25 20:00:00,2.005,2.021,2.002,2.008,58570.2
2024-06-25 21:00:00,2.008,2.015,1.995,1.996,75815.3
2024-06-25 22:00:00,1.995,2.004,1.989,1.993,142065.1
2024-06-25 23:00:00,1.995,2.004,1.977,2.001,143925.9
2024-06-26 00:00:00,2.001,2.013,1.994,1.997,119291.5
2024-06-26 01:00:00,1.997,2.036,1.991,2.015,213865.8
2024-06-26 02:00:00,2.014,2.041,2.006,2.028,193879.4
2024-06-26 03:00:00,2.03,2.046,1.993,2.01,297151.9
2024-06-26 04:00:00,2.01,2.028,1.989,2.005,307400.2
2024-06-26 05:00:00,2.006,2.043,1.997,2.019,796224.2
2024-06-26 06:00:00,2.019,2.032,2.005,2.012,294565.7
2024-06-26 07:00:00,2.011,2.03,1.997,2.025,293033.5
2024-06-26 08:00:00,2.025,2.03,1.995,2.012,301078.3
2024-06-26 09:00:00,2.012,2.029,2.005,2.016,225303.6
2024-06-26 10:00:00,2.014,2.021,1.986,1.997,323188.5
2024-06-26 11:00:00,1.996,2.02,1.995,2.017,167846.8
2024-06-26 12:00:00,2.017,2.023,1.987,1.995,214390.0
2024-06-26 13:00:00,1.995,2.034,1.981,2.028,601058.9
2024-06-26 14:00:00,2.029,2.051,1.987,2.019,690192.9
2024-06-26 15:00:00,2.021,2.024,1.944,1.963,723088.9
2024-06-26 16:00:00,1.965,1.988,1.96,1.969,318141.4
2024-06-26 17:00:00,1.969,1.979,1.918,1.977,644243.7
2024-06-26 18:00:00,1.976,1.998,1.967,1.981,218124.2
2024-06-26 19:00:00,1.982,2.02,1.961,2.015,332630.1
2024-06-26 20:00:00,2.012,2.03,1.974,2.0,289605.7
2024-06-26 21:00:00,2.0,2.007,1.984,2.006,82299.5
2024-06-26 22:00:00,2.004,2.011,1.986,1.988,135136.3
2024-06-26 23:00:00,1.989,1.998,1.98,1.993,88806.0
2024-06-27 00:00:00,1.994,1.994,1.965,1.969,137375.5
2024-06-27 01:00:00,1.969,1.973,1.954,1.964,245409.0
2024-06-27 02:00:00,1.962,1.963,1.945,1.953,134939.9
2024-06-27 03:00:00,1.953,1.962,1.94,1.951,166537.4
2024-06-27 04:00:00,1.95,1.96,1.945,1.949,43026.8
2024-06-27 05:00:00,1.949,1.954,1.923,1.927,171290.6
2024-06-27 06:00:00,1.927,1.941,1.924,1.936,225344.3
2024-06-27 07:00:00,1.937,1.943,1.921,1.928,180346.3
2024-06-27 08:00:00,1.928,1.945,1.921,1.942,120668.1
2024-06-27 09:00:00,1.943,1.978,1.929,1.974,299018.7
2024-06-27 10:00:00,1.975,1.983,1.927,1.928,343078.0
2024-06-27 11:00:00,1.928,1.944,1.924,1.925,168830.6
2024-06-27 12:00:00,1.924,1.941,1.909,1.935,366225.6
2024-06-27 13:00:00,1.935,1.971,1.908,1.91,653912.6
2024-06-27 14:00:00,1.911,1.951,1.906,1.916,604198.3
2024-06-27 15:00:00,1.916,1.934,1.906,1.923,228013.4
2024-06-27 16:00:00,1.926,1.934,1.908,1.914,202057.1
2024-06-27 17:00:00,1.914,1.915,1.887,1.89,311346.8
2024-06-27 18:00:00,1.891,1.896,1.883,1.891,183967.5
2024-06-27 19:00:00,1.891,1.911,1.882,1.894,157309.0
2024-06-27 20:00:00,1.897,1.919,1.891,1.906,169061.0
2024-06-27 21:00:00,1.906,1.919,1.891,1.9,191059.9
2024-06-27 22:00:00,1.901,1.903,1.88,1.888,106867.0
2024-06-27 23:00:00,1.887,1.892,1.874,1.877,138183.1
2024-06-28 00:00:00,1.878,1.895,1.859,1.876,327421.6
2024-06-28 01:00:00,1.875,1.967,1.87,1.931,555875.3
2024-06-28 02:00:00,1.932,1.936,1.857,1.863,458485.5
2024-06-28 03:00:00,1.863,1.902,1.86,1.896,194912.1
2024-06-28 04:00:00,1.896,1.922,1.886,1.889,235736.2
2024-06-28 05:00:00,1.889,1.889,1.869,1.878,139498.6
2024-06-28 06:00:00,1.878,1.892,1.877,1.88,140589.3
2024-06-28 07:00:00,1.879,1.883,1.859,1.881,292266.3
2024-06-28 08:00:00,1.879,1.902,1.876,1.888,245645.2
2024-06-28 09:00:00,1.887,1.889,1.874,1.883,172234.4
2024-06-28 10:00:00,1.884,1.888,1.874,1.885,102788.0
2024-06-28 11:00:00,1.885,1.896,1.877,1.891,138163.1
2024-06-28 12:00:00,1.89,1.904,1.872,1.875,290063.7
2024-06-28 13:00:00,1.875,1.892,1.862,1.866,211090.0
2024-06-28 14:00:00,1.867,1.894,1.845,1.857,411529.8
2024-06-28 15:00:00,1.857,1.887,1.854,1.876,170923.9
2024-06-28 16:00:00,1.876,1.882,1.841,1.865,178069.2
2024-06-28 17:00:00,1.864,1.864,1.828,1.842,223592.2
2024-06-28 18:00:00,1.843,1.863,1.839,1.854,233039.5
2024-06-28 19:00:00,1.854,1.857,1.833,1.849,159821.6
2024-06-28 20:00:00,1.851,1.856,1.834,1.838,151553.0
2024-06-28 21:00:00,1.838,1.843,1.817,1.84,182219.2
2024-06-28 22:00:00,1.84,1.843,1.826,1.829,64290.3
2024-06-28 23:00:00,1.828,1.834,1.821,1.83,136511.1
2024-06-29 00:00:00,1.831,1.843,1.824,1.834,140230.8
2024-06-29 01:00:00,1.833,1.853,1.829,1.844,102200.9
2024-06-29 02:00:00,1.845,1.847,1.833,1.841,66464.4
2024-06-29 03:00:00,1.841,1.852,1.833,1.847,75317.8
2024-06-29 04:00:00,1.847,1.847,1.831,1.832,73811.5
2024-06-29 05:00:00,1.831,1.834,1.82,1.825,90211.3
2024-06-29 06:00:00,1.824,1.831,1.821,1.823,62574.9
2024-06-29 07:00:00,1.823,1.843,1.823,1.837,121438.1
2024-06-29 08:00:00,1.837,1.845,1.825,1.844,79058.0
2024-06-29 09:00:00,1.845,1.849,1.829,1.838,93813.8
2024-06-29 10:00:00,1.837,1.843,1.831,1.834,65574.5
2024-06-29 11:00:00,1.833,1.844,1.829,1.838,39134.1
2024-06-29 12:00:00,1.838,1.843,1.824,1.826,94912.4
2024-06-29 13:00:00,1.827,1.835,1.821,1.822,58918.4
2024-06-29 14:00:00,1.822,1.826,1.811,1.817,156531.1
2024-06-29 15:00:00,1.817,1.824,1.808,1.819,158969.4
2024-06-29 16:00:00,1.819,1.82,1.805,1.808,68017.7
2024-06-29 17:00:00,1.807,1.81,1.8,1.807,103544.9
2024-06-29 18:00:00,1.806,1.809,1.789,1.795,157733.9
2024-06-29 19:00:00,1.795,1.799,1.781,1.797,93234.0
2024-06-29 20:00:00,1.796,1.799,1.787,1.791,103072.6
2024-06-29 21:00:00,1.791,1.795,1.78,1.789,75459.8
2024-06-29 22:00:00,1.791,1.791,1.76,1.768,223245.7
2024-06-29 23:00:00,1.767,1.767,1.755,1.761,145776.3
2024-06-30 00:00:00,1.76,1.785,1.757,1.777,147487.3
2024-06-30 01:00:00,1.777,1.777,1.741,1.752,279501.8
2024-06-30 02:00:00,1.751,1.755,1.734,1.754,198239.5
2024-06-30 03:00:00,1.753,1.76,1.741,1.745,128169.9
2024-06-30 04:00:00,1.745,1.752,1.737,1.745,97413.0
2024-06-30 05:00:00,1.745,1.748,1.734,1.739,82288.2
2024-06-30 06:00:00,1.739,1.743,1.728,1.74,110723.5
2024-06-30 07:00:00,1.74,1.788,1.737,1.769,525993.2
2024-06-30 08:00:00,1.769,1.788,1.761,1.772,277503.6
2024-06-30 09:00:00,1.771,1.782,1.76,1.764,167651.9
2024-06-30 10:00:00,1.763,1.782,1.757,1.763,154301.0
2024-06-30 11:00:00,1.763,1.78,1.751,1.756,113506.8
2024-06-30 12:00:00,1.754,1.766,1.746,1.757,163576.9
2024-06-30 13:00:00,1.758,1.78,1.753,1.779,187537.0
2024-06-30 14:00:00,1.78,1.784,1.761,1.765,158510.6
2024-06-30 15:00:00,1.765,1.784,1.765,1.771,169335.1
2024-06-30 16:00:00,1.772,1.772,1.752,1.754,150686.3
2024-06-30 17:00:00,1.755,1.786,1.753,1.775,159881.7
2024-06-30 18:00:00,1.775,1.784,1.759,1.771,190893.2
2024-06-30 19:00:00,1.771,1.78,1.768,1.775,169921.7
2024-06-30 20:00:00,1.775,1.782,1.771,1.772,108528.9
2024-06-30 21:00:00,1.773,1.773,1.755,1.764,128895.2
2024-06-30 22:00:00,1.764,1.824,1.763,1.818,626754.2
2024-06-30 23:00:00,1.817,1.843,1.781,1.792,1209853.6
2024-07-01 00:00:00,1.795,1.798,1.78,1.784,264537.7
2024-07-01 01:00:00,1.784,1.838,1.766,1.82,768471.4
2024-07-01 02:00:00,1.821,1.824,1.794,1.807,278451.6
2024-07-01 03:00:00,1.808,1.811,1.792,1.794,128679.4
2024-07-01 04:00:00,1.793,1.794,1.773,1.786,245091.6
2024-07-01 05:00:00,1.786,1.791,1.775,1.782,189576.2
2024-07-01 06:00:00,1.781,1.785,1.768,1.773,123552.1
2024-07-01 07:00:00,1.772,1.783,1.757,1.759,190687.2
2024-07-01 08:00:00,1.759,1.759,1.709,1.715,659608.9
2024-07-01 09:00:00,1.715,1.726,1.711,1.725,345870.6
2024-07-01 10:00:00,1.724,1.728,1.7,1.703,420984.4
2024-07-01 11:00:00,1.703,1.705,1.634,1.661,1926607.5
2024-07-01 12:00:00,1.661,1.677,1.655,1.659,535887.4
2024-07-01 13:00:00,1.658,1.67,1.641,1.649,437945.8
2024-07-01 14:00:00,1.65,1.654,1.62,1.622,623739.1
2024-07-01 15:00:00,1.621,1.64,1.608,1.639,573061.0
2024-07-01 16:00:00,1.639,1.645,1.616,1.627,449060.3
2024-07-01 17:00:00,1.626,1.641,1.618,1.636,514816.0
2024-07-01 18:00:00,1.636,1.636,1.611,1.619,506389.9
2024-07-01 19:00:00,1.618,1.631,1.614,1.619,259042.3
2024-07-01 20:00:00,1.619,1.63,1.606,1.611,344034.5
2024-07-01 21:00:00,1.612,1.614,1.588,1.599,364539.4
2024-07-01 22:00:00,1.599,1.603,1.567,1.573,549391.3
2024-07-01 23:00:00,1.573,1.574,1.552,1.57,434757.9
2024-07-02 00:00:00,1.569,1.607,1.566,1.605,529605.1
2024-07-02 01:00:00,1.605,1.621,1.588,1.598,530205.1
2024-07-02 02:00:00,1.6,1.603,1.585,1.603,155097.9
2024-07-02 03:00:00,1.602,1.618,1.601,1.603,243663.5
2024-07-02 04:00:00,1.604,1.629,1.601,1.621,195332.8
2024-07-02 05:00:00,1.621,1.651,1.621,1.635,281925.7
2024-07-02 06:00:00,1.635,1.642,1.626,1.633,197216.1
2024-07-02 07:00:00,1.632,1.641,1.625,1.635,173152.4
2024-07-02 08:00:00,1.636,1.651,1.629,1.643,235870.9
2024-07-02 09:00:00,1.641,1.669,1.641,1.666,359132.2
2024-07-02 10:00:00,1.666,1.668,1.643,1.661,251162.3
2024-07-02 11:00:00,1.658,1.68,1.655,1.68,317064.1
2024-07-02 12:00:00,1.679,1.71,1.672,1.691,431774.9
2024-07-02 13:00:00,1.692,1.702,1.666,1.672,366684.5
2024-07-02 14:00:00,1.674,1.675,1.637,1.648,605278.9
2024-07-02 15:00:00,1.648,1.669,1.641,1.665,297973.7
2024-07-02 16:00:00,1.666,1.672,1.651,1.669,284345.0
2024-07-02 17:00:00,1.669,1.69,1.656,1.686,271510.4
2024-07-02 18:00:00,1.687,1.723,1.679,1.714,1168728.5
2024-07-02 19:00:00,1.715,1.718,1.702,1.705,161809.8
2024-07-02 20:00:00,1.705,1.726,1.704,1.722,242334.9
2024-07-02 21:00:00,1.725,1.726,1.701,1.704,149675.4
2024-07-02 22:00:00,1.705,1.71,1.696,1.702,142488.6
2024-07-02 23:00:00,1.701,1.722,1.697,1.699,201532.7
2024-07-03 00:00:00,1.699,1.707,1.691,1.692,120435.6
2024-07-03 01:00:00,1.692,1.694,1.664,1.673,322256.7
2024-07-03 02:00:00,1.673,1.673,1.643,1.654,339631.3
2024-07-03 03:00:00,1.654,1.668,1.622,1.667,387190.4
2024-07-03 04:00:00,1.665,1.666,1.643,1.655,241816.7
2024-07-03 05:00:00,1.655,1.704,1.645,1.689,366204.1
2024-07-03 06:00:00,1.689,1.7,1.679,1.693,287515.5
2024-07-03 07:00:00,1.693,1.696,1.677,1.679,217218.1
2024-07-03 08:00:00,1.679,1.69,1.662,1.666,334299.2
2024-07-03 09:00:00,1.668,1.671,1.65,1.659,372029.9
2024-07-03 10:00:00,1.658,1.665,1.618,1.659,876076.8
2024-07-03 11:00:00,1.659,1.659,1.612,1.634,275056.8
2024-07-03 12:00:00,1.633,1.636,1.604,1.607,299804.9
2024-07-03 13:00:00,1.606,1.692,1.6,1.679,1120958.4
2024-07-03 14:00:00,1.679,1.697,1.662,1.665,644099.7
2024-07-03 15:00:00,1.664,1.676,1.641,1.661,441864.1
2024-07-03 16:00:00,1.662,1.673,1.647,1.662,296796.7
2024-07-03 17:00:00,1.662,1.668,1.623,1.636,343390.1
2024-07-03 18:00:00,1.636,1.641,1.615,1.62,126758.1
2024-07-03 19:00:00,1.62,1.621,1.59,1.608,367824.3
2024-07-03 20:00:00,1.61,1.622,1.598,1.602,208259.3
2024-07-03 21:00:00,1.602,1.624,1.597,1.62,180608.2
2024-07-03 22:00:00,1.62,1.623,1.601,1.604,127249.7
2024-07-03 23:00:00,1.604,1.604,1.574,1.586,399029.5
2024-07-04 00:00:00,1.586,1.603,1.575,1.576,210582.1
2024-07-04 01:00:00,1.576,1.577,1.502,1.525,1249770.8
2024-07-04 02:00:00,1.525,1.558,1.503,1.55,500796.3
2024-07-04 03:00:00,1.55,1.623,1.548,1.592,723807.6
2024-07-04 04:00:00,1.592,1.613,1.586,1.605,281861.7
2024-07-04 05:00:00,1.604,1.607,1.591,1.596,95088.0
2024-07-04 06:00:00,1.599,1.6,1.573,1.582,180121.1
2024-07-04 07:00:00,1.582,1.598,1.562,1.57,442862.7
2024-07-04 08:00:00,1.57,1.59,1.544,1.58,497020.5
2024-07-04 09:00:00,1.58,1.583,1.552,1.573,428963.3
2024-07-04 10:00:00,1.573,1.575,1.554,1.572,252138.4
2024-07-04 11:00:00,1.571,1.596,1.549,1.56,371304.7
2024-07-04 12:00:00,1.559,1.594,1.542,1.543,802870.8
2024-07-04 13:00:00,1.542,1.548,1.491,1.522,1352837.1
2024-07-04 14:00:00,1.521,1.548,1.509,1.546,374147.5
2024-07-04 15:00:00,1.546,1.595,1.526,1.589,472845.2
2024-07-04 16:00:00,1.588,1.594,1.561,1.581,295199.4
2024-07-04 17:00:00,1.582,1.586,1.557,1.575,180634.4
2024-07-04 18:00:00,1.574,1.575,1.541,1.554,316143.7
2024-07-04 19:00:00,1.554,1.579,1.55,1.555,109160.5
2024-07-04 20:00:00,1.555,1.567,1.541,1.567,111322.6
2024-07-04 21:00:00,1.567,1.586,1.556,1.58,155646.3
2024-07-04 22:00:00,1.579,1.583,1.527,1.527,202500.9
2024-07-04 23:00:00,1.527,1.53,1.451,1.472,649037.7
2024-07-05 00:00:00,1.473,1.48,1.35,1.402,2265955.9
2024-07-05 01:00:00,1.402,1.41,1.347,1.404,911600.7
2024-07-05 02:00:00,1.403,1.403,1.26,1.287,1219366.5
2024-07-05 03:00:00,1.289,1.325,1.246,1.3,2579691.9
2024-07-05 04:00:00,1.299,1.377,1.262,1.353,2435192.5
2024-07-05 05:00:00,1.354,1.393,1.344,1.364,723163.0
2024-07-05 06:00:00,1.363,1.364,1.329,1.334,561299.3
2024-07-05 07:00:00,1.334,1.352,1.326,1.334,828075.2
2024-07-05 08:00:00,1.333,1.333,1.277,1.281,790177.1
2024-07-05 09:00:00,1.281,1.334,1.271,1.334,773316.6
2024-07-05 10:00:00,1.333,1.367,1.32,1.349,513619.7
2024-07-05 11:00:00,1.348,1.382,1.345,1.369,520447.9
2024-07-05 12:00:00,1.367,1.37,1.342,1.354,1021217.7
2024-07-05 13:00:00,1.355,1.403,1.344,1.387,575546.0
2024-07-05 14:00:00,1.387,1.39,1.361,1.379,392393.6
2024-07-05 15:00:00,1.38,1.422,1.372,1.416,861491.7
2024-07-05 16:00:00,1.417,1.438,1.398,1.404,400782.5
2024-07-05 17:00:00,1.404,1.422,1.393,1.415,252391.9
2024-07-05 18:00:00,1.414,1.414,1.388,1.407,300517.2
2024-07-05 19:00:00,1.405,1.419,1.39,1.394,248993.6
2024-07-05 20:00:00,1.393,1.408,1.388,1.404,170082.9
2024-07-05 21:00:00,1.404,1.407,1.384,1.385,270742.4
2024-07-05 22:00:00,1.385,1.403,1.372,1.382,265553.8
2024-07-05 23:00:00,1.382,1.395,1.377,1.386,134352.4
2024-07-06 00:00:00,1.386,1.446,1.374,1.411,490675.0
2024-07-06 01:00:00,1.412,1.415,1.379,1.382,214456.4
2024-07-06 02:00:00,1.382,1.404,1.365,1.401,180125.7
2024-07-06 03:00:00,1.4,1.407,1.39,1.394,122498.3
2024-07-06 04:00:00,1.394,1.4,1.374,1.376,150479.9
2024-07-06 05:00:00,1.376,1.386,1.369,1.377,176553.4
2024-07-06 06:00:00,1.376,1.418,1.375,1.408,181615.1
2024-07-06 07:00:00,1.407,1.441,1.405,1.437,273028.8
2024-07-06 08:00:00,1.436,1.442,1.423,1.424,152679.0
2024-07-06 09:00:00,1.425,1.432,1.403,1.429,164164.2
2024-07-06 10:00:00,1.428,1.446,1.422,1.441,164484.9
2024-07-06 11:00:00,1.441,1.452,1.426,1.43,270112.1
2024-07-06 12:00:00,1.43,1.434,1.409,1.421,206179.9
2024-07-06 13:00:00,1.42,1.447,1.416,1.437,231060.6
2024-07-06 14:00:00,1.437,1.446,1.423,1.43,196692.0
2024-07-06 15:00:00,1.43,1.443,1.42,1.435,226203.6
2024-07-06 16:00:00,1.435,1.504,1.425,1.498,632549.3
2024-07-06 17:00:00,1.498,1.52,1.488,1.516,525739.2
2024-07-06 18:00:00,1.516,1.523,1.503,1.518,187314.2
2024-07-06 19:00:00,1.518,1.525,1.503,1.51,157139.5
2024-07-06 20:00:00,1.51,1.518,1.501,1.505,130196.0
2024-07-06 21:00:00,1.505,1.515,1.5,1.508,188763.7
2024-07-06 22:00:00,1.508,1.529,1.508,1.524,183789.0
2024-07-06 23:00:00,1.524,1.535,1.515,1.515,136535.6
2024-07-07 00:00:00,1.516,1.519,1.485,1.487,262312.3
2024-07-07 01:00:00,1.487,1.494,1.463,1.481,244432.7
2024-07-07 02:00:00,1.481,1.501,1.481,1.496,121975.2
2024-07-07 03:00:00,1.497,1.497,1.467,1.477,174662.7
2024-07-07 04:00:00,1.478,1.481,1.438,1.443,205214.4
2024-07-07 05:00:00,1.443,1.458,1.43,1.455,107514.1
2024-07-07 06:00:00,1.457,1.462,1.449,1.454,84330.0
2024-07-07 07:00:00,1.454,1.461,1.419,1.429,252172.1
2024-07-07 08:00:00,1.43,1.445,1.429,1.439,149419.9
2024-07-07 09:00:00,1.44,1.453,1.428,1.445,165444.4
2024-07-07 10:00:00,1.445,1.459,1.436,1.445,164917.7
2024-07-07 11:00:00,1.445,1.458,1.439,1.45,124822.9
2024-07-07 12:00:00,1.45,1.461,1.435,1.444,166585.9
2024-07-07 13:00:00,1.444,1.444,1.386,1.392,642578.0
2024-07-07 14:00:00,1.391,1.395,1.362,1.37,687244.4
2024-07-07 15:00:00,1.37,1.387,1.342,1.367,1173734.6
2024-07-07 16:00:00,1.368,1.399,1.363,1.399,470704.0
2024-07-07 17:00:00,1.4,1.414,1.381,1.405,199746.2
2024-07-07 18:00:00,1.405,1.416,1.401,1.403,127519.1
2024-07-07 19:00:00,1.403,1.409,1.394,1.403,197972.3
2024-07-07 20:00:00,1.403,1.411,1.391,1.396,137653.7
2024-07-07 21:00:00,1.395,1.395,1.35,1.37,469411.9
2024-07-07 22:00:00,1.37,1.378,1.336,1.34,218119.3
2024-07-07 23:00:00,1.34,1.36,1.324,1.338,446648.6
2024-07-08 00:00:00,1.339,1.354,1.301,1.307,624466.5
2024-07-08 01:00:00,1.307,1.313,1.273,1.313,1090881.5
2024-07-08 02:00:00,1.313,1.347,1.303,1.335,374938.7
2024-07-08 03:00:00,1.334,1.349,1.317,1.331,209061.4
2024-07-08 04:00:00,1.33,1.368,1.325,1.363,264641.9
2024-07-08 05:00:00,1.364,1.378,1.358,1.374,206141.4
2024-07-08 06:00:00,1.375,1.388,1.365,1.371,234348.4
2024-07-08 07:00:00,1.371,1.371,1.347,1.361,130742.6
2024-07-08 08:00:00,1.361,1.458,1.357,1.453,778755.6
2024-07-08 09:00:00,1.453,1.474,1.437,1.443,654372.9
2024-07-08 10:00:00,1.443,1.46,1.416,1.422,352619.6
2024-07-08 11:00:00,1.422,1.454,1.421,1.448,202747.3
2024-07-08 12:00:00,1.447,1.455,1.43,1.438,341069.8
2024-07-08 13:00:00,1.438,1.452,1.414,1.425,308182.1
2024-07-08 14:00:00,1.425,1.438,1.35,1.414,1143933.0
2024-07-08 15:00:00,1.414,1.446,1.387,1.389,835140.9
2024-07-08 16:00:00,1.389,1.408,1.366,1.375,414484.1
2024-07-08 17:00:00,1.375,1.387,1.363,1.378,188940.0
2024-07-08 18:00:00,1.378,1.421,1.369,1.409,466931.0
2024-07-08 19:00:00,1.408,1.422,1.388,1.393,414768.2
2024-07-08 20:00:00,1.393,1.401,1.381,1.389,184811.6
2024-07-08 21:00:00,1.389,1.414,1.383,1.407,110458.6
2024-07-08 22:00:00,1.407,1.412,1.393,1.398,166819.4
2024-07-08 23:00:00,1.398,1.404,1.39,1.392,83527.0
2024-07-09 00:00:00,1.392,1.398,1.377,1.389,210532.1
2024-07-09 01:00:00,1.389,1.436,1.385,1.393,201940.8
2024-07-09 02:00:00,1.392,1.421,1.377,1.421,174129.2
2024-07-09 03:00:00,1.422,1.427,1.402,1.416,128324.5
2024-07-09 04:00:00,1.417,1.426,1.41,1.418,273754.1
2024-07-09 05:00:00,1.418,1.432,1.411,1.43,210056.1
2024-07-09 06:00:00,1.43,1.45,1.421,1.436,253327.0
2024-07-09 07:00:00,1.436,1.439,1.415,1.418,133127.2
2024-07-09 08:00:00,1.418,1.442,1.407,1.422,282818.9
2024-07-09 09:00:00,1.421,1.426,1.415,1.415,192863.8
2024-07-09 10:00:00,1.415,1.426,1.405,1.409,175424.0
2024-07-09 11:00:00,1.409,1.41,1.39,1.397,290986.5
2024-07-09 12:00:00,1.397,1.417,1.394,1.41,232407.9
2024-07-09 13:00:00,1.41,1.418,1.395,1.408,192940.8
2024-07-09 14:00:00,1.409,1.449,1.4,1.414,412804.8
2024-07-09 15:00:00,1.414,1.427,1.4,1.423,258795.6
2024-07-09 16:00:00,1.423,1.504,1.419,1.457,2372288.0
2024-07-09 17:00:00,1.457,1.461,1.421,1.426,372411.5
2024-07-09 18:00:00,1.425,1.446,1.418,1.437,183126.4
2024-07-09 19:00:00,1.438,1.439,1.426,1.435,127416.9
2024-07-09 20:00:00,1.434,1.451,1.429,1.44,236185.1
2024-07-09 21:00:00,1.44,1.442,1.427,1.428,108277.2
2024-07-09 22:00:00,1.429,1.443,1.414,1.425,122344.6
2024-07-09 23:00:00,1.426,1.436,1.421,1.429,100891.2
2024-07-10 00:00:00,1.43,1.43,1.403,1.406,148132.5
2024-07-10 01:00:00,1.406,1.432,1.403,1.424,84780.6
2024-07-10 02:00:00,1.424,1.43,1.413,1.422,63535.6
2024-07-10 03:00:00,1.421,1.446,1.42,1.444,76623.2
2024-07-10 04:00:00,1.444,1.506,1.444,1.505,921429.2
2024-07-10 05:00:00,1.505,1.507,1.483,1.486,302910.2
2024-07-10 06:00:00,1.486,1.5,1.475,1.491,165586.0
2024-07-10 07:00:00,1.491,1.492,1.469,1.478,150550.8
2024-07-10 08:00:00,1.479,1.48,1.455,1.456,143033.0
2024-07-10 09:00:00,1.456,1.458,1.435,1.437,370896.6
2024-07-10 10:00:00,1.437,1.451,1.43,1.447,195313.1
2024-07-10 11:00:00,1.448,1.451,1.431,1.44,104508.7
2024-07-10 12:00:00,1.44,1.447,1.419,1.436,229045.8
2024-07-10 13:00:00,1.435,1.47,1.433,1.456,534123.0
2024-07-10 14:00:00,1.456,1.471,1.449,1.461,180339.1
2024-07-10 15:00:00,1.46,1.491,1.451,1.476,304454.9
2024-07-10 16:00:00,1.477,1.486,1.467,1.47,240414.4
2024-07-10 17:00:00,1.47,1.475,1.452,1.464,305818.8
2024-07-10 18:00:00,1.463,1.467,1.457,1.462,66578.6
2024-07-10 19:00:00,1.462,1.465,1.455,1.462,57916.8
2024-07-10 20:00:00,1.462,1.464,1.452,1.458,60136.5
2024-07-10 21:00:00,1.459,1.459,1.444,1.45,117012.8
2024-07-10 22:00:00,1.45,1.463,1.446,1.459,112700.8
2024-07-10 23:00:00,1.458,1.469,1.457,1.462,46559.3
2024-07-11 00:00:00,1.462,1.464,1.446,1.458,102667.7
2024-07-11 01:00:00,1.457,1.48,1.442,1.476,160653.0
2024-07-11 02:00:00,1.477,1.479,1.461,1.467,143713.7
2024-07-11 03:00:00,1.467,1.47,1.435,1.443,222025.8
2024-07-11 04:00:00,1.443,1.446,1.436,1.437,86276.4
2024-07-11 05:00:00,1.437,1.449,1.427,1.445,158248.3
2024-07-11 06:00:00,1.444,1.447,1.434,1.438,78873.8
2024-07-11 07:00:00,1.439,1.447,1.435,1.44,107830.3
2024-07-11 08:00:00,1.441,1.443,1.427,1.43,169491.1
2024-07-11 09:00:00,1.431,1.438,1.426,1.436,271468.9
2024-07-11 10:00:00,1.435,1.445,1.428,1.44,184343.1
2024-07-11 11:00:00,1.439,1.457,1.431,1.451,240333.6
2024-07-11 12:00:00,1.451,1.516,1.442,1.474,1289763.3
2024-07-11 13:00:00,1.474,1.479,1.449,1.454,454696.4
2024-07-11 14:00:00,1.454,1.458,1.424,1.439,423328.5
2024-07-11 15:00:00,1.439,1.439,1.405,1.416,388514.6
2024-07-11 16:00:00,1.416,1.426,1.402,1.415,285752.0
2024-07-11 17:00:00,1.415,1.418,1.409,1.411,139569.1
2024-07-11 18:00:00,1.411,1.411,1.398,1.407,186833.0
2024-07-11 19:00:00,1.407,1.407,1.385,1.388,130115.7
2024-07-11 20:00:00,1.388,1.389,1.367,1.378,217865.5
2024-07-11 21:00:00,1.378,1.381,1.353,1.36,148678.3
2024-07-11 22:00:00,1.359,1.364,1.348,1.358,163403.3
2024-07-11 23:00:00,1.359,1.363,1.349,1.362,105534.6
2024-07-12 00:00:00,1.362,1.376,1.349,1.353,575760.1
2024-07-12 01:00:00,1.353,1.363,1.323,1.353,473596.4
2024-07-12 02:00:00,1.354,1.368,1.349,1.366,226534.2
2024-07-12 03:00:00,1.366,1.368,1.345,1.346,159280.5
2024-07-12 04:00:00,1.346,1.351,1.321,1.333,310413.7
2024-07-12 05:00:00,1.334,1.336,1.323,1.328,160368.7
2024-07-12 06:00:00,1.328,1.338,1.326,1.33,110070.4
2024-07-12 07:00:00,1.33,1.335,1.307,1.315,286787.4
2024-07-12 08:00:00,1.314,1.318,1.305,1.316,244484.4
2024-07-12 09:00:00,1.316,1.316,1.297,1.302,284675.6
2024-07-12 10:00:00,1.302,1.306,1.28,1.288,635862.2
2024-07-12 11:00:00,1.288,1.298,1.282,1.295,254859.3
2024-07-12 12:00:00,1.294,1.301,1.285,1.293,399643.1
2024-07-12 13:00:00,1.293,1.335,1.291,1.33,567165.0
2024-07-12 14:00:00,1.331,1.338,1.317,1.319,400788.4
2024-07-12 15:00:00,1.319,1.345,1.318,1.336,383801.3
2024-07-12 16:00:00,1.337,1.339,1.324,1.333,304790.4
2024-07-12 17:00:00,1.333,1.344,1.326,1.34,229670.4
2024-07-12 18:00:00,1.339,1.364,1.329,1.358,594631.6
2024-07-12 19:00:00,1.358,1.362,1.327,1.328,274353.3
2024-07-12 20:00:00,1.329,1.33,1.304,1.319,314733.3
2024-07-12 21:00:00,1.319,1.324,1.314,1.321,107602.9
2024-07-12 22:00:00,1.32,1.324,1.312,1.324,109433.3
2024-07-12 23:00:00,1.324,1.339,1.322,1.335,165620.1
2024-07-13 00:00:00,1.335,1.355,1.332,1.354,164395.9
2024-07-13 01:00:00,1.354,1.367,1.352,1.364,102790.1
2024-07-13 02:00:00,1.364,1.372,1.356,1.371,171009.1
2024-07-13 03:00:00,1.371,1.388,1.366,1.375,193307.5
2024-07-13 04:00:00,1.375,1.38,1.364,1.366,154912.7
2024-07-13 05:00:00,1.366,1.395,1.362,1.392,164980.9
2024-07-13 06:00:00,1.392,1.4,1.384,1.393,156042.7
2024-07-13 07:00:00,1.394,1.401,1.391,1.4,102446.3
2024-07-13 08:00:00,1.4,1.402,1.374,1.376,140949.8
2024-07-13 09:00:00,1.376,1.386,1.37,1.386,220036.4
2024-07-13 10:00:00,1.386,1.402,1.376,1.383,173106.7
2024-07-13 11:00:00,1.382,1.386,1.373,1.384,116256.1
2024-07-13 12:00:00,1.384,1.389,1.377,1.382,214487.6
2024-07-13 13:00:00,1.382,1.384,1.369,1.369,125654.7
2024-07-13 14:00:00,1.369,1.375,1.354,1.371,151790.4
2024-07-13 15:00:00,1.371,1.388,1.366,1.382,109568.6
2024-07-13 16:00:00,1.382,1.394,1.371,1.373,128047.8
2024-07-13 17:00:00,1.373,1.378,1.366,1.377,64107.6
2024-07-13 18:00:00,1.378,1.38,1.361,1.364,97356.8
2024-07-13 19:00:00,1.364,1.372,1.363,1.371,53234.1
2024-07-13 20:00:00,1.371,1.375,1.367,1.372,49522.2
2024-07-13 21:00:00,1.371,1.371,1.362,1.366,117462.1
2024-07-13 22:00:00,1.365,1.391,1.344,1.387,462838.2
2024-07-13 23:00:00,1.388,1.409,1.369,1.37,419742.9
2024-07-14 00:00:00,1.37,1.39,1.366,1.388,215340.0
2024-07-14 01:00:00,1.388,1.402,1.387,1.399,191303.8
2024-07-14 02:00:00,1.4,1.405,1.378,1.382,109235.3
2024-07-14 03:00:00,1.382,1.388,1.371,1.371,104200.3
2024-07-14 04:00:00,1.372,1.396,1.369,1.386,121025.2
2024-07-14 05:00:00,1.386,1.409,1.38,1.407,251764.1
2024-07-14 06:00:00,1.408,1.414,1.392,1.392,216067.8
2024-07-14 07:00:00,1.393,1.404,1.388,1.401,189908.4
2024-07-14 08:00:00,1.401,1.42,1.401,1.412,136271.0
2024-07-14 09:00:00,1.413,1.431,1.411,1.425,260577.0
2024-07-14 10:00:00,1.425,1.43,1.399,1.401,163659.3
2024-07-14 11:00:00,1.401,1.405,1.397,1.401,112393.6
2024-07-14 12:00:00,1.401,1.402,1.367,1.368,171968.8
2024-07-14 13:00:00,1.368,1.372,1.357,1.37,248565.6
2024-07-14 14:00:00,1.369,1.386,1.368,1.378,135675.8
2024-07-14 15:00:00,1.378,1.389,1.37,1.387,98337.9
2024-07-14 16:00:00,1.387,1.397,1.381,1.394,149139.7
2024-07-14 17:00:00,1.395,1.401,1.378,1.381,153680.8
2024-07-14 18:00:00,1.38,1.382,1.37,1.375,187451.0
2024-07-14 19:00:00,1.375,1.376,1.362,1.363,137154.5
2024-07-14 20:00:00,1.363,1.377,1.362,1.374,95259.8
2024-07-14 21:00:00,1.373,1.416,1.37,1.416,238242.6
2024-07-14 22:00:00,1.416,1.429,1.409,1.424,293227.2
2024-07-14 23:00:00,1.424,1.438,1.417,1.422,236848.2
2024-07-15 00:00:00,1.422,1.433,1.413,1.429,204151.7
2024-07-15 01:00:00,1.429,1.447,1.427,1.436,285527.4
2024-07-15 02:00:00,1.436,1.454,1.431,1.446,238520.4
2024-07-15 03:00:00,1.446,1.45,1.432,1.433,204855.5
2024-07-15 04:00:00,1.433,1.436,1.416,1.433,418385.1
2024-07-15 05:00:00,1.432,1.443,1.43,1.438,177497.3
2024-07-15 06:00:00,1.439,1.452,1.437,1.447,222586.7
2024-07-15 07:00:00,1.446,1.472,1.439,1.457,319173.0
2024-07-15 08:00:00,1.457,1.475,1.446,1.447,208041.3
2024-07-15 09:00:00,1.447,1.447,1.429,1.436,231304.1
2024-07-15 10:00:00,1.436,1.44,1.424,1.429,234466.5
2024-07-15 11:00:00,1.429,1.442,1.425,1.433,176709.4
2024-07-15 12:00:00,1.432,1.45,1.431,1.442,144933.8
2024-07-15 13:00:00,1.442,1.455,1.431,1.438,260279.5
2024-07-15 14:00:00,1.438,1.446,1.421,1.444,360460.1
2024-07-15 15:00:00,1.444,1.448,1.426,1.434,262920.8
2024-07-15 16:00:00,1.433,1.451,1.415,1.426,564544.4
2024-07-15 17:00:00,1.425,1.47,1.418,1.458,731650.3
2024-07-15 18:00:00,1.458,1.529,1.453,1.509,1569170.4
2024-07-15 19:00:00,1.51,1.547,1.501,1.527,1455343.6
2024-07-15 20:00:00,1.527,1.58,1.523,1.571,680200.6
2024-07-15 21:00:00,1.571,1.598,1.562,1.564,818664.0
2024-07-15 22:00:00,1.565,1.63,1.559,1.63,695283.3
2024-07-15 23:00:00,1.63,1.656,1.618,1.635,882786.8
2024-07-16 00:00:00,1.636,1.648,1.599,1.61,1051970.6
2024-07-16 01:00:00,1.609,1.618,1.596,1.608,305873.7
2024-07-16 02:00:00,1.608,1.61,1.585,1.597,194311.1
2024-07-16 03:00:00,1.597,1.599,1.581,1.592,159203.0
2024-07-16 04:00:00,1.592,1.601,1.564,1.575,380732.8
2024-07-16 05:00:00,1.575,1.585,1.535,1.542,810292.1
2024-07-16 06:00:00,1.542,1.561,1.507,1.514,700283.3
2024-07-16 07:00:00,1.513,1.545,1.506,1.508,965366.7
2024-07-16 08:00:00,1.508,1.523,1.458,1.496,1398915.8
2024-07-16 09:00:00,1.495,1.516,1.483,1.512,511239.7
2024-07-16 10:00:00,1.512,1.525,1.498,1.512,428114.9
2024-07-16 11:00:00,1.511,1.523,1.5,1.514,332556.9
2024-07-16 12:00:00,1.514,1.518,1.488,1.492,307765.3
2024-07-16 13:00:00,1.493,1.623,1.491,1.604,2568713.1
2024-07-16 14:00:00,1.604,1.605,1.553,1.578,1809874.2
2024-07-16 15:00:00,1.578,1.664,1.574,1.627,2166332.6
2024-07-16 16:00:00,1.626,1.665,1.592,1.614,1815743.9
2024-07-16 17:00:00,1.613,1.649,1.605,1.639,675516.4
2024-07-16 18:00:00,1.638,1.639,1.608,1.619,323580.7
2024-07-16 19:00:00,1.618,1.626,1.605,1.622,227943.2
2024-07-16 20:00:00,1.623,1.629,1.607,1.608,232859.8
2024-07-16 21:00:00,1.608,1.62,1.605,1.606,200585.2
2024-07-16 22:00:00,1.606,1.61,1.582,1.594,266688.2
2024-07-16 23:00:00,1.594,1.623,1.592,1.611,222708.7
2024-07-17 00:00:00,1.612,1.64,1.606,1.632,295998.3
2024-07-17 01:00:00,1.633,1.666,1.632,1.639,717082.5
2024-07-17 02:00:00,1.64,1.651,1.619,1.626,267970.4
2024-07-17 03:00:00,1.627,1.63,1.604,1.612,451252.8
2024-07-17 04:00:00,1.612,1.649,1.608,1.642,316630.4
2024-07-17 05:00:00,1.643,1.67,1.638,1.668,394339.6
2024-07-17 06:00:00,1.667,1.668,1.635,1.65,364370.8
2024-07-17 07:00:00,1.651,1.67,1.641,1.663,556318.0
2024-07-17 08:00:00,1.662,1.689,1.62,1.684,947430.0
2024-07-17 09:00:00,1.683,1.725,1.679,1.719,1554385.8
2024-07-17 10:00:00,1.719,1.799,1.7,1.769,1979318.2
2024-07-17 11:00:00,1.769,1.773,1.692,1.697,1497481.4
2024-07-17 12:00:00,1.697,1.732,1.681,1.704,815287.7
2024-07-17 13:00:00,1.704,1.74,1.692,1.721,909102.2
2024-07-17 14:00:00,1.722,1.731,1.696,1.718,604321.3
2024-07-17 15:00:00,1.719,1.727,1.695,1.695,364975.7
2024-07-17 16:00:00,1.695,1.703,1.659,1.684,728173.2
2024-07-17 17:00:00,1.683,1.718,1.681,1.711,352313.0
2024-07-17 18:00:00,1.711,1.727,1.708,1.718,235245.0
2024-07-17 19:00:00,1.718,1.724,1.71,1.712,120974.8
2024-07-17 20:00:00,1.712,1.722,1.707,1.711,188935.4
2024-07-17 21:00:00,1.711,1.714,1.694,1.699,203454.2
2024-07-17 22:00:00,1.698,1.705,1.69,1.694,137246.9
2024-07-17 23:00:00,1.694,1.697,1.676,1.677,174714.8
2024-07-18 00:00:00,1.678,1.684,1.653,1.68,460483.0
2024-07-18 01:00:00,1.68,1.687,1.667,1.685,277737.5
2024-07-18 02:00:00,1.684,1.691,1.645,1.666,342443.1
2024-07-18 03:00:00,1.666,1.673,1.659,1.662,138052.9
2024-07-18 04:00:00,1.662,1.665,1.621,1.627,340353.4
2024-07-18 05:00:00,1.628,1.644,1.612,1.641,332596.8
2024-07-18 06:00:00,1.641,1.644,1.629,1.642,268317.5
2024-07-18 07:00:00,1.642,1.647,1.618,1.621,195491.9
2024-07-18 08:00:00,1.623,1.634,1.612,1.628,309387.3
2024-07-18 09:00:00,1.628,1.644,1.623,1.639,228147.7
2024-07-18 10:00:00,1.64,1.658,1.628,1.657,159339.1
2024-07-18 11:00:00,1.655,1.658,1.636,1.647,259343.4
2024-07-18 12:00:00,1.647,1.67,1.645,1.657,211664.3
2024-07-18 13:00:00,1.657,1.672,1.634,1.639,265330.0
2024-07-18 14:00:00,1.639,1.652,1.613,1.634,364819.8
2024-07-18 15:00:00,1.634,1.637,1.588,1.598,830821.3
2024-07-18 16:00:00,1.597,1.603,1.566,1.6,424959.2
2024-07-18 17:00:00,1.6,1.602,1.571,1.573,254775.2
2024-07-18 18:00:00,1.574,1.578,1.557,1.572,278449.7
2024-07-18 19:00:00,1.572,1.578,1.552,1.573,277294.8
2024-07-18 20:00:00,1.573,1.586,1.564,1.584,221165.3
2024-07-18 21:00:00,1.585,1.588,1.574,1.584,135411.3
2024-07-18 22:00:00,1.584,1.605,1.576,1.601,148330.0
2024-07-18 23:00:00,1.602,1.608,1.597,1.599,109087.7
2024-07-19 00:00:00,1.599,1.603,1.573,1.577,214013.9
2024-07-19 01:00:00,1.578,1.588,1.552,1.585,145909.6
2024-07-19 02:00:00,1.586,1.595,1.578,1.583,67336.7
2024-07-19 03:00:00,1.583,1.617,1.581,1.612,117656.4
2024-07-19 04:00:00,1.613,1.616,1.591,1.591,69284.1
2024-07-19 05:00:00,1.592,1.596,1.578,1.59,74487.8
2024-07-19 06:00:00,1.591,1.614,1.577,1.6,349512.3
2024-07-19 07:00:00,1.601,1.601,1.564,1.572,174908.5
2024-07-19 08:00:00,1.572,1.574,1.542,1.566,294413.4
2024-07-19 09:00:00,1.566,1.579,1.547,1.547,99754.9
2024-07-19 10:00:00,1.547,1.569,1.545,1.563,108108.5
2024-07-19 11:00:00,1.564,1.57,1.557,1.562,114038.4
2024-07-19 12:00:00,1.563,1.569,1.552,1.563,114779.5
2024-07-19 13:00:00,1.563,1.603,1.548,1.596,417132.0
2024-07-19 14:00:00,1.597,1.631,1.593,1.621,648604.8
2024-07-19 15:00:00,1.622,1.651,1.615,1.64,552758.0
2024-07-19 16:00:00,1.639,1.665,1.631,1.655,1063026.4
2024-07-19 17:00:00,1.655,1.661,1.64,1.647,271475.9
2024-07-19 18:00:00,1.647,1.663,1.631,1.634,421803.2
2024-07-19 19:00:00,1.635,1.657,1.634,1.644,306915.5
2024-07-19 20:00:00,1.644,1.655,1.64,1.648,211998.3
2024-07-19 21:00:00,1.648,1.65,1.629,1.642,252724.9
2024-07-19 22:00:00,1.643,1.657,1.638,1.641,137091.8
2024-07-19 23:00:00,1.642,1.645,1.635,1.639,47501.5
2024-07-20 00:00:00,1.639,1.652,1.619,1.625,222881.7
2024-07-20 01:00:00,1.624,1.636,1.615,1.62,109515.1
2024-07-20 02:00:00,1.62,1.627,1.616,1.624,55121.7
2024-07-20 03:00:00,1.624,1.645,1.624,1.641,76754.9
2024-07-20 04:00:00,1.641,1.66,1.627,1.659,283584.4
2024-07-20 05:00:00,1.659,1.684,1.644,1.669,288752.3
2024-07-20 06:00:00,1.669,1.669,1.639,1.641,260138.4
2024-07-20 07:00:00,1.641,1.654,1.639,1.641,113456.1
2024-07-20 08:00:00,1.642,1.649,1.627,1.629,223310.2
2024-07-20 09:00:00,1.629,1.632,1.617,1.623,130149.8
2024-07-20 10:00:00,1.623,1.629,1.612,1.617,145592.6
2024-07-20 11:00:00,1.616,1.617,1.592,1.594,227840.8
2024-07-20 12:00:00,1.595,1.606,1.591,1.598,151648.5
2024-07-20 13:00:00,1.599,1.602,1.572,1.59,296888.7
2024-07-20 14:00:00,1.59,1.594,1.569,1.585,695656.0
2024-07-20 15:00:00,1.585,1.607,1.582,1.607,307716.7
2024-07-20 16:00:00,1.606,1.613,1.585,1.593,352199.7
2024-07-20 17:00:00,1.593,1.642,1.59,1.616,465904.7
2024-07-20 18:00:00,1.615,1.616,1.599,1.604,243905.3
2024-07-20 19:00:00,1.604,1.606,1.589,1.596,284488.7
2024-07-20 20:00:00,1.596,1.608,1.596,1.607,169161.1
2024-07-20 21:00:00,1.607,1.608,1.585,1.597,160030.2
2024-07-20 22:00:00,1.597,1.603,1.579,1.585,114867.1
2024-07-20 23:00:00,1.585,1.602,1.585,1.602,149263.2
2024-07-21 00:00:00,1.602,1.613,1.593,1.594,153099.9
2024-07-21 01:00:00,1.594,1.612,1.589,1.606,165891.5
2024-07-21 02:00:00,1.606,1.633,1.606,1.614,199494.0
2024-07-21 03:00:00,1.615,1.628,1.613,1.617,146730.7
2024-07-21 04:00:00,1.618,1.618,1.595,1.598,149699.3
2024-07-21 05:00:00,1.598,1.599,1.579,1.587,440853.4
2024-07-21 06:00:00,1.587,1.592,1.561,1.564,319879.8
2024-07-21 07:00:00,1.564,1.573,1.55,1.566,287150.3
2024-07-21 08:00:00,1.565,1.582,1.565,1.577,176934.8
2024-07-21 09:00:00,1.577,1.599,1.574,1.588,182935.1
2024-07-21 10:00:00,1.588,1.589,1.572,1.573,169638.8
2024-07-21 11:00:00,1.572,1.579,1.562,1.572,144354.9
2024-07-21 12:00:00,1.571,1.58,1.565,1.568,147583.1
2024-07-21 13:00:00,1.567,1.573,1.555,1.564,196086.8
2024-07-21 14:00:00,1.564,1.596,1.552,1.595,313859.9
2024-07-21 15:00:00,1.595,1.611,1.579,1.582,313603.2
2024-07-21 16:00:00,1.583,1.607,1.575,1.604,307241.7
2024-07-21 17:00:00,1.605,1.611,1.556,1.569,241731.2
2024-07-21 18:00:00,1.568,1.587,1.506,1.57,1138529.3
2024-07-21 19:00:00,1.57,1.599,1.559,1.594,268425.6
2024-07-21 20:00:00,1.593,1.642,1.588,1.636,505242.2
2024-07-21 21:00:00,1.636,1.649,1.616,1.638,414296.2
2024-07-21 22:00:00,1.637,1.655,1.637,1.641,420018.8
2024-07-21 23:00:00,1.642,1.67,1.641,1.668,353156.4
2024-07-22 00:00:00,1.669,1.683,1.65,1.651,494512.3
2024-07-22 01:00:00,1.652,1.652,1.634,1.639,177400.9
2024-07-22 02:00:00,1.639,1.646,1.628,1.643,305708.8
2024-07-22 03:00:00,1.643,1.643,1.617,1.618,130496.0
2024-07-22 04:00:00,1.617,1.619,1.605,1.612,123043.7
2024-07-22 05:00:00,1.612,1.612,1.575,1.584,185365.1
2024-07-22 06:00:00,1.584,1.591,1.563,1.577,210273.6
2024-07-22 07:00:00,1.576,1.578,1.564,1.568,129284.3
2024-07-22 08:00:00,1.568,1.578,1.561,1.564,128127.0
2024-07-22 09:00:00,1.563,1.573,1.56,1.572,130705.3
2024-07-22 10:00:00,1.572,1.583,1.569,1.582,108131.6
2024-07-22 11:00:00,1.583,1.597,1.579,1.594,131637.9
2024-07-22 12:00:00,1.594,1.605,1.582,1.599,145853.2
2024-07-22 13:00:00,1.599,1.608,1.568,1.571,278463.4
2024-07-22 14:00:00,1.571,1.579,1.547,1.558,301729.9
2024-07-22 15:00:00,1.557,1.568,1.55,1.551,316579.4
2024-07-22 16:00:00,1.551,1.56,1.531,1.534,344896.5
2024-07-22 17:00:00,1.533,1.543,1.53,1.542,341280.6
2024-07-22 18:00:00,1.542,1.548,1.536,1.543,161767.4
2024-07-22 19:00:00,1.543,1.56,1.54,1.558,148049.9
2024-07-22 20:00:00,1.558,1.56,1.537,1.545,169266.5
2024-07-22 21:00:00,1.544,1.546,1.513,1.515,327576.9
2024-07-22 22:00:00,1.514,1.514,1.492,1.501,346182.8
2024-07-22 23:00:00,1.501,1.502,1.477,1.491,289135.7
2024-07-23 00:00:00,1.492,1.539,1.488,1.526,294331.4
2024-07-23 01:00:00,1.526,1.551,1.522,1.542,196809.8
2024-07-23 02:00:00,1.543,1.546,1.525,1.529,227060.5
2024-07-23 03:00:00,1.53,1.532,1.523,1.527,108000.7
2024-07-23 04:00:00,1.526,1.53,1.5,1.507,184515.5
2024-07-23 05:00:00,1.507,1.513,1.476,1.484,424099.2
2024-07-23 06:00:00,1.485,1.494,1.461,1.478,323840.1
2024-07-23 07:00:00,1.479,1.488,1.472,1.487,245750.5
2024-07-23 08:00:00,1.487,1.559,1.485,1.555,718369.8
2024-07-23 09:00:00,1.556,1.559,1.536,1.541,387050.9
2024-07-23 10:00:00,1.541,1.543,1.523,1.524,176618.5
2024-07-23 11:00:00,1.523,1.524,1.504,1.51,237647.8
2024-07-23 12:00:00,1.509,1.515,1.491,1.512,177252.2
2024-07-23 13:00:00,1.512,1.517,1.476,1.491,490814.0
2024-07-23 14:00:00,1.491,1.531,1.484,1.524,375583.4
2024-07-23 15:00:00,1.524,1.525,1.482,1.486,388688.0
2024-07-23 16:00:00,1.485,1.489,1.432,1.434,470075.7
2024-07-23 17:00:00,1.434,1.461,1.431,1.458,346262.1
2024-07-23 18:00:00,1.458,1.462,1.45,1.453,122029.8
2024-07-23 19:00:00,1.453,1.471,1.452,1.462,226329.8
2024-07-23 20:00:00,1.462,1.47,1.456,1.456,150110.4
2024-07-23 21:00:00,1.456,1.471,1.439,1.439,129157.4
2024-07-23 22:00:00,1.439,1.45,1.43,1.435,267956.2
2024-07-23 23:00:00,1.436,1.443,1.424,1.435,215349.6
2024-07-24 00:00:00,1.436,1.448,1.425,1.425,328901.8
2024-07-24 01:00:00,1.426,1.451,1.424,1.432,225535.2
2024-07-24 02:00:00,1.433,1.447,1.427,1.444,163985.0
2024-07-24 03:00:00,1.444,1.448,1.437,1.444,115573.3
2024-07-24 04:00:00,1.444,1.446,1.427,1.43,140897.8
2024-07-24 05:00:00,1.43,1.433,1.419,1.431,138333.8
2024-07-24 06:00:00,1.431,1.439,1.424,1.431,136565.1
2024-07-24 07:00:00,1.431,1.437,1.426,1.436,141391.8
2024-07-24 08:00:00,1.437,1.452,1.434,1.449,282957.0
2024-07-24 09:00:00,1.449,1.449,1.436,1.442,171909.4
2024-07-24 10:00:00,1.442,1.451,1.439,1.445,144932.8
2024-07-24 11:00:00,1.445,1.446,1.436,1.437,122830.5
2024-07-24 12:00:00,1.437,1.442,1.421,1.424,161975.2
2024-07-24 13:00:00,1.423,1.442,1.421,1.421,346988.7
2024-07-24 14:00:00,1.421,1.455,1.42,1.443,359984.3
2024-07-24 15:00:00,1.442,1.446,1.412,1.413,274750.7
2024-07-24 16:00:00,1.414,1.447,1.4,1.435,721167.8
2024-07-24 17:00:00,1.435,1.442,1.427,1.431,172396.3
2024-07-24 18:00:00,1.432,1.433,1.407,1.41,168720.1
2024-07-24 19:00:00,1.411,1.414,1.392,1.395,264350.4
2024-07-24 20:00:00,1.396,1.403,1.391,1.398,102934.0
2024-07-24 21:00:00,1.398,1.404,1.362,1.387,427556.0
2024-07-24 22:00:00,1.386,1.387,1.365,1.367,127107.1
2024-07-24 23:00:00,1.368,1.369,1.35,1.367,510468.9
2024-07-25 00:00:00,1.367,1.38,1.36,1.374,205858.7
2024-07-25 01:00:00,1.374,1.376,1.312,1.358,792639.8
2024-07-25 02:00:00,1.358,1.366,1.341,1.361,248319.7
2024-07-25 03:00:00,1.36,1.373,1.347,1.37,281619.5
2024-07-25 04:00:00,1.37,1.383,1.353,1.371,165259.9
2024-07-25 05:00:00,1.372,1.376,1.359,1.361,234093.4
2024-07-25 06:00:00,1.361,1.373,1.356,1.364,252579.0
2024-07-25 07:00:00,1.364,1.365,1.352,1.354,145340.3
2024-07-25 08:00:00,1.355,1.368,1.35,1.367,125205.5
2024-07-25 09:00:00,1.367,1.369,1.357,1.361,104496.9
2024-07-25 10:00:00,1.361,1.361,1.339,1.348,202246.9
2024-07-25 11:00:00,1.348,1.356,1.343,1.351,97129.9
2024-07-25 12:00:00,1.352,1.352,1.325,1.329,296829.1
2024-07-25 13:00:00,1.329,1.338,1.309,1.331,882587.8
2024-07-25 14:00:00,1.332,1.366,1.304,1.36,1000000.7
2024-07-25 15:00:00,1.361,1.365,1.343,1.345,233014.3
2024-07-25 16:00:00,1.346,1.383,1.335,1.36,463686.9
2024-07-25 17:00:00,1.361,1.373,1.35,1.363,691745.4
2024-07-25 18:00:00,1.363,1.363,1.318,1.328,470773.4
2024-07-25 19:00:00,1.327,1.338,1.313,1.322,417760.3
2024-07-25 20:00:00,1.322,1.345,1.301,1.345,301685.5
2024-07-25 21:00:00,1.346,1.364,1.345,1.36,314069.9
2024-07-25 22:00:00,1.361,1.37,1.349,1.356,172928.4
2024-07-25 23:00:00,1.357,1.364,1.35,1.363,148051.9
2024-07-26 00:00:00,1.364,1.389,1.357,1.384,299262.6
2024-07-26 01:00:00,1.384,1.39,1.369,1.377,228856.8
2024-07-26 02:00:00,1.377,1.403,1.375,1.398,264006.9
2024-07-26 03:00:00,1.398,1.412,1.394,1.404,308459.2
2024-07-26 04:00:00,1.405,1.409,1.398,1.408,232275.1
2024-07-26 05:00:00,1.409,1.412,1.396,1.402,151851.5
2024-07-26 06:00:00,1.402,1.448,1.399,1.44,522894.6
2024-07-26 07:00:00,1.439,1.444,1.419,1.423,246105.3
2024-07-26 08:00:00,1.424,1.459,1.424,1.447,537886.1
2024-07-26 09:00:00,1.447,1.459,1.438,1.438,259410.5
2024-07-26 10:00:00,1.438,1.446,1.428,1.435,197656.7
2024-07-26 11:00:00,1.435,1.437,1.424,1.432,153315.0
2024-07-26 12:00:00,1.434,1.446,1.42,1.425,313699.1
2024-07-26 13:00:00,1.424,1.443,1.415,1.442,260726.0
2024-07-26 14:00:00,1.442,1.445,1.419,1.428,329830.6
2024-07-26 15:00:00,1.427,1.449,1.425,1.436,210932.2
2024-07-26 16:00:00,1.436,1.449,1.43,1.436,187620.0
2024-07-26 17:00:00,1.436,1.445,1.435,1.44,172330.9
2024-07-26 18:00:00,1.44,1.446,1.434,1.439,101362.8
2024-07-26 19:00:00,1.44,1.458,1.44,1.448,98976.9
2024-07-26 20:00:00,1.449,1.451,1.437,1.439,70419.5
2024-07-26 21:00:00,1.439,1.449,1.433,1.443,74803.5
2024-07-26 22:00:00,1.442,1.464,1.441,1.461,94620.4
2024-07-26 23:00:00,1.461,1.464,1.454,1.458,100921.9
2024-07-27 00:00:00,1.457,1.458,1.442,1.443,165576.1
2024-07-27 01:00:00,1.443,1.443,1.432,1.435,73906.9
2024-07-27 02:00:00,1.436,1.451,1.433,1.449,57696.9
2024-07-27 03:00:00,1.45,1.451,1.434,1.438,88603.1
2024-07-27 04:00:00,1.438,1.443,1.436,1.44,58448.3
2024-07-27 05:00:00,1.44,1.452,1.44,1.443,73443.0
2024-07-27 06:00:00,1.443,1.455,1.442,1.455,67781.4
2024-07-27 07:00:00,1.455,1.472,1.451,1.461,164481.0
2024-07-27 08:00:00,1.462,1.472,1.448,1.455,126306.7
2024-07-27 09:00:00,1.455,1.467,1.447,1.465,114255.8
2024-07-27 10:00:00,1.465,1.465,1.456,1.46,192905.7
2024-07-27 11:00:00,1.461,1.471,1.456,1.468,136899.3
2024-07-27 12:00:00,1.468,1.482,1.467,1.476,147891.3
2024-07-27 13:00:00,1.476,1.498,1.476,1.485,243345.1
2024-07-27 14:00:00,1.485,1.491,1.457,1.461,251018.5
2024-07-27 15:00:00,1.461,1.462,1.427,1.446,372202.2
2024-07-27 16:00:00,1.446,1.456,1.438,1.441,177225.2
2024-07-27 17:00:00,1.441,1.458,1.433,1.436,195205.7
2024-07-27 18:00:00,1.436,1.453,1.434,1.437,165958.9
2024-07-27 19:00:00,1.437,1.449,1.422,1.444,209863.9
2024-07-27 20:00:00,1.445,1.454,1.405,1.443,491956.8
2024-07-27 21:00:00,1.442,1.478,1.439,1.467,293602.2
2024-07-27 22:00:00,1.467,1.474,1.463,1.468,86380.4
2024-07-27 23:00:00,1.468,1.468,1.445,1.446,149429.4
2024-07-28 00:00:00,1.446,1.451,1.429,1.45,151158.4
2024-07-28 01:00:00,1.449,1.46,1.448,1.453,48006.7
2024-07-28 02:00:00,1.452,1.457,1.441,1.445,81517.2
2024-07-28 03:00:00,1.444,1.449,1.434,1.434,111582.6
2024-07-28 04:00:00,1.434,1.437,1.412,1.414,138968.1
2024-07-28 05:00:00,1.415,1.421,1.405,1.419,81999.7
2024-07-28 06:00:00,1.42,1.43,1.42,1.424,37907.5
2024-07-28 07:00:00,1.424,1.427,1.417,1.426,60118.9
2024-07-28 08:00:00,1.426,1.428,1.415,1.423,92856.5
2024-07-28 09:00:00,1.424,1.43,1.422,1.427,69378.6
2024-07-28 10:00:00,1.427,1.439,1.426,1.434,103275.1
2024-07-28 11:00:00,1.434,1.443,1.432,1.432,86347.1
2024-07-28 12:00:00,1.433,1.437,1.425,1.432,60728.4
2024-07-28 13:00:00,1.432,1.444,1.43,1.443,88312.9
2024-07-28 14:00:00,1.443,1.445,1.419,1.42,129946.4
2024-07-28 15:00:00,1.42,1.43,1.414,1.424,123231.5
2024-07-28 16:00:00,1.425,1.426,1.413,1.415,87765.6
2024-07-28 17:00:00,1.415,1.425,1.412,1.425,67253.6
2024-07-28 18:00:00,1.425,1.437,1.422,1.426,130710.0
2024-07-28 19:00:00,1.426,1.429,1.419,1.42,80044.2
2024-07-28 20:00:00,1.42,1.42,1.408,1.408,75914.0
2024-07-28 21:00:00,1.408,1.412,1.4,1.405,109684.9
2024-07-28 22:00:00,1.405,1.407,1.39,1.394,105249.0
2024-07-28 23:00:00,1.394,1.411,1.392,1.41,66611.3
2024-07-29 00:00:00,1.411,1.448,1.41,1.438,251065.0
2024-07-29 01:00:00,1.438,1.453,1.434,1.439,135265.6
2024-07-29 02:00:00,1.439,1.479,1.432,1.477,192242.8
2024-07-29 03:00:00,1.477,1.504,1.475,1.475,552575.2
2024-07-29 04:00:00,1.476,1.484,1.465,1.477,162991.2
2024-07-29 05:00:00,1.478,1.486,1.473,1.485,128407.8
2024-07-29 06:00:00,1.484,1.499,1.477,1.479,325675.4
2024-07-29 07:00:00,1.478,1.487,1.472,1.486,326747.0
2024-07-29 08:00:00,1.487,1.499,1.479,1.487,195603.7
2024-07-29 09:00:00,1.488,1.493,1.48,1.485,134959.0
2024-07-29 10:00:00,1.486,1.491,1.478,1.487,110604.1
2024-07-29 11:00:00,1.486,1.495,1.479,1.488,170884.3
2024-07-29 12:00:00,1.488,1.495,1.479,1.489,173503.5
2024-07-29 13:00:00,1.488,1.496,1.469,1.476,312181.7
2024-07-29 14:00:00,1.477,1.478,1.448,1.45,298580.1
2024-07-29 15:00:00,1.45,1.456,1.418,1.42,559606.3
2024-07-29 16:00:00,1.42,1.426,1.395,1.4,430071.0
2024-07-29 17:00:00,1.4,1.422,1.395,1.417,241356.9
2024-07-29 18:00:00,1.416,1.421,1.405,1.41,197156.6
2024-07-29 19:00:00,1.409,1.423,1.406,1.417,146479.7
2024-07-29 20:00:00,1.417,1.421,1.41,1.413,85867.1
2024-07-29 21:00:00,1.412,1.413,1.397,1.405,130673.2
2024-07-29 22:00:00,1.405,1.416,1.396,1.398,147785.6
2024-07-29 23:00:00,1.398,1.404,1.386,1.386,226880.3
2024-07-30 00:00:00,1.387,1.408,1.374,1.406,347046.3
2024-07-30 01:00:00,1.406,1.418,1.388,1.39,186747.6
2024-07-30 02:00:00,1.39,1.401,1.382,1.393,222456.0
2024-07-30 03:00:00,1.393,1.406,1.392,1.399,117031.4
2024-07-30 04:00:00,1.4,1.403,1.391,1.399,117457.3
2024-07-30 05:00:00,1.399,1.399,1.384,1.385,179309.3
2024-07-30 06:00:00,1.385,1.401,1.382,1.392,89260.1
2024-07-30 07:00:00,1.393,1.405,1.391,1.395,150669.4
2024-07-30 08:00:00,1.396,1.4,1.384,1.385,117053.2
2024-07-30 09:00:00,1.385,1.391,1.377,1.379,156358.4
2024-07-30 10:00:00,1.38,1.385,1.371,1.378,268254.5
2024-07-30 11:00:00,1.378,1.384,1.372,1.382,184225.7
2024-07-30 12:00:00,1.382,1.387,1.361,1.377,291871.3
2024-07-30 13:00:00,1.377,1.386,1.36,1.361,240615.4
2024-07-30 14:00:00,1.361,1.375,1.356,1.361,314044.5
2024-07-30 15:00:00,1.36,1.379,1.353,1.376,186939.5
2024-07-30 16:00:00,1.377,1.379,1.367,1.37,116660.6
2024-07-30 17:00:00,1.37,1.37,1.343,1.354,235110.6
2024-07-30 18:00:00,1.353,1.354,1.34,1.342,168126.6
2024-07-30 19:00:00,1.341,1.341,1.321,1.328,259746.3
2024-07-30 20:00:00,1.329,1.341,1.31,1.328,385169.5
2024-07-30 21:00:00,1.328,1.328,1.313,1.324,249035.6
2024-07-30 22:00:00,1.324,1.327,1.316,1.326,118230.6
2024-07-30 23:00:00,1.325,1.329,1.313,1.322,305161.2
2024-07-31 00:00:00,1.322,1.344,1.314,1.34,282712.0
2024-07-31 01:00:00,1.34,1.351,1.331,1.336,248438.8
2024-07-31 02:00:00,1.335,1.346,1.325,1.327,242528.3
2024-07-31 03:00:00,1.327,1.332,1.314,1.315,250570.5
2024-07-31 04:00:00,1.315,1.335,1.31,1.316,437173.8
2024-07-31 05:00:00,1.316,1.342,1.309,1.337,193630.2
2024-07-31 06:00:00,1.337,1.354,1.336,1.346,262543.9
2024-07-31 07:00:00,1.346,1.35,1.332,1.333,160101.5
2024-07-31 08:00:00,1.334,1.339,1.311,1.332,415042.7
2024-07-31 09:00:00,1.333,1.337,1.326,1.326,102522.0
2024-07-31 10:00:00,1.326,1.327,1.305,1.308,218050.2
2024-07-31 11:00:00,1.309,1.319,1.305,1.319,123299.9
2024-07-31 12:00:00,1.319,1.33,1.315,1.323,217633.4
2024-07-31 13:00:00,1.324,1.35,1.324,1.332,388478.7
2024-07-31 14:00:00,1.332,1.339,1.318,1.328,297036.4
2024-07-31 15:00:00,1.328,1.33,1.316,1.316,170446.9
2024-07-31 16:00:00,1.317,1.331,1.31,1.316,174318.4
2024-07-31 17:00:00,1.315,1.334,1.311,1.324,156211.8
2024-07-31 18:00:00,1.325,1.336,1.306,1.336,353740.2
2024-07-31 19:00:00,1.336,1.34,1.283,1.296,671161.4
2024-07-31 20:00:00,1.295,1.298,1.268,1.273,641807.2
2024-07-31 21:00:00,1.273,1.29,1.268,1.286,302300.4
2024-07-31 22:00:00,1.285,1.286,1.269,1.278,138706.7
2024-07-31 23:00:00,1.277,1.278,1.266,1.267,160044.7
2024-08-01 00:00:00,1.266,1.293,1.265,1.293,402468.4
2024-08-01 01:00:00,1.293,1.295,1.268,1.281,255410.2
2024-08-01 02:00:00,1.281,1.283,1.248,1.26,1103957.1
2024-08-01 03:00:00,1.26,1.264,1.245,1.251,271925.7
2024-08-01 04:00:00,1.25,1.257,1.22,1.225,472389.9
2024-08-01 05:00:00,1.226,1.249,1.21,1.249,740669.9
2024-08-01 06:00:00,1.249,1.249,1.227,1.227,340986.0
2024-08-01 07:00:00,1.228,1.243,1.227,1.234,214604.4
2024-08-01 08:00:00,1.235,1.25,1.234,1.246,153488.3
2024-08-01 09:00:00,1.246,1.253,1.234,1.235,204026.3
2024-08-01 10:00:00,1.234,1.244,1.231,1.241,165630.0
2024-08-01 11:00:00,1.241,1.244,1.233,1.239,219453.7
2024-08-01 12:00:00,1.239,1.259,1.236,1.246,294904.7
2024-08-01 13:00:00,1.246,1.247,1.234,1.24,332183.7
2024-08-01 14:00:00,1.24,1.241,1.196,1.196,651276.6
2024-08-01 15:00:00,1.197,1.206,1.1813,1.196,1408722.5
2024-08-01 16:00:00,1.196,1.201,1.156,1.175,1359585.4
2024-08-01 17:00:00,1.174,1.177,1.159,1.177,603120.0
2024-08-01 18:00:00,1.176,1.176,1.131,1.153,1245091.9
2024-08-01 19:00:00,1.153,1.177,1.153,1.17,338021.6
2024-08-01 20:00:00,1.17,1.203,1.165,1.202,391669.4
2024-08-01 21:00:00,1.202,1.22,1.195,1.206,516357.6
2024-08-01 22:00:00,1.207,1.233,1.204,1.224,309515.6
2024-08-01 23:00:00,1.224,1.23,1.214,1.221,177845.1
2024-08-02 00:00:00,1.221,1.235,1.219,1.224,294285.6
2024-08-02 01:00:00,1.224,1.224,1.206,1.206,226282.5
2024-08-02 02:00:00,1.206,1.209,1.179,1.192,260759.1
2024-08-02 03:00:00,1.192,1.205,1.187,1.199,211397.7
2024-08-02 04:00:00,1.199,1.201,1.19,1.195,148343.1
2024-08-02 05:00:00,1.195,1.201,1.174,1.175,489601.7
2024-08-02 06:00:00,1.175,1.184,1.156,1.181,443435.6
2024-08-02 07:00:00,1.182,1.188,1.169,1.182,389005.5
2024-08-02 08:00:00,1.182,1.187,1.169,1.187,332021.8
2024-08-02 09:00:00,1.187,1.201,1.183,1.191,375707.1
2024-08-02 10:00:00,1.191,1.208,1.185,1.203,215763.0
2024-08-02 11:00:00,1.204,1.211,1.193,1.201,385098.0
2024-08-02 12:00:00,1.201,1.212,1.191,1.211,434562.3
2024-08-02 13:00:00,1.211,1.227,1.198,1.201,640746.2
2024-08-02 14:00:00,1.201,1.205,1.144,1.146,726216.4
2024-08-02 15:00:00,1.146,1.159,1.113,1.153,1303391.5
2024-08-02 16:00:00,1.153,1.157,1.127,1.139,453337.0
2024-08-02 17:00:00,1.139,1.149,1.124,1.126,363031.1
2024-08-02 18:00:00,1.126,1.128,1.101,1.107,1071464.4
2024-08-02 19:00:00,1.108,1.112,1.092,1.106,389971.9
2024-08-02 20:00:00,1.107,1.118,1.096,1.108,350554.1
2024-08-02 21:00:00,1.107,1.107,1.077,1.098,558689.4
2024-08-02 22:00:00,1.098,1.101,1.081,1.089,295530.6
2024-08-02 23:00:00,1.09,1.1,1.083,1.091,300975.9
2024-08-03 00:00:00,1.09,1.108,1.081,1.089,506981.8
2024-08-03 01:00:00,1.088,1.104,1.057,1.099,537864.0
2024-08-03 02:00:00,1.099,1.106,1.09,1.096,198937.5
2024-08-03 03:00:00,1.096,1.11,1.091,1.109,269890.9
2024-08-03 04:00:00,1.109,1.118,1.103,1.106,330804.7
2024-08-03 05:00:00,1.107,1.114,1.104,1.11,99069.3
2024-08-03 06:00:00,1.109,1.115,1.108,1.111,164380.6
2024-08-03 07:00:00,1.111,1.114,1.104,1.105,92545.2
2024-08-03 08:00:00,1.106,1.11,1.097,1.109,209741.8
2024-08-03 09:00:00,1.109,1.11,1.101,1.107,115508.1
2024-08-03 10:00:00,1.107,1.113,1.099,1.11,198324.3
2024-08-03 11:00:00,1.11,1.113,1.101,1.102,148346.8
2024-08-03 12:00:00,1.103,1.121,1.101,1.108,208884.2
2024-08-03 13:00:00,1.108,1.112,1.103,1.108,144417.1
2024-08-03 14:00:00,1.108,1.113,1.101,1.101,214034.5
2024-08-03 15:00:00,1.101,1.105,1.056,1.058,482707.4
2024-08-03 16:00:00,1.058,1.073,1.032,1.059,1432185.1
2024-08-03 17:00:00,1.059,1.06,1.031,1.034,453761.8
2024-08-03 18:00:00,1.034,1.035,1.012,1.017,680377.3
2024-08-03 19:00:00,1.017,1.021,1.002,1.003,387594.3
2024-08-03 20:00:00,1.003,1.044,1.001,1.03,550804.6
2024-08-03 21:00:00,1.031,1.053,1.028,1.052,455807.2
2024-08-03 22:00:00,1.051,1.052,1.035,1.041,170206.7
2024-08-03 23:00:00,1.042,1.045,1.032,1.034,189121.7
2024-08-04 00:00:00,1.034,1.058,1.032,1.056,256927.8
2024-08-04 01:00:00,1.056,1.057,1.034,1.048,260417.2
2024-08-04 02:00:00,1.048,1.062,1.046,1.052,162788.0
2024-08-04 03:00:00,1.052,1.053,1.042,1.047,127450.4
2024-08-04 04:00:00,1.047,1.052,1.037,1.042,451840.9
2024-08-04 05:00:00,1.043,1.049,1.041,1.046,157934.6
2024-08-04 06:00:00,1.045,1.052,1.042,1.049,110134.5
2024-08-04 07:00:00,1.048,1.048,1.028,1.033,278593.0
2024-08-04 08:00:00,1.034,1.046,1.028,1.041,234636.2
2024-08-04 09:00:00,1.041,1.047,1.038,1.039,105361.7
2024-08-04 10:00:00,1.039,1.043,1.03,1.042,143171.1
2024-08-04 11:00:00,1.043,1.046,1.035,1.036,114684.9
2024-08-04 12:00:00,1.037,1.048,1.035,1.048,138176.2
2024-08-04 13:00:00,1.048,1.051,1.034,1.034,199865.8
2024-08-04 14:00:00,1.035,1.036,0.988,0.992,807913.4
2024-08-04 15:00:00,0.993,0.993,0.971,0.973,1016508.2
2024-08-04 16:00:00,0.974,0.982,0.939,0.942,1042894.6
2024-08-04 17:00:00,0.941,0.956,0.917,0.95,1267903.2
2024-08-04 18:00:00,0.95,0.971,0.934,0.968,771337.8
2024-08-04 19:00:00,0.969,1.004,0.959,0.997,809485.5
2024-08-04 20:00:00,0.997,1.015,0.987,0.999,400660.1
2024-08-04 21:00:00,0.999,1.002,0.987,0.99,225918.7
2024-08-04 22:00:00,0.989,1.007,0.984,0.989,418346.2
2024-08-04 23:00:00,0.988,0.988,0.971,0.975,485765.7
2024-08-05 00:00:00,0.976,0.987,0.922,0.934,1656391.0
2024-08-05 01:00:00,0.934,0.939,0.789,0.856,5323604.1
2024-08-05 02:00:00,0.856,0.862,0.826,0.86,1170805.2
2024-08-05 03:00:00,0.861,0.873,0.838,0.858,1855552.9
2024-08-05 04:00:00,0.859,0.872,0.845,0.848,705980.3
2024-08-05 05:00:00,0.848,0.856,0.812,0.833,1630634.8
2024-08-05 06:00:00,0.832,0.838,0.75,0.809,3585022.9
2024-08-05 07:00:00,0.808,0.88,0.802,0.868,1814363.1
2024-08-05 08:00:00,0.869,0.875,0.853,0.871,1152478.8
2024-08-05 09:00:00,0.871,0.887,0.858,0.867,1000882.2
2024-08-05 10:00:00,0.867,0.869,0.828,0.842,1003237.5
2024-08-05 11:00:00,0.842,0.85,0.816,0.846,1086353.0
2024-08-05 12:00:00,0.846,0.862,0.824,0.83,1093249.1
2024-08-05 13:00:00,0.83,0.91,0.82,0.902,1685961.3
2024-08-05 14:00:00,0.902,0.963,0.9,0.951,1849255.7
2024-08-05 15:00:00,0.952,1.009,0.935,0.995,4025894.2
2024-08-05 16:00:00,0.994,1.05,0.983,1.03,2674678.0
2024-08-05 17:00:00,1.03,1.05,1.02,1.037,1788338.8
2024-08-05 18:00:00,1.037,1.04,0.983,0.983,1730392.0
2024-08-05 19:00:00,0.983,1.004,0.974,0.995,1205524.5
2024-08-05 20:00:00,0.995,1.013,0.991,1.002,767785.0
2024-08-05 21:00:00,1.001,1.017,0.984,0.99,632388.2
2024-08-05 22:00:00,0.991,1.005,0.982,0.991,413157.5
2024-08-05 23:00:00,0.992,1.005,0.974,0.974,444451.1
2024-08-06 00:00:00,0.974,1.022,0.97,1.013,970918.4
2024-08-06 01:00:00,1.012,1.032,0.995,1.003,1059529.1
2024-08-06 02:00:00,1.003,1.02,0.997,1.017,619821.2
2024-08-06 03:00:00,1.016,1.018,1.004,1.005,325573.5
2024-08-06 04:00:00,1.006,1.019,0.997,1.016,425368.1
2024-08-06 05:00:00,1.016,1.043,1.01,1.032,696201.3
2024-08-06 06:00:00,1.033,1.054,1.024,1.042,941039.7
2024-08-06 07:00:00,1.041,1.045,1.024,1.037,752866.4
2024-08-06 08:00:00,1.037,1.038,0.992,1.005,1106418.5
2024-08-06 09:00:00,1.004,1.015,0.996,1.01,828519.3
2024-08-06 10:00:00,1.011,1.014,0.996,1.001,642266.3
2024-08-06 11:00:00,1.001,1.006,0.991,0.997,543751.6
2024-08-06 12:00:00,0.997,1.007,0.985,0.994,451554.4
2024-08-06 13:00:00,0.994,1.007,0.98,1.0,754290.2
2024-08-06 14:00:00,1.0,1.047,0.999,1.022,1453595.0
2024-08-06 15:00:00,1.022,1.029,1.002,1.016,783236.5
2024-08-06 16:00:00,1.016,1.028,1.008,1.019,902830.5
2024-08-06 17:00:00,1.018,1.024,1.006,1.007,474093.1
2024-08-06 18:00:00,1.007,1.025,1.007,1.015,406060.1
2024-08-06 19:00:00,1.014,1.019,1.007,1.008,303750.3
2024-08-06 20:00:00,1.008,1.014,1.0,1.006,410637.7
2024-08-06 21:00:00,1.006,1.011,1.0,1.011,249921.4
2024-08-06 22:00:00,1.01,1.021,0.994,1.001,565500.3
2024-08-06 23:00:00,1.002,1.009,0.99,0.997,256481.6
2024-08-07 00:00:00,0.997,1.005,0.983,0.998,502379.4
2024-08-07 01:00:00,0.998,1.023,0.983,1.021,537417.2
2024-08-07 02:00:00,1.02,1.027,1.005,1.01,496784.1
2024-08-07 03:00:00,1.01,1.024,1.009,1.02,396045.0
2024-08-07 04:00:00,1.02,1.043,1.019,1.03,633677.3
2024-08-07 05:00:00,1.03,1.035,1.018,1.018,417793.8
2024-08-07 06:00:00,1.018,1.029,1.016,1.019,307988.1
2024-08-07 07:00:00,1.019,1.027,1.01,1.023,314944.4
2024-08-07 08:00:00,1.024,1.035,1.02,1.032,339044.7
2024-08-07 09:00:00,1.031,1.044,1.023,1.035,508137.9
2024-08-07 10:00:00,1.035,1.06,1.03,1.034,624457.5
2024-08-07 11:00:00,1.033,1.035,1.012,1.017,713722.6
2024-08-07 12:00:00,1.018,1.035,1.012,1.033,523208.4
2024-08-07 13:00:00,1.032,1.044,1.016,1.019,654032.7
2024-08-07 14:00:00,1.019,1.023,0.965,0.98,1297333.9
2024-08-07 15:00:00,0.981,0.995,0.97,0.976,640397.1
2024-08-07 16:00:00,0.976,0.982,0.965,0.973,416449.7
2024-08-07 17:00:00,0.974,0.983,0.958,0.969,525242.6
2024-08-07 18:00:00,0.969,0.976,0.952,0.954,789188.5
2024-08-07 19:00:00,0.955,0.964,0.952,0.959,453029.9
2024-08-07 20:00:00,0.959,0.972,0.941,0.959,701971.7
2024-08-07 21:00:00,0.96,0.966,0.952,0.959,353464.2
2024-08-07 22:00:00,0.959,0.96,0.935,0.951,410626.4
2024-08-07 23:00:00,0.952,0.955,0.94,0.946,256627.9
2024-08-08 00:00:00,0.947,0.956,0.917,0.939,775570.1
2024-08-08 01:00:00,0.94,0.991,0.938,0.986,660089.6
2024-08-08 02:00:00,0.986,1.028,0.986,1.023,718956.0
2024-08-08 03:00:00,1.023,1.026,1.0,1.0,250189.4
2024-08-08 04:00:00,1.0,1.044,1.0,1.032,836033.7
2024-08-08 05:00:00,1.031,1.078,1.03,1.068,1222961.5
2024-08-08 06:00:00,1.067,1.067,1.04,1.041,780245.6
2024-08-08 07:00:00,1.041,1.044,1.027,1.029,524498.4
2024-08-08 08:00:00,1.03,1.032,1.019,1.021,562280.0
2024-08-08 09:00:00,1.022,1.026,1.013,1.018,441280.0
2024-08-08 10:00:00,1.017,1.023,1.011,1.02,309870.0
2024-08-08 11:00:00,1.02,1.021,1.012,1.014,332753.3
2024-08-08 12:00:00,1.014,1.047,1.005,1.02,1405516.2
2024-08-08 13:00:00,1.02,1.032,1.003,1.014,813614.3
2024-08-08 14:00:00,1.014,1.044,1.012,1.044,645230.0
2024-08-08 15:00:00,1.043,1.052,1.032,1.048,838353.4
2024-08-08 16:00:00,1.048,1.066,1.046,1.061,1107663.2
2024-08-08 17:00:00,1.061,1.061,1.044,1.045,499101.0
2024-08-08 18:00:00,1.045,1.049,1.031,1.033,602730.8
2024-08-08 19:00:00,1.032,1.036,1.021,1.023,512727.7
2024-08-08 20:00:00,1.023,1.039,1.019,1.032,621139.3
2024-08-08 21:00:00,1.032,1.066,1.03,1.064,499916.2
2024-08-08 22:00:00,1.065,1.09,1.055,1.083,1201366.0
2024-08-08 23:00:00,1.083,1.094,1.071,1.085,745568.7
2024-08-09 00:00:00,1.085,1.091,1.071,1.076,1049294.8
2024-08-09 01:00:00,1.076,1.08,1.07,1.076,501495.1
2024-08-09 02:00:00,1.076,1.083,1.062,1.062,397373.1
2024-08-09 03:00:00,1.063,1.07,1.058,1.066,235674.4
2024-08-09 04:00:00,1.066,1.067,1.038,1.038,420065.1
2024-08-09 05:00:00,1.039,1.048,1.034,1.046,409721.2
2024-08-09 06:00:00,1.047,1.054,1.039,1.048,317139.1
2024-08-09 07:00:00,1.048,1.063,1.047,1.051,414303.2
2024-08-09 08:00:00,1.051,1.066,1.044,1.058,738262.9
2024-08-09 09:00:00,1.058,1.06,1.037,1.04,679247.0
2024-08-09 10:00:00,1.04,1.045,1.026,1.038,742316.1
2024-08-09 11:00:00,1.038,1.041,1.029,1.034,406121.4
2024-08-09 12:00:00,1.034,1.037,1.021,1.031,346551.3
2024-08-09 13:00:00,1.031,1.035,1.013,1.03,736999.6
2024-08-09 14:00:00,1.03,1.048,1.012,1.029,1203716.9
2024-08-09 15:00:00,1.028,1.031,1.013,1.014,323453.6
2024-08-09 16:00:00,1.014,1.025,1.009,1.017,429135.6
2024-08-09 17:00:00,1.017,1.027,1.013,1.019,316736.7
2024-08-09 18:00:00,1.019,1.021,1.008,1.016,335569.9
2024-08-09 19:00:00,1.016,1.021,1.008,1.019,468917.6
2024-08-09 20:00:00,1.018,1.027,1.014,1.023,499789.8
2024-08-09 21:00:00,1.023,1.03,1.011,1.027,346652.0
2024-08-09 22:00:00,1.027,1.038,1.021,1.028,412401.6
2024-08-09 23:00:00,1.028,1.04,1.022,1.039,193755.2
2024-08-10 00:00:00,1.04,1.065,1.032,1.032,561355.6
2024-08-10 01:00:00,1.033,1.047,1.03,1.039,216934.0
2024-08-10 02:00:00,1.039,1.054,1.037,1.044,206543.8
2024-08-10 03:00:00,1.044,1.044,1.032,1.037,171907.5
2024-08-10 04:00:00,1.037,1.037,1.022,1.029,127850.5
2024-08-10 05:00:00,1.03,1.036,1.024,1.026,383227.6
2024-08-10 06:00:00,1.026,1.041,1.026,1.036,267590.2
2024-08-10 07:00:00,1.036,1.04,1.029,1.038,237951.0
2024-08-10 08:00:00,1.038,1.038,1.029,1.031,147524.8
2024-08-10 09:00:00,1.031,1.045,1.031,1.042,174808.3
2024-08-10 10:00:00,1.042,1.049,1.039,1.045,194798.7
2024-08-10 11:00:00,1.045,1.052,1.042,1.047,188675.2
2024-08-10 12:00:00,1.048,1.048,1.036,1.036,123083.8
2024-08-10 13:00:00,1.036,1.039,1.024,1.024,283203.7
2024-08-10 14:00:00,1.025,1.034,1.023,1.03,195153.7
2024-08-10 15:00:00,1.03,1.039,1.027,1.034,253711.1
2024-08-10 16:00:00,1.034,1.043,1.027,1.042,314778.8
2024-08-10 17:00:00,1.042,1.045,1.033,1.041,152986.8
2024-08-10 18:00:00,1.042,1.049,1.037,1.039,190044.8
2024-08-10 19:00:00,1.04,1.057,1.037,1.05,444794.6
2024-08-10 20:00:00,1.051,1.052,1.041,1.05,141394.5
2024-08-10 21:00:00,1.05,1.065,1.05,1.063,311767.8
2024-08-10 22:00:00,1.063,1.067,1.054,1.056,328137.4
2024-08-10 23:00:00,1.056,1.059,1.051,1.053,175982.8
2024-08-11 00:00:00,1.053,1.066,1.05,1.061,221210.7
2024-08-11 01:00:00,1.062,1.075,1.054,1.073,202481.5
2024-08-11 02:00:00,1.073,1.077,1.063,1.069,250957.5
2024-08-11 03:00:00,1.07,1.109,1.07,1.096,832085.9
2024-08-11 04:00:00,1.096,1.121,1.096,1.109,721312.2
2024-08-11 05:00:00,1.109,1.133,1.099,1.13,496275.3
2024-08-11 06:00:00,1.13,1.167,1.126,1.148,1297424.5
2024-08-11 07:00:00,1.148,1.159,1.142,1.142,592961.3
2024-08-11 08:00:00,1.142,1.143,1.113,1.12,763295.6
2024-08-11 09:00:00,1.12,1.135,1.112,1.121,543051.7
2024-08-11 10:00:00,1.122,1.123,1.104,1.106,455244.4
2024-08-11 11:00:00,1.107,1.111,1.088,1.104,1327013.1
2024-08-11 12:00:00,1.104,1.115,1.096,1.102,728018.7
2024-08-11 13:00:00,1.102,1.102,1.083,1.084,668165.9
2024-08-11 14:00:00,1.084,1.086,1.056,1.059,566967.6
2024-08-11 15:00:00,1.059,1.066,1.053,1.057,594228.1
2024-08-11 16:00:00,1.056,1.07,1.051,1.066,463038.5
2024-08-11 17:00:00,1.065,1.071,1.054,1.066,430668.6
2024-08-11 18:00:00,1.065,1.071,1.062,1.07,315034.2
2024-08-11 19:00:00,1.07,1.071,1.027,1.028,779283.7
2024-08-11 20:00:00,1.028,1.028,1.012,1.018,908906.5
2024-08-11 21:00:00,1.018,1.027,1.011,1.024,347256.6
2024-08-11 22:00:00,1.024,1.028,1.005,1.016,275593.0
2024-08-11 23:00:00,1.016,1.016,1.007,1.011,184966.0
2024-08-12 00:00:00,1.012,1.031,1.011,1.019,549929.5
2024-08-12 01:00:00,1.019,1.036,1.016,1.034,371350.9
2024-08-12 02:00:00,1.034,1.039,1.026,1.035,367080.6
2024-08-12 03:00:00,1.036,1.039,1.026,1.029,227869.8
2024-08-12 04:00:00,1.029,1.033,1.019,1.019,313429.7
2024-08-12 05:00:00,1.019,1.032,1.019,1.03,172836.6
2024-08-12 06:00:00,1.029,1.031,1.017,1.023,325942.1
2024-08-12 07:00:00,1.023,1.051,1.003,1.046,925144.4
2024-08-12 08:00:00,1.046,1.09,1.046,1.056,1217671.2
2024-08-12 09:00:00,1.055,1.072,1.05,1.055,806423.6
2024-08-12 10:00:00,1.056,1.074,1.05,1.072,605408.1
2024-08-12 11:00:00,1.072,1.098,1.071,1.083,552092.1
2024-08-12 12:00:00,1.084,1.084,1.063,1.074,809707.8
2024-08-12 13:00:00,1.073,1.078,1.029,1.035,892434.3
2024-08-12 14:00:00,1.035,1.084,1.024,1.079,958257.1
2024-08-12 15:00:00,1.079,1.083,1.048,1.066,731064.7
2024-08-12 16:00:00,1.067,1.07,1.051,1.052,510476.1
2024-08-12 17:00:00,1.052,1.058,1.043,1.045,405374.5
2024-08-12 18:00:00,1.045,1.054,1.025,1.027,411138.4
2024-08-12 19:00:00,1.028,1.043,1.027,1.036,279221.4
2024-08-12 20:00:00,1.036,1.045,1.031,1.033,255456.9
2024-08-12 21:00:00,1.033,1.035,1.019,1.029,238073.5
2024-08-12 22:00:00,1.029,1.035,1.025,1.03,184716.3
2024-08-12 23:00:00,1.03,1.055,1.029,1.044,352075.9
2024-08-13 00:00:00,1.045,1.05,1.033,1.039,488177.5
2024-08-13 01:00:00,1.039,1.046,1.032,1.036,213565.3
2024-08-13 02:00:00,1.036,1.036,1.021,1.026,222651.0
2024-08-13 03:00:00,1.026,1.026,1.007,1.01,445173.3
2024-08-13 04:00:00,1.01,1.016,1.001,1.014,253888.9
2024-08-13 05:00:00,1.014,1.018,1.01,1.015,182895.1
2024-08-13 06:00:00,1.015,1.02,1.006,1.018,269109.8
2024-08-13 07:00:00,1.017,1.022,1.015,1.016,433220.4
2024-08-13 08:00:00,1.016,1.022,1.007,1.014,321813.1
2024-08-13 09:00:00,1.014,1.014,1.003,1.01,191581.5
2024-08-13 10:00:00,1.009,1.012,0.997,1.009,435691.0
2024-08-13 11:00:00,1.009,1.013,1.004,1.011,243391.4
2024-08-13 12:00:00,1.012,1.024,1.008,1.023,528872.5
2024-08-13 13:00:00,1.022,1.037,1.013,1.036,629940.8
2024-08-13 14:00:00,1.037,1.04,1.016,1.025,477532.3
2024-08-13 15:00:00,1.025,1.029,1.015,1.025,357965.4
2024-08-13 16:00:00,1.026,1.058,1.024,1.055,825545.4
2024-08-13 17:00:00,1.056,1.063,1.045,1.059,694046.3
2024-08-13 18:00:00,1.06,1.062,1.048,1.052,396228.3
2024-08-13 19:00:00,1.051,1.057,1.039,1.054,380171.6
2024-08-13 20:00:00,1.053,1.059,1.043,1.044,299586.5
2024-08-13 21:00:00,1.044,1.058,1.043,1.057,206606.9
2024-08-13 22:00:00,1.057,1.061,1.049,1.05,355044.1
2024-08-13 23:00:00,1.05,1.053,1.043,1.046,184701.9
2024-08-14 00:00:00,1.047,1.054,1.041,1.048,211955.9
2024-08-14 01:00:00,1.048,1.051,1.028,1.028,208284.0
2024-08-14 02:00:00,1.028,1.034,1.019,1.032,352990.7
2024-08-14 03:00:00,1.032,1.04,1.03,1.032,271287.6
2024-08-14 04:00:00,1.033,1.041,1.031,1.032,179615.5
2024-08-14 05:00:00,1.032,1.043,1.029,1.031,164787.2
2024-08-14 06:00:00,1.031,1.041,1.025,1.035,220878.0
2024-08-14 07:00:00,1.035,1.037,1.03,1.031,233018.3
2024-08-14 08:00:00,1.03,1.034,1.024,1.029,168889.3
2024-08-14 09:00:00,1.029,1.042,1.028,1.035,268413.4
2024-08-14 10:00:00,1.035,1.06,1.035,1.047,474409.9
2024-08-14 11:00:00,1.046,1.069,1.039,1.062,608918.3
2024-08-14 12:00:00,1.062,1.081,1.051,1.06,1148860.9
2024-08-14 13:00:00,1.059,1.069,1.022,1.026,911776.9
2024-08-14 14:00:00,1.026,1.039,1.013,1.038,652108.7
2024-08-14 15:00:00,1.037,1.054,1.029,1.049,554472.9
2024-08-14 16:00:00,1.049,1.05,1.021,1.023,467071.4
2024-08-14 17:00:00,1.022,1.026,1.018,1.022,220194.1
2024-08-14 18:00:00,1.022,1.03,1.014,1.017,153799.5
2024-08-14 19:00:00,1.017,1.02,1.011,1.014,176607.0
2024-08-14 20:00:00,1.015,1.028,1.012,1.025,156601.7
2024-08-14 21:00:00,1.025,1.03,1.017,1.017,232855.0
2024-08-14 22:00:00,1.018,1.022,1.006,1.017,217940.2
2024-08-14 23:00:00,1.018,1.02,1.01,1.013,159553.1
2024-08-15 00:00:00,1.013,1.033,1.011,1.027,184841.1
2024-08-15 01:00:00,1.027,1.034,1.022,1.025,224556.3
2024-08-15 02:00:00,1.026,1.037,1.014,1.021,749548.7
2024-08-15 03:00:00,1.021,1.026,1.017,1.021,143303.2
2024-08-15 04:00:00,1.022,1.026,1.016,1.023,271922.4
2024-08-15 05:00:00,1.023,1.054,1.023,1.041,1953854.6
2024-08-15 06:00:00,1.04,1.047,1.024,1.027,955625.1
2024-08-15 07:00:00,1.026,1.026,1.012,1.02,408119.3
2024-08-15 08:00:00,1.02,1.03,1.012,1.029,257498.7
2024-08-15 09:00:00,1.029,1.038,1.021,1.023,297839.8
2024-08-15 10:00:00,1.023,1.023,1.009,1.012,224548.0
2024-08-15 11:00:00,1.012,1.032,1.01,1.031,324063.8
2024-08-15 12:00:00,1.031,1.05,1.021,1.033,574631.6
2024-08-15 13:00:00,1.033,1.049,1.024,1.044,385929.6
2024-08-15 14:00:00,1.044,1.052,1.041,1.043,447132.5
2024-08-15 15:00:00,1.044,1.047,1.033,1.039,416707.1
2024-08-15 16:00:00,1.04,1.046,1.024,1.029,257281.9
2024-08-15 17:00:00,1.029,1.029,0.978,0.98,1065289.6
2024-08-15 18:00:00,0.98,0.98,0.954,0.968,1298465.7
2024-08-15 19:00:00,0.967,0.979,0.955,0.978,660518.9
2024-08-15 20:00:00,0.978,0.98,0.968,0.978,462229.4
2024-08-15 21:00:00,0.978,0.98,0.971,0.98,296446.4
2024-08-15 22:00:00,0.98,0.997,0.971,0.988,192100.5
2024-08-15 23:00:00,0.988,0.995,0.985,0.986,279664.4
2024-08-16 00:00:00,0.987,1.0,0.981,0.99,242218.6
2024-08-16 01:00:00,0.99,0.996,0.982,0.99,245410.1
2024-08-16 02:00:00,0.99,1.011,0.979,0.996,564419.1
2024-08-16 03:00:00,0.996,0.998,0.986,0.99,256348.3
2024-08-16 04:00:00,0.991,0.995,0.988,0.995,161495.6
2024-08-16 05:00:00,0.995,0.999,0.991,0.995,110768.4
2024-08-16 06:00:00,0.995,1.012,0.991,1.009,294300.3
2024-08-16 07:00:00,1.01,1.013,1.003,1.006,202201.5
2024-08-16 08:00:00,1.007,1.015,1.005,1.006,256515.7
2024-08-16 09:00:00,1.005,1.018,1.005,1.016,299662.1
2024-08-16 10:00:00,1.017,1.025,1.007,1.023,427652.2
2024-08-16 11:00:00,1.023,1.023,1.009,1.011,305286.9
2024-08-16 12:00:00,1.011,1.018,0.989,1.002,770665.5
2024-08-16 13:00:00,1.002,1.037,1.0,1.018,715559.9
2024-08-16 14:00:00,1.017,1.021,0.99,0.995,592458.1
2024-08-16 15:00:00,0.995,1.005,0.983,0.994,392985.2
2024-08-16 16:00:00,0.994,1.02,0.987,1.005,523211.7
2024-08-16 17:00:00,1.004,1.036,0.984,1.033,816239.4
2024-08-16 18:00:00,1.032,1.054,1.031,1.032,1548354.0
2024-08-16 19:00:00,1.032,1.043,1.029,1.033,409069.5
2024-08-16 20:00:00,1.033,1.042,1.029,1.032,419457.6
2024-08-16 21:00:00,1.032,1.034,1.025,1.029,277403.6
2024-08-16 22:00:00,1.028,1.03,1.018,1.02,144299.3
2024-08-16 23:00:00,1.021,1.022,1.013,1.015,126702.2
2024-08-17 00:00:00,1.016,1.016,1.003,1.011,183001.2
2024-08-17 01:00:00,1.01,1.017,1.008,1.009,144123.2
2024-08-17 02:00:00,1.01,1.019,1.007,1.01,104157.6
2024-08-17 03:00:00,1.011,1.013,1.002,1.004,115631.9
2024-08-17 04:00:00,1.005,1.011,1.001,1.01,120623.5
2024-08-17 05:00:00,1.01,1.024,1.01,1.022,151901.1
2024-08-17 06:00:00,1.023,1.031,1.019,1.02,242559.6
2024-08-17 07:00:00,1.02,1.021,1.012,1.019,145654.6
2024-08-17 08:00:00,1.019,1.021,1.011,1.02,102943.1
2024-08-17 09:00:00,1.019,1.025,1.014,1.02,131829.5
2024-08-17 10:00:00,1.02,1.022,1.009,1.009,240101.7
2024-08-17 11:00:00,1.009,1.009,0.986,0.997,769360.1
2024-08-17 12:00:00,0.997,1.003,0.994,1.0,352918.9
2024-08-17 13:00:00,1.001,1.01,0.995,0.996,330053.8
2024-08-17 14:00:00,0.996,1.004,0.992,1.003,363650.1
2024-08-17 15:00:00,1.002,1.018,1.0,1.005,428570.2
2024-08-17 16:00:00,1.006,1.018,1.002,1.016,330513.5
2024-08-17 17:00:00,1.016,1.033,1.016,1.022,544480.0
2024-08-17 18:00:00,1.021,1.021,1.009,1.013,307440.6
2024-08-17 19:00:00,1.013,1.022,1.01,1.018,220496.1
2024-08-17 20:00:00,1.019,1.025,1.017,1.019,117301.2
2024-08-17 21:00:00,1.018,1.023,1.015,1.023,208847.3
2024-08-17 22:00:00,1.023,1.033,1.021,1.022,146232.1
2024-08-17 23:00:00,1.022,1.031,1.021,1.03,141581.0
2024-08-18 00:00:00,1.031,1.038,1.025,1.029,209110.0
2024-08-18 01:00:00,1.029,1.038,1.02,1.02,280208.4
2024-08-18 02:00:00,1.021,1.038,1.018,1.037,145178.9
2024-08-18 03:00:00,1.038,1.04,1.02,1.021,234064.2
2024-08-18 04:00:00,1.021,1.023,1.013,1.015,155421.7
2024-08-18 05:00:00,1.015,1.021,1.011,1.012,124941.2
2024-08-18 06:00:00,1.012,1.025,1.01,1.025,181448.7
2024-08-18 07:00:00,1.025,1.025,1.014,1.015,271202.3
2024-08-18 08:00:00,1.015,1.035,1.013,1.031,298612.0
2024-08-18 09:00:00,1.031,1.046,1.031,1.042,490485.9
2024-08-18 10:00:00,1.043,1.053,1.038,1.043,511073.5
2024-08-18 11:00:00,1.043,1.052,1.04,1.05,411286.8
2024-08-18 12:00:00,1.049,1.056,1.041,1.047,552932.4
2024-08-18 13:00:00,1.047,1.084,1.043,1.07,935253.0
2024-08-18 14:00:00,1.07,1.077,1.063,1.067,581031.7
2024-08-18 15:00:00,1.068,1.079,1.056,1.07,477136.3
2024-08-18 16:00:00,1.071,1.076,1.063,1.067,298565.8
2024-08-18 17:00:00,1.067,1.07,1.054,1.057,286962.6
2024-08-18 18:00:00,1.056,1.076,1.055,1.072,276803.8
2024-08-18 19:00:00,1.072,1.08,1.067,1.077,259666.2
2024-08-18 20:00:00,1.077,1.079,1.069,1.072,171871.3
2024-08-18 21:00:00,1.072,1.073,1.058,1.062,234058.6
2024-08-18 22:00:00,1.063,1.072,1.059,1.059,208706.1
2024-08-18 23:00:00,1.059,1.062,1.035,1.036,339943.9
2024-08-19 00:00:00,1.037,1.038,1.013,1.014,538953.4
2024-08-19 01:00:00,1.014,1.032,1.012,1.024,234021.1
2024-08-19 02:00:00,1.025,1.037,1.024,1.035,221390.0
2024-08-19 03:00:00,1.035,1.044,1.029,1.043,184327.2
2024-08-19 04:00:00,1.043,1.043,1.028,1.031,195492.7
2024-08-19 05:00:00,1.032,1.032,1.017,1.019,203585.8
2024-08-19 06:00:00,1.02,1.029,1.012,1.026,219952.5
2024-08-19 07:00:00,1.025,1.031,1.016,1.017,227759.3
2024-08-19 08:00:00,1.016,1.025,1.016,1.022,93737.5
2024-08-19 09:00:00,1.022,1.033,1.007,1.01,468016.6
2024-08-19 10:00:00,1.009,1.019,1.003,1.008,294940.3
2024-08-19 11:00:00,1.008,1.031,1.008,1.03,333538.6
2024-08-19 12:00:00,1.029,1.032,1.019,1.021,371141.0
2024-08-19 13:00:00,1.021,1.037,1.016,1.017,418617.5
2024-08-19 14:00:00,1.017,1.028,1.008,1.028,356932.2
2024-08-19 15:00:00,1.028,1.034,1.02,1.02,339803.6
2024-08-19 16:00:00,1.02,1.023,1.004,1.015,246697.2
2024-08-19 17:00:00,1.014,1.041,1.013,1.021,389116.3
2024-08-19 18:00:00,1.021,1.033,1.014,1.027,270430.4
2024-08-19 19:00:00,1.028,1.047,1.024,1.044,376424.4
2024-08-19 20:00:00,1.043,1.068,1.04,1.061,413562.8
2024-08-19 21:00:00,1.061,1.072,1.058,1.062,308674.7
2024-08-19 22:00:00,1.063,1.086,1.062,1.064,454074.5
2024-08-19 23:00:00,1.065,1.083,1.062,1.077,368005.8
2024-08-20 00:00:00,1.077,1.087,1.063,1.081,588761.1
2024-08-20 01:00:00,1.082,1.093,1.073,1.076,457736.1
2024-08-20 02:00:00,1.076,1.077,1.066,1.076,203173.7
2024-08-20 03:00:00,1.076,1.077,1.061,1.064,274419.1
2024-08-20 04:00:00,1.064,1.081,1.063,1.076,372844.4
2024-08-20 05:00:00,1.077,1.087,1.074,1.083,367166.1
2024-08-20 06:00:00,1.084,1.084,1.071,1.071,195666.9
2024-08-20 07:00:00,1.071,1.075,1.064,1.072,335071.6
2024-08-20 08:00:00,1.073,1.076,1.058,1.06,438526.6
2024-08-20 09:00:00,1.061,1.073,1.058,1.073,400691.3
2024-08-20 10:00:00,1.073,1.075,1.066,1.067,259350.2
2024-08-20 11:00:00,1.067,1.075,1.062,1.064,363990.2
2024-08-20 12:00:00,1.065,1.07,1.061,1.063,225532.0
2024-08-20 13:00:00,1.063,1.073,1.05,1.07,537646.1
2024-08-20 14:00:00,1.07,1.071,1.035,1.035,763933.5
2024-08-20 15:00:00,1.035,1.041,1.02,1.029,705082.9
2024-08-20 16:00:00,1.03,1.043,1.026,1.04,487434.3
2024-08-20 17:00:00,1.039,1.044,1.035,1.042,204845.2
2024-08-20 18:00:00,1.042,1.053,1.04,1.047,207195.4
2024-08-20 19:00:00,1.047,1.065,1.046,1.057,304587.2
2024-08-20 20:00:00,1.057,1.065,1.054,1.055,181264.1
2024-08-20 21:00:00,1.055,1.056,1.044,1.048,199436.4
2024-08-20 22:00:00,1.048,1.055,1.047,1.049,212743.1
2024-08-20 23:00:00,1.049,1.052,1.037,1.039,200451.3
2024-08-21 00:00:00,1.04,1.052,1.039,1.04,251010.9
2024-08-21 01:00:00,1.039,1.049,1.036,1.047,235599.0
2024-08-21 02:00:00,1.047,1.055,1.044,1.051,216458.0
2024-08-21 03:00:00,1.052,1.056,1.043,1.046,235642.9
2024-08-21 04:00:00,1.047,1.052,1.045,1.05,169532.9
2024-08-21 05:00:00,1.051,1.053,1.044,1.044,128844.3
2024-08-21 06:00:00,1.045,1.058,1.043,1.049,123212.0
2024-08-21 07:00:00,1.049,1.051,1.046,1.048,186705.9
2024-08-21 08:00:00,1.048,1.052,1.036,1.037,431439.4
2024-08-21 09:00:00,1.038,1.04,1.022,1.027,334351.1
2024-08-21 10:00:00,1.028,1.032,1.019,1.027,341156.7
2024-08-21 11:00:00,1.027,1.029,1.017,1.021,263970.7
2024-08-21 12:00:00,1.021,1.021,1.01,1.014,276915.1
2024-08-21 13:00:00,1.014,1.026,0.996,1.022,714957.0
2024-08-21 14:00:00,1.023,1.037,1.009,1.012,837482.1
2024-08-21 15:00:00,1.012,1.021,1.008,1.013,311361.8
2024-08-21 16:00:00,1.013,1.024,1.008,1.019,304224.2
2024-08-21 17:00:00,1.02,1.03,1.015,1.027,266432.1
2024-08-21 18:00:00,1.027,1.051,1.024,1.05,641738.1
2024-08-21 19:00:00,1.05,1.063,1.047,1.062,792579.5
2024-08-21 20:00:00,1.062,1.075,1.057,1.063,685354.6
2024-08-21 21:00:00,1.063,1.069,1.058,1.061,429013.3
2024-08-21 22:00:00,1.061,1.065,1.057,1.062,271406.8
2024-08-21 23:00:00,1.062,1.064,1.053,1.055,312059.4
2024-08-22 00:00:00,1.056,1.061,1.046,1.047,341098.5
2024-08-22 01:00:00,1.047,1.052,1.043,1.052,222083.5
2024-08-22 02:00:00,1.052,1.053,1.025,1.035,366902.8
2024-08-22 03:00:00,1.035,1.044,1.028,1.041,260948.2
2024-08-22 04:00:00,1.042,1.044,1.038,1.042,317422.8
2024-08-22 05:00:00,1.042,1.047,1.039,1.04,287272.0
2024-08-22 06:00:00,1.04,1.05,1.038,1.045,265333.4
2024-08-22 07:00:00,1.045,1.063,1.045,1.061,493155.9
2024-08-22 08:00:00,1.06,1.086,1.049,1.081,1008484.6
2024-08-22 09:00:00,1.08,1.085,1.065,1.067,618787.1
2024-08-22 10:00:00,1.068,1.114,1.065,1.109,2033610.2
2024-08-22 11:00:00,1.11,1.13,1.099,1.118,1650632.9
2024-08-22 12:00:00,1.117,1.121,1.092,1.117,879865.2
2024-08-22 13:00:00,1.118,1.124,1.095,1.105,958744.9
2024-08-22 14:00:00,1.105,1.11,1.1,1.107,469949.2
2024-08-22 15:00:00,1.107,1.135,1.106,1.119,930621.5
2024-08-22 16:00:00,1.12,1.126,1.103,1.103,561755.2
2024-08-22 17:00:00,1.102,1.112,1.095,1.096,389667.0
2024-08-22 18:00:00,1.096,1.117,1.094,1.11,429999.0
2024-08-22 19:00:00,1.11,1.118,1.104,1.107,203393.7
2024-08-22 20:00:00,1.108,1.112,1.102,1.111,281872.3
2024-08-22 21:00:00,1.111,1.115,1.106,1.109,251739.7
2024-08-22 22:00:00,1.109,1.115,1.106,1.108,228873.7
2024-08-22 23:00:00,1.108,1.131,1.104,1.126,480489.9
2024-08-23 00:00:00,1.127,1.16,1.122,1.144,1023534.5
2024-08-23 01:00:00,1.143,1.149,1.132,1.14,466759.9
2024-08-23 02:00:00,1.139,1.141,1.128,1.13,286292.6
2024-08-23 03:00:00,1.13,1.16,1.127,1.156,528088.9
2024-08-23 04:00:00,1.156,1.162,1.141,1.15,655373.0
2024-08-23 05:00:00,1.15,1.172,1.148,1.157,705782.6
2024-08-23 06:00:00,1.156,1.169,1.147,1.159,490639.0
2024-08-23 07:00:00,1.159,1.185,1.156,1.179,1166377.0
2024-08-23 08:00:00,1.179,1.207,1.172,1.201,1066171.8
2024-08-23 09:00:00,1.201,1.212,1.178,1.181,1065158.9
2024-08-23 10:00:00,1.181,1.188,1.174,1.175,365487.4
2024-08-23 11:00:00,1.175,1.179,1.16,1.164,587827.8
2024-08-23 12:00:00,1.164,1.19,1.164,1.186,421082.7
2024-08-23 13:00:00,1.186,1.212,1.182,1.211,513175.6
2024-08-23 14:00:00,1.211,1.241,1.193,1.204,2014005.8
2024-08-23 15:00:00,1.204,1.25,1.199,1.222,1242337.7
2024-08-23 16:00:00,1.223,1.247,1.222,1.238,611123.6
2024-08-23 17:00:00,1.238,1.271,1.233,1.268,940955.3
2024-08-23 18:00:00,1.269,1.277,1.251,1.259,684602.4
2024-08-23 19:00:00,1.259,1.277,1.256,1.267,592950.7
2024-08-23 20:00:00,1.267,1.287,1.265,1.278,580171.7
2024-08-23 21:00:00,1.278,1.297,1.276,1.292,369461.1
2024-08-23 22:00:00,1.293,1.301,1.278,1.285,459133.7
2024-08-23 23:00:00,1.286,1.3,1.285,1.287,258403.7
2024-08-24 00:00:00,1.287,1.313,1.287,1.301,602077.4
2024-08-24 01:00:00,1.301,1.312,1.273,1.289,844497.4
2024-08-24 02:00:00,1.291,1.304,1.277,1.304,628711.1
2024-08-24 03:00:00,1.303,1.306,1.29,1.295,296754.2
2024-08-24 04:00:00,1.294,1.306,1.285,1.285,200034.0
2024-08-24 05:00:00,1.285,1.292,1.277,1.283,494402.3
2024-08-24 06:00:00,1.282,1.303,1.282,1.285,371802.3
2024-08-24 07:00:00,1.285,1.316,1.285,1.316,324099.7
2024-08-24 08:00:00,1.316,1.33,1.299,1.328,664017.2
2024-08-24 09:00:00,1.328,1.344,1.324,1.342,487711.7
2024-08-24 10:00:00,1.342,1.397,1.341,1.377,968626.3
2024-08-24 11:00:00,1.379,1.407,1.345,1.352,1170782.2
2024-08-24 12:00:00,1.351,1.377,1.349,1.36,561642.7
2024-08-24 13:00:00,1.361,1.376,1.352,1.369,392414.2
2024-08-24 14:00:00,1.367,1.367,1.348,1.359,459303.0
2024-08-24 15:00:00,1.359,1.359,1.336,1.341,461007.9
2024-08-24 16:00:00,1.341,1.361,1.34,1.358,559809.3
2024-08-24 17:00:00,1.358,1.362,1.346,1.351,259616.3
2024-08-24 18:00:00,1.351,1.363,1.34,1.352,302739.4
2024-08-24 19:00:00,1.352,1.363,1.347,1.349,191391.4
2024-08-24 20:00:00,1.349,1.361,1.347,1.349,170640.8
2024-08-24 21:00:00,1.349,1.349,1.302,1.308,679276.5
2024-08-24 22:00:00,1.307,1.327,1.307,1.319,280374.0
2024-08-24 23:00:00,1.318,1.329,1.316,1.326,143793.1
2024-08-25 00:00:00,1.326,1.336,1.299,1.3,334602.6
2024-08-25 01:00:00,1.3,1.314,1.272,1.286,919889.1
2024-08-25 02:00:00,1.286,1.311,1.283,1.292,476898.8
2024-08-25 03:00:00,1.292,1.295,1.274,1.292,686533.9
2024-08-25 04:00:00,1.293,1.299,1.274,1.296,573566.4
2024-08-25 05:00:00,1.297,1.321,1.293,1.303,727742.9
2024-08-25 06:00:00,1.303,1.308,1.281,1.285,655162.4
2024-08-25 07:00:00,1.285,1.286,1.247,1.255,1070914.8
2024-08-25 08:00:00,1.254,1.279,1.246,1.268,794052.9
2024-08-25 09:00:00,1.268,1.275,1.259,1.272,253653.5
2024-08-25 10:00:00,1.271,1.277,1.26,1.272,170716.3
2024-08-25 11:00:00,1.271,1.3,1.27,1.283,476184.0
2024-08-25 12:00:00,1.284,1.291,1.274,1.285,224882.9
2024-08-25 13:00:00,1.284,1.312,1.28,1.299,607607.4
2024-08-25 14:00:00,1.3,1.302,1.286,1.289,288149.2
2024-08-25 15:00:00,1.289,1.317,1.285,1.3,321436.7
2024-08-25 16:00:00,1.301,1.312,1.278,1.284,322426.9
2024-08-25 17:00:00,1.284,1.294,1.282,1.291,114281.8
2024-08-25 18:00:00,1.291,1.324,1.278,1.32,375230.3
2024-08-25 19:00:00,1.32,1.335,1.31,1.313,657526.8
2024-08-25 20:00:00,1.315,1.326,1.298,1.303,341155.2
2024-08-25 21:00:00,1.303,1.365,1.3,1.359,570942.0
2024-08-25 22:00:00,1.36,1.366,1.33,1.335,463817.2
2024-08-25 23:00:00,1.334,1.357,1.319,1.323,634775.3
2024-08-26 00:00:00,1.323,1.346,1.314,1.323,511682.1
2024-08-26 01:00:00,1.323,1.327,1.302,1.307,565291.0
2024-08-26 02:00:00,1.307,1.319,1.29,1.316,631457.9
2024-08-26 03:00:00,1.315,1.317,1.29,1.302,318615.3
2024-08-26 04:00:00,1.302,1.305,1.286,1.293,285448.5
2024-08-26 05:00:00,1.292,1.292,1.278,1.288,331373.2
2024-08-26 06:00:00,1.288,1.292,1.267,1.276,640742.1
2024-08-26 07:00:00,1.275,1.277,1.259,1.267,376717.2
2024-08-26 08:00:00,1.267,1.295,1.266,1.288,491494.3
2024-08-26 09:00:00,1.288,1.31,1.272,1.31,439464.1
2024-08-26 10:00:00,1.31,1.318,1.304,1.309,399637.3
2024-08-26 11:00:00,1.308,1.331,1.299,1.313,381888.9
2024-08-26 12:00:00,1.314,1.314,1.268,1.284,772936.5
2024-08-26 13:00:00,1.283,1.325,1.273,1.318,1001829.0
2024-08-26 14:00:00,1.319,1.339,1.298,1.334,1660768.3
2024-08-26 15:00:00,1.334,1.353,1.293,1.293,1784943.8
2024-08-26 16:00:00,1.293,1.325,1.292,1.311,486209.2
2024-08-26 17:00:00,1.31,1.314,1.272,1.278,626748.3
2024-08-26 18:00:00,1.279,1.303,1.253,1.295,755585.5
2024-08-26 19:00:00,1.295,1.298,1.272,1.277,292087.9
2024-08-26 20:00:00,1.277,1.293,1.268,1.283,247880.8
2024-08-26 21:00:00,1.283,1.284,1.258,1.267,284804.6
2024-08-26 22:00:00,1.267,1.288,1.261,1.285,200677.0
2024-08-26 23:00:00,1.286,1.286,1.263,1.264,215953.9
2024-08-27 00:00:00,1.264,1.288,1.258,1.268,368756.2
2024-08-27 01:00:00,1.267,1.295,1.267,1.287,414550.9
2024-08-27 02:00:00,1.286,1.295,1.263,1.263,231878.4
2024-08-27 03:00:00,1.263,1.283,1.258,1.281,182952.9
2024-08-27 04:00:00,1.282,1.301,1.267,1.291,465127.3
2024-08-27 05:00:00,1.292,1.35,1.29,1.348,1353014.8
2024-08-27 06:00:00,1.348,1.36,1.3,1.304,1511300.8
2024-08-27 07:00:00,1.304,1.319,1.278,1.278,730212.9
2024-08-27 08:00:00,1.278,1.287,1.252,1.266,744258.2
2024-08-27 09:00:00,1.266,1.293,1.257,1.264,705565.7
2024-08-27 10:00:00,1.264,1.264,1.224,1.226,1294406.2
2024-08-27 11:00:00,1.227,1.242,1.222,1.228,515059.8
2024-08-27 12:00:00,1.229,1.232,1.206,1.225,851460.2
2024-08-27 13:00:00,1.225,1.236,1.216,1.23,418989.3
2024-08-27 14:00:00,1.23,1.25,1.213,1.233,517922.3
2024-08-27 15:00:00,1.233,1.243,1.221,1.237,554674.1
2024-08-27 16:00:00,1.237,1.26,1.222,1.23,669356.8
2024-08-27 17:00:00,1.23,1.257,1.22,1.257,578517.6
2024-08-27 18:00:00,1.257,1.284,1.25,1.275,720611.2
2024-08-27 19:00:00,1.275,1.28,1.259,1.269,454299.9
2024-08-27 20:00:00,1.268,1.268,1.239,1.242,542261.2
2024-08-27 21:00:00,1.242,1.242,1.174,1.192,918469.6
2024-08-27 22:00:00,1.192,1.196,1.149,1.181,1206543.0
2024-08-27 23:00:00,1.181,1.186,1.166,1.169,418550.1
2024-08-28 00:00:00,1.169,1.17,1.147,1.164,527078.4
2024-08-28 01:00:00,1.164,1.169,1.144,1.163,375283.5
2024-08-28 02:00:00,1.164,1.172,1.152,1.169,393533.5
2024-08-28 03:00:00,1.169,1.218,1.166,1.211,425013.8
2024-08-28 04:00:00,1.211,1.212,1.187,1.189,215489.2
2024-08-28 05:00:00,1.188,1.199,1.182,1.184,186661.9
2024-08-28 06:00:00,1.184,1.186,1.162,1.162,440611.0
2024-08-28 07:00:00,1.162,1.165,1.124,1.126,1038741.3
2024-08-28 08:00:00,1.125,1.162,1.12,1.15,553578.2
2024-08-28 09:00:00,1.151,1.2,1.139,1.199,722968.3
2024-08-28 10:00:00,1.199,1.2,1.16,1.161,647998.9
2024-08-28 11:00:00,1.161,1.193,1.159,1.184,644290.2
2024-08-28 12:00:00,1.184,1.191,1.169,1.187,580221.1
2024-08-28 13:00:00,1.187,1.189,1.165,1.166,487225.4
2024-08-28 14:00:00,1.167,1.195,1.16,1.174,570467.2
2024-08-28 15:00:00,1.173,1.173,1.097,1.11,2687314.6
2024-08-28 16:00:00,1.109,1.12,1.069,1.117,1361341.7
2024-08-28 17:00:00,1.118,1.125,1.101,1.102,614877.2
2024-08-28 18:00:00,1.102,1.134,1.097,1.133,340255.8
2024-08-28 19:00:00,1.133,1.146,1.119,1.12,602687.2
2024-08-28 20:00:00,1.121,1.155,1.105,1.121,986425.0
2024-08-28 21:00:00,1.121,1.125,1.1,1.1,269915.9
2024-08-28 22:00:00,1.1,1.105,1.082,1.103,491079.9
2024-08-28 23:00:00,1.103,1.113,1.095,1.104,186605.4
2024-08-29 00:00:00,1.106,1.124,1.105,1.121,274687.9
2024-08-29 01:00:00,1.122,1.126,1.101,1.105,276650.4
2024-08-29 02:00:00,1.105,1.119,1.104,1.117,371962.4
2024-08-29 03:00:00,1.117,1.119,1.105,1.106,137511.4
2024-08-29 04:00:00,1.107,1.11,1.096,1.097,268450.1
2024-08-29 05:00:00,1.096,1.121,1.096,1.12,203426.6
2024-08-29 06:00:00,1.119,1.131,1.112,1.115,444426.0
2024-08-29 07:00:00,1.116,1.126,1.114,1.116,302565.4
2024-08-29 08:00:00,1.115,1.122,1.106,1.113,405933.0
2024-08-29 09:00:00,1.112,1.123,1.108,1.108,301927.0
2024-08-29 10:00:00,1.108,1.119,1.107,1.11,182789.4
2024-08-29 11:00:00,1.109,1.141,1.106,1.123,609716.3
2024-08-29 12:00:00,1.123,1.137,1.119,1.124,567985.2
2024-08-29 13:00:00,1.124,1.135,1.118,1.131,403341.9
2024-08-29 14:00:00,1.132,1.136,1.112,1.116,276937.4
2024-08-29 15:00:00,1.117,1.14,1.115,1.129,601392.4
2024-08-29 16:00:00,1.128,1.135,1.104,1.109,609127.0
2024-08-29 17:00:00,1.108,1.123,1.103,1.117,386241.7
2024-08-29 18:00:00,1.117,1.122,1.067,1.068,1862261.4
2024-08-29 19:00:00,1.069,1.091,1.062,1.078,522316.4
2024-08-29 20:00:00,1.078,1.087,1.072,1.083,292741.2
2024-08-29 21:00:00,1.084,1.084,1.073,1.076,225984.3
2024-08-29 22:00:00,1.076,1.076,1.061,1.072,306066.9
2024-08-29 23:00:00,1.071,1.076,1.066,1.073,191612.7
2024-08-30 00:00:00,1.073,1.09,1.069,1.081,218974.6
2024-08-30 01:00:00,1.081,1.083,1.067,1.075,153848.6
2024-08-30 02:00:00,1.076,1.077,1.067,1.075,196136.8
2024-08-30 03:00:00,1.075,1.075,1.062,1.066,393935.1
2024-08-30 04:00:00,1.067,1.076,1.064,1.066,195152.2
2024-08-30 05:00:00,1.065,1.069,1.053,1.063,419059.2
2024-08-30 06:00:00,1.064,1.077,1.062,1.076,368203.9
2024-08-30 07:00:00,1.076,1.079,1.059,1.06,405065.1
2024-08-30 08:00:00,1.06,1.077,1.06,1.069,273143.7
2024-08-30 09:00:00,1.068,1.071,1.063,1.068,272540.6
2024-08-30 10:00:00,1.067,1.072,1.06,1.061,160725.1
2024-08-30 11:00:00,1.061,1.067,1.053,1.053,287104.2
2024-08-30 12:00:00,1.053,1.073,1.052,1.064,418632.2
2024-08-30 13:00:00,1.063,1.068,1.038,1.056,559344.7
2024-08-30 14:00:00,1.057,1.069,1.022,1.024,653533.5
2024-08-30 15:00:00,1.024,1.035,1.002,1.008,998117.1
2024-08-30 16:00:00,1.008,1.036,1.002,1.033,788957.7
2024-08-30 17:00:00,1.033,1.046,1.027,1.039,438352.7
2024-08-30 18:00:00,1.04,1.075,1.036,1.073,737737.6
2024-08-30 19:00:00,1.073,1.073,1.055,1.059,445899.3
2024-08-30 20:00:00,1.06,1.065,1.057,1.065,175479.6
2024-08-30 21:00:00,1.065,1.073,1.064,1.069,174383.0
2024-08-30 22:00:00,1.069,1.078,1.068,1.075,173607.4
2024-08-30 23:00:00,1.075,1.08,1.073,1.077,171469.0
2024-08-31 00:00:00,1.077,1.099,1.073,1.094,439812.9
2024-08-31 01:00:00,1.094,1.097,1.081,1.085,226509.7
2024-08-31 02:00:00,1.085,1.087,1.079,1.08,132713.9
2024-08-31 03:00:00,1.081,1.086,1.078,1.08,177865.1
2024-08-31 04:00:00,1.079,1.086,1.078,1.083,169478.2
2024-08-31 05:00:00,1.082,1.082,1.074,1.075,177053.1
2024-08-31 06:00:00,1.074,1.079,1.07,1.071,116448.9
2024-08-31 07:00:00,1.071,1.075,1.067,1.068,155643.9
2024-08-31 08:00:00,1.067,1.071,1.059,1.06,179585.5
2024-08-31 09:00:00,1.059,1.067,1.057,1.061,146748.1
2024-08-31 10:00:00,1.061,1.072,1.061,1.07,168318.7
2024-08-31 11:00:00,1.071,1.072,1.065,1.068,173652.7
2024-08-31 12:00:00,1.068,1.07,1.063,1.065,237424.4
2024-08-31 13:00:00,1.065,1.068,1.053,1.054,197421.7
2024-08-31 14:00:00,1.054,1.063,1.051,1.057,447366.6
2024-08-31 15:00:00,1.057,1.06,1.048,1.057,338577.3
2024-08-31 16:00:00,1.057,1.057,1.042,1.045,151104.9
2024-08-31 17:00:00,1.045,1.049,1.036,1.045,199302.5
2024-08-31 18:00:00,1.044,1.053,1.039,1.04,195983.5
2024-08-31 19:00:00,1.04,1.041,1.036,1.041,124005.6
2024-08-31 20:00:00,1.04,1.043,1.036,1.039,211694.6
2024-08-31 21:00:00,1.038,1.051,1.037,1.046,180671.6
2024-08-31 22:00:00,1.046,1.046,1.04,1.041,80768.4
2024-08-31 23:00:00,1.042,1.044,1.04,1.042,51272.2
2024-09-01 00:00:00,1.043,1.05,1.04,1.048,207566.7
2024-09-01 01:00:00,1.048,1.048,1.032,1.033,110859.1
2024-09-01 02:00:00,1.033,1.036,1.025,1.035,191454.9
2024-09-01 03:00:00,1.035,1.041,1.032,1.037,87211.7
2024-09-01 04:00:00,1.036,1.042,1.03,1.036,139623.4
2024-09-01 05:00:00,1.036,1.037,1.016,1.021,383045.9
2024-09-01 06:00:00,1.019,1.033,1.018,1.029,132641.7
2024-09-01 07:00:00,1.029,1.048,1.027,1.048,451530.6
2024-09-01 08:00:00,1.048,1.051,1.031,1.032,237600.6
2024-09-01 09:00:00,1.032,1.042,1.029,1.032,158022.3
2024-09-01 10:00:00,1.032,1.033,1.02,1.021,218453.2
2024-09-01 11:00:00,1.021,1.032,1.019,1.032,147053.3
2024-09-01 12:00:00,1.031,1.033,1.016,1.017,199382.6
2024-09-01 13:00:00,1.018,1.023,1.004,1.019,326225.4
2024-09-01 14:00:00,1.019,1.022,0.999,1.012,560680.3
2024-09-01 15:00:00,1.012,1.037,1.009,1.033,384573.4
2024-09-01 16:00:00,1.033,1.042,1.02,1.024,334509.8
2024-09-01 17:00:00,1.023,1.029,1.008,1.014,193741.7
2024-09-01 18:00:00,1.014,1.043,1.013,1.036,298939.1
2024-09-01 19:00:00,1.035,1.044,1.027,1.036,145145.2
2024-09-01 20:00:00,1.035,1.042,1.029,1.031,140037.0
2024-09-01 21:00:00,1.031,1.031,1.016,1.026,121123.0
2024-09-01 22:00:00,1.025,1.026,0.981,0.987,597668.6
2024-09-01 23:00:00,0.987,0.997,0.984,0.988,409391.7
2024-09-02 00:00:00,0.988,1.012,0.986,1.009,685604.6
2024-09-02 01:00:00,1.009,1.014,1.003,1.003,249817.3
2024-09-02 02:00:00,1.003,1.013,1.001,1.006,246449.0
2024-09-02 03:00:00,1.006,1.012,1.003,1.01,122029.2
2024-09-02 04:00:00,1.011,1.016,0.994,0.995,238979.3
2024-09-02 05:00:00,0.995,1.014,0.994,1.007,161641.2
2024-09-02 06:00:00,1.007,1.011,1.002,1.003,152572.3
2024-09-02 07:00:00,1.001,1.009,0.99,0.993,170327.0
2024-09-02 08:00:00,0.993,1.022,0.992,1.011,310765.0
2024-09-02 09:00:00,1.011,1.034,1.004,1.033,444560.8
2024-09-02 10:00:00,1.032,1.044,1.027,1.04,534937.2
2024-09-02 11:00:00,1.04,1.041,1.024,1.026,410570.9
2024-09-02 12:00:00,1.025,1.033,1.022,1.024,237368.6
2024-09-02 13:00:00,1.024,1.036,1.017,1.02,349096.8
2024-09-02 14:00:00,1.02,1.035,1.006,1.027,785094.6
2024-09-02 15:00:00,1.026,1.033,1.019,1.019,296929.7
2024-09-02 16:00:00,1.019,1.027,1.006,1.011,233876.4
2024-09-02 17:00:00,1.011,1.027,1.01,1.026,243436.7
2024-09-02 18:00:00,1.027,1.028,1.013,1.016,197537.6
2024-09-02 19:00:00,1.016,1.02,1.011,1.015,276166.2
2024-09-02 20:00:00,1.015,1.044,1.012,1.039,413231.9
2024-09-02 21:00:00,1.039,1.047,1.028,1.033,418807.9
2024-09-02 22:00:00,1.034,1.043,1.031,1.039,248903.8
2024-09-02 23:00:00,1.039,1.042,1.033,1.033,241564.4
2024-09-03 00:00:00,1.034,1.041,1.029,1.039,340026.9
2024-09-03 01:00:00,1.039,1.043,1.03,1.038,209260.4
2024-09-03 02:00:00,1.038,1.055,1.036,1.037,380538.3
2024-09-03 03:00:00,1.037,1.04,1.029,1.031,194654.0
2024-09-03 04:00:00,1.031,1.034,1.023,1.027,249607.2
2024-09-03 05:00:00,1.027,1.035,1.023,1.033,191579.4
2024-09-03 06:00:00,1.033,1.033,1.018,1.019,246031.7
2024-09-03 07:00:00,1.019,1.03,1.019,1.029,223564.5
2024-09-03 08:00:00,1.029,1.031,1.013,1.016,390041.1
2024-09-03 09:00:00,1.016,1.022,1.014,1.014,171600.5
2024-09-03 10:00:00,1.014,1.027,1.014,1.017,203016.2
2024-09-03 11:00:00,1.017,1.021,1.012,1.02,198362.3
2024-09-03 12:00:00,1.02,1.027,1.017,1.019,200325.5
2024-09-03 13:00:00,1.019,1.025,0.987,0.994,706695.1
2024-09-03 14:00:00,0.993,0.993,0.976,0.986,816064.1
2024-09-03 15:00:00,0.986,0.991,0.975,0.978,679528.0
2024-09-03 16:00:00,0.977,0.985,0.973,0.981,333790.4
2024-09-03 17:00:00,0.982,0.99,0.979,0.979,236861.9
2024-09-03 18:00:00,0.979,0.987,0.975,0.987,255962.7
2024-09-03 19:00:00,0.986,0.994,0.982,0.985,213727.0
2024-09-03 20:00:00,0.985,0.99,0.981,0.985,285160.3
2024-09-03 21:00:00,0.985,0.985,0.979,0.983,214633.3
2024-09-03 22:00:00,0.983,0.985,0.976,0.976,231970.2
2024-09-03 23:00:00,0.976,0.976,0.96,0.963,359719.4
2024-09-04 00:00:00,0.964,0.977,0.958,0.96,379324.6
2024-09-04 01:00:00,0.96,0.96,0.917,0.953,1129094.2
2024-09-04 02:00:00,0.953,0.958,0.95,0.955,120400.9
2024-09-04 03:00:00,0.954,0.965,0.954,0.964,165759.3
2024-09-04 04:00:00,0.963,0.973,0.962,0.971,140721.8
2024-09-04 05:00:00,0.972,0.972,0.953,0.956,179083.1
2024-09-04 06:00:00,0.956,0.965,0.956,0.958,111773.6
2024-09-04 07:00:00,0.958,0.972,0.957,0.966,198678.0
2024-09-04 08:00:00,0.967,0.97,0.959,0.963,293939.6
2024-09-04 09:00:00,0.963,0.965,0.956,0.957,160881.4
2024-09-04 10:00:00,0.957,0.959,0.945,0.946,228535.9
2024-09-04 11:00:00,0.946,0.95,0.943,0.946,211720.0
2024-09-04 12:00:00,0.945,0.952,0.941,0.944,257517.2
2024-09-04 13:00:00,0.944,0.948,0.938,0.947,417134.9
2024-09-04 14:00:00,0.947,0.982,0.942,0.98,640340.2
2024-09-04 15:00:00,0.98,0.995,0.97,0.992,561252.3
2024-09-04 16:00:00,0.993,1.015,0.988,1.003,953620.4
2024-09-04 17:00:00,1.004,1.016,0.994,0.997,889387.0
2024-09-04 18:00:00,0.998,0.999,0.979,0.981,244015.5
2024-09-04 19:00:00,0.981,0.988,0.98,0.987,131638.1
2024-09-04 20:00:00,0.988,0.99,0.98,0.988,142674.8
2024-09-04 21:00:00,0.988,0.991,0.982,0.991,120099.0
2024-09-04 22:00:00,0.991,0.995,0.985,0.987,146392.7
2024-09-04 23:00:00,0.987,0.991,0.981,0.983,193419.4
2024-09-05 00:00:00,0.984,0.986,0.973,0.974,339630.8
2024-09-05 01:00:00,0.974,0.984,0.973,0.981,177745.3
2024-09-05 02:00:00,0.982,0.984,0.966,0.966,178734.6
2024-09-05 03:00:00,0.966,0.966,0.954,0.959,300985.2
2024-09-05 04:00:00,0.959,0.964,0.958,0.963,174805.1
2024-09-05 05:00:00,0.963,0.964,0.957,0.961,228034.8
2024-09-05 06:00:00,0.96,0.964,0.95,0.963,263169.0
2024-09-05 07:00:00,0.963,0.977,0.961,0.973,233075.8
2024-09-05 08:00:00,0.972,0.977,0.965,0.968,147371.5
2024-09-05 09:00:00,0.968,0.968,0.959,0.96,168231.8
2024-09-05 10:00:00,0.96,0.961,0.953,0.959,191853.8
2024-09-05 11:00:00,0.958,0.963,0.956,0.959,100591.3
2024-09-05 12:00:00,0.96,0.97,0.955,0.964,296558.4
2024-09-05 13:00:00,0.964,0.976,0.963,0.975,264225.1
2024-09-05 14:00:00,0.976,0.984,0.958,0.961,293078.3
2024-09-05 15:00:00,0.96,0.964,0.942,0.949,518105.7
2024-09-05 16:00:00,0.949,0.952,0.941,0.945,320926.8
2024-09-05 17:00:00,0.945,0.954,0.942,0.954,100998.4
2024-09-05 18:00:00,0.954,0.958,0.95,0.957,161703.0
2024-09-05 19:00:00,0.956,0.956,0.935,0.94,222969.4
2024-09-05 20:00:00,0.94,0.95,0.939,0.945,139323.1
2024-09-05 21:00:00,0.945,0.947,0.937,0.945,79901.3
2024-09-05 22:00:00,0.945,0.947,0.938,0.944,84488.1
2024-09-05 23:00:00,0.944,0.945,0.938,0.94,127572.8
2024-09-06 00:00:00,0.94,0.947,0.939,0.945,144006.5
2024-09-06 01:00:00,0.944,0.961,0.94,0.959,211858.2
2024-09-06 02:00:00,0.959,0.969,0.957,0.963,255142.3
2024-09-06 03:00:00,0.964,0.966,0.957,0.957,118871.4
2024-09-06 04:00:00,0.957,0.961,0.953,0.955,108744.7
2024-09-06 05:00:00,0.954,0.958,0.949,0.957,94810.3
2024-09-06 06:00:00,0.957,0.958,0.948,0.952,101469.5
2024-09-06 07:00:00,0.952,0.952,0.931,0.94,346247.6
2024-09-06 08:00:00,0.941,0.945,0.936,0.939,155956.9
2024-09-06 09:00:00,0.939,0.942,0.935,0.942,173515.0
2024-09-06 10:00:00,0.942,0.954,0.94,0.947,207416.5
2024-09-06 11:00:00,0.948,0.95,0.941,0.946,198280.5
2024-09-06 12:00:00,0.946,0.993,0.944,0.991,1226789.4
2024-09-06 13:00:00,0.99,0.992,0.954,0.956,911726.4
2024-09-06 14:00:00,0.956,0.958,0.939,0.951,822264.5
2024-09-06 15:00:00,0.95,0.969,0.941,0.962,1034583.7
2024-09-06 16:00:00,0.963,0.965,0.945,0.949,527908.1
2024-09-06 17:00:00,0.948,0.96,0.941,0.949,487739.0
2024-09-06 18:00:00,0.95,0.95,0.926,0.926,385134.6
2024-09-06 19:00:00,0.926,0.937,0.92,0.929,627583.3
2024-09-06 20:00:00,0.928,0.932,0.896,0.9,689258.9
2024-09-06 21:00:00,0.899,0.929,0.892,0.928,523576.4
2024-09-06 22:00:00,0.928,0.94,0.92,0.93,423612.7
2024-09-06 23:00:00,0.93,0.939,0.929,0.937,101286.4
2024-09-07 00:00:00,0.937,0.943,0.934,0.936,118088.8
2024-09-07 01:00:00,0.937,0.938,0.926,0.929,103371.9
2024-09-07 02:00:00,0.929,0.934,0.925,0.929,55162.2
2024-09-07 03:00:00,0.929,0.934,0.926,0.929,215072.8
2024-09-07 04:00:00,0.929,0.934,0.927,0.934,91371.2
2024-09-07 05:00:00,0.934,0.946,0.932,0.937,160169.1
2024-09-07 06:00:00,0.937,0.942,0.933,0.941,133230.7
2024-09-07 07:00:00,0.941,0.944,0.937,0.94,171277.5
2024-09-07 08:00:00,0.941,0.944,0.935,0.944,395549.9
2024-09-07 09:00:00,0.944,0.945,0.935,0.936,129108.0
2024-09-07 10:00:00,0.936,0.941,0.935,0.938,53973.8
2024-09-07 11:00:00,0.937,0.942,0.934,0.936,223797.3
2024-09-07 12:00:00,0.935,0.94,0.935,0.937,220282.1
2024-09-07 13:00:00,0.937,0.941,0.935,0.938,166167.8
2024-09-07 14:00:00,0.939,0.951,0.938,0.95,417969.6
2024-09-07 15:00:00,0.95,0.961,0.949,0.955,270301.4
2024-09-07 16:00:00,0.955,0.957,0.944,0.944,276582.9
2024-09-07 17:00:00,0.944,0.945,0.928,0.934,288999.5
2024-09-07 18:00:00,0.933,0.941,0.93,0.937,97292.4
2024-09-07 19:00:00,0.938,0.949,0.936,0.948,148604.0
2024-09-07 20:00:00,0.947,0.947,0.936,0.936,213173.8
2024-09-07 21:00:00,0.936,0.937,0.926,0.927,154128.4
2024-09-07 22:00:00,0.927,0.931,0.923,0.923,151187.2
2024-09-07 23:00:00,0.923,0.934,0.919,0.934,218076.8
2024-09-08 00:00:00,0.934,0.941,0.933,0.938,106612.2
2024-09-08 01:00:00,0.938,0.948,0.938,0.944,84137.9
2024-09-08 02:00:00,0.943,0.955,0.943,0.951,169125.9
2024-09-08 03:00:00,0.952,0.954,0.949,0.953,91782.1
2024-09-08 04:00:00,0.953,0.963,0.953,0.957,436326.7
2024-09-08 05:00:00,0.957,0.96,0.95,0.951,140148.7
2024-09-08 06:00:00,0.95,0.963,0.95,0.958,220692.6
2024-09-08 07:00:00,0.958,0.968,0.956,0.964,391266.4
2024-09-08 08:00:00,0.964,0.974,0.961,0.973,267810.1
2024-09-08 09:00:00,0.974,0.984,0.967,0.967,315219.7
2024-09-08 10:00:00,0.968,0.98,0.968,0.974,239576.3
2024-09-08 11:00:00,0.974,0.976,0.967,0.971,275704.9
2024-09-08 12:00:00,0.97,0.973,0.957,0.962,349541.8
2024-09-08 13:00:00,0.961,0.964,0.954,0.96,284230.5
2024-09-08 14:00:00,0.96,0.961,0.952,0.954,244707.7
2024-09-08 15:00:00,0.954,0.957,0.945,0.945,345881.2
2024-09-08 16:00:00,0.946,0.958,0.942,0.953,347290.1
2024-09-08 17:00:00,0.952,0.97,0.952,0.969,291348.2
2024-09-08 18:00:00,0.969,0.971,0.962,0.967,227704.9
2024-09-08 19:00:00,0.967,0.971,0.963,0.963,120430.7
2024-09-08 20:00:00,0.963,0.964,0.956,0.96,264543.0
2024-09-08 21:00:00,0.96,0.972,0.959,0.968,236692.5
2024-09-08 22:00:00,0.968,1.0,0.966,0.978,501371.1
2024-09-08 23:00:00,0.978,0.994,0.975,0.99,301050.9
2024-09-09 00:00:00,0.991,1.001,0.986,0.997,222709.6
2024-09-09 01:00:00,0.997,1.011,0.996,1.004,428349.4
2024-09-09 02:00:00,1.004,1.011,0.994,1.011,502240.5
2024-09-09 03:00:00,1.011,1.013,0.996,1.002,320244.4
2024-09-09 04:00:00,1.003,1.009,0.988,0.992,607196.5
2024-09-09 05:00:00,0.992,1.001,0.988,0.993,221114.1
2024-09-09 06:00:00,0.993,0.997,0.984,0.996,486894.9
2024-09-09 07:00:00,0.995,1.013,0.993,1.012,293078.5
2024-09-09 08:00:00,1.012,1.037,1.012,1.03,741611.8
2024-09-09 09:00:00,1.03,1.038,1.019,1.021,417003.6
2024-09-09 10:00:00,1.021,1.032,1.019,1.022,267213.5
2024-09-09 11:00:00,1.022,1.041,1.013,1.036,844721.5
2024-09-09 12:00:00,1.036,1.037,1.019,1.03,314842.8
2024-09-09 13:00:00,1.03,1.045,1.027,1.043,382998.2
2024-09-09 14:00:00,1.043,1.043,1.012,1.02,533403.2
2024-09-09 15:00:00,1.019,1.035,1.018,1.032,317223.4
2024-09-09 16:00:00,1.032,1.064,1.031,1.061,1195082.6
2024-09-09 17:00:00,1.061,1.07,1.046,1.064,760966.9
2024-09-09 18:00:00,1.065,1.069,1.046,1.052,1189158.9
2024-09-09 19:00:00,1.052,1.067,1.05,1.066,632940.3
2024-09-09 20:00:00,1.066,1.067,1.054,1.055,330574.9
2024-09-09 21:00:00,1.056,1.077,1.054,1.063,539728.7
2024-09-09 22:00:00,1.063,1.066,1.042,1.05,582597.1
2024-09-09 23:00:00,1.05,1.055,1.047,1.048,190151.5
2024-09-10 00:00:00,1.049,1.051,1.036,1.039,326139.6
2024-09-10 01:00:00,1.039,1.04,1.029,1.034,221951.6
2024-09-10 02:00:00,1.034,1.046,1.026,1.036,450193.9
2024-09-10 03:00:00,1.035,1.036,1.027,1.027,256590.3
2024-09-10 04:00:00,1.027,1.033,1.024,1.028,250445.7
2024-09-10 05:00:00,1.029,1.042,1.027,1.035,499178.9
2024-09-10 06:00:00,1.034,1.035,1.027,1.031,205715.6
2024-09-10 07:00:00,1.031,1.045,1.029,1.043,290653.9
2024-09-10 08:00:00,1.044,1.047,1.033,1.034,289448.6
2024-09-10 09:00:00,1.034,1.045,1.027,1.037,530678.2
2024-09-10 10:00:00,1.037,1.048,1.032,1.046,490021.8
2024-09-10 11:00:00,1.045,1.052,1.039,1.044,636100.7
2024-09-10 12:00:00,1.043,1.052,1.041,1.042,527870.5
2024-09-10 13:00:00,1.042,1.042,1.029,1.033,527805.4
2024-09-10 14:00:00,1.033,1.044,1.029,1.037,324144.8
2024-09-10 15:00:00,1.037,1.048,1.032,1.033,294596.9
2024-09-10 16:00:00,1.033,1.042,1.033,1.038,308218.1
2024-09-10 17:00:00,1.039,1.049,1.037,1.042,295926.2
2024-09-10 18:00:00,1.043,1.066,1.042,1.053,1127918.9
2024-09-10 19:00:00,1.052,1.068,1.05,1.061,460416.9
2024-09-10 20:00:00,1.061,1.076,1.057,1.061,512691.4
2024-09-10 21:00:00,1.061,1.066,1.052,1.052,328675.1
2024-09-10 22:00:00,1.053,1.061,1.051,1.057,210361.8
2024-09-10 23:00:00,1.057,1.058,1.046,1.046,386240.8
2024-09-11 00:00:00,1.047,1.05,1.038,1.046,289335.3
2024-09-11 01:00:00,1.046,1.048,1.018,1.026,964509.5
2024-09-11 02:00:00,1.025,1.039,1.025,1.031,274259.7
2024-09-11 03:00:00,1.03,1.032,1.024,1.027,169180.6
2024-09-11 04:00:00,1.028,1.029,1.009,1.017,389395.7
2024-09-11 05:00:00,1.016,1.016,0.997,1.005,499009.2
2024-09-11 06:00:00,1.005,1.015,1.002,1.006,260678.3
2024-09-11 07:00:00,1.006,1.023,1.005,1.021,411847.3
2024-09-11 08:00:00,1.02,1.02,1.004,1.005,240976.7
2024-09-11 09:00:00,1.004,1.017,1.004,1.012,562251.8
2024-09-11 10:00:00,1.012,1.012,1.004,1.009,229949.0
2024-09-11 11:00:00,1.01,1.02,1.009,1.016,293213.9
2024-09-11 12:00:00,1.016,1.037,1.009,1.025,696358.6
2024-09-11 13:00:00,1.025,1.065,1.009,1.012,2247109.1
2024-09-11 14:00:00,1.012,1.023,1.003,1.014,678947.4
2024-09-11 15:00:00,1.014,1.043,1.01,1.029,417940.7
2024-09-11 16:00:00,1.029,1.056,1.026,1.052,849483.9
2024-09-11 17:00:00,1.052,1.06,1.044,1.046,1007605.2
2024-09-11 18:00:00,1.047,1.051,1.035,1.037,464226.0
2024-09-11 19:00:00,1.037,1.044,1.031,1.039,370596.2
2024-09-11 20:00:00,1.038,1.045,1.034,1.034,197113.1
2024-09-11 21:00:00,1.034,1.042,1.032,1.04,166803.9
2024-09-11 22:00:00,1.04,1.043,1.035,1.042,144392.0
2024-09-11 23:00:00,1.043,1.046,1.039,1.039,217036.1
2024-09-12 00:00:00,1.04,1.058,1.04,1.051,370635.6
2024-09-12 01:00:00,1.051,1.066,1.05,1.064,326197.3
2024-09-12 02:00:00,1.066,1.077,1.051,1.052,511934.6
2024-09-12 03:00:00,1.052,1.059,1.05,1.05,180673.9
2024-09-12 04:00:00,1.051,1.067,1.05,1.058,325412.1
2024-09-12 05:00:00,1.058,1.077,1.053,1.072,560684.4
2024-09-12 06:00:00,1.072,1.082,1.062,1.069,640014.7
2024-09-12 07:00:00,1.07,1.075,1.062,1.069,496429.2
2024-09-12 08:00:00,1.069,1.094,1.066,1.072,851481.7
2024-09-12 09:00:00,1.072,1.074,1.061,1.061,438758.5
2024-09-12 10:00:00,1.061,1.068,1.059,1.06,324936.5
2024-09-12 11:00:00,1.059,1.068,1.056,1.058,380341.9
2024-09-12 12:00:00,1.059,1.064,1.041,1.043,659682.7
2024-09-12 13:00:00,1.043,1.06,1.043,1.052,640699.9
2024-09-12 14:00:00,1.053,1.079,1.046,1.046,1080943.8
2024-09-12 15:00:00,1.046,1.062,1.043,1.05,836402.8
2024-09-12 16:00:00,1.051,1.079,1.051,1.07,912340.5
2024-09-12 17:00:00,1.07,1.095,1.066,1.09,888071.2
2024-09-12 18:00:00,1.09,1.114,1.088,1.11,1477952.1
2024-09-12 19:00:00,1.11,1.123,1.095,1.102,1551549.1
2024-09-12 20:00:00,1.102,1.102,1.093,1.095,252107.5
2024-09-12 21:00:00,1.095,1.099,1.084,1.09,367450.8
2024-09-12 22:00:00,1.09,1.095,1.085,1.088,208831.6
2024-09-12 23:00:00,1.088,1.093,1.085,1.09,163377.2
2024-09-13 00:00:00,1.091,1.092,1.081,1.083,218288.0
2024-09-13 01:00:00,1.083,1.09,1.076,1.087,430817.5
2024-09-13 02:00:00,1.087,1.089,1.078,1.078,243618.4
2024-09-13 03:00:00,1.078,1.082,1.069,1.069,279801.1
2024-09-13 04:00:00,1.07,1.074,1.055,1.058,832841.0
2024-09-13 05:00:00,1.058,1.068,1.058,1.066,328782.8
2024-09-13 06:00:00,1.066,1.068,1.059,1.06,249270.4
2024-09-13 07:00:00,1.061,1.069,1.06,1.068,379472.6
2024-09-13 08:00:00,1.069,1.071,1.055,1.056,450492.3
2024-09-13 09:00:00,1.057,1.064,1.056,1.058,240909.6
2024-09-13 10:00:00,1.057,1.066,1.054,1.065,406243.9
2024-09-13 11:00:00,1.065,1.068,1.048,1.05,532662.4
2024-09-13 12:00:00,1.05,1.054,1.04,1.05,438516.8
2024-09-13 13:00:00,1.05,1.055,1.044,1.054,205842.3
2024-09-13 14:00:00,1.054,1.06,1.044,1.057,675302.2
2024-09-13 15:00:00,1.058,1.086,1.056,1.079,1032527.8
2024-09-13 16:00:00,1.079,1.083,1.064,1.071,577771.5
2024-09-13 17:00:00,1.071,1.086,1.071,1.077,497862.5
2024-09-13 18:00:00,1.077,1.088,1.076,1.082,450994.7
2024-09-13 19:00:00,1.081,1.093,1.076,1.087,912348.7
2024-09-13 20:00:00,1.087,1.088,1.079,1.079,236127.0
2024-09-13 21:00:00,1.079,1.109,1.079,1.1,630459.0
2024-09-13 22:00:00,1.101,1.106,1.092,1.095,702966.8
2024-09-13 23:00:00,1.095,1.096,1.085,1.086,406784.4
2024-09-14 00:00:00,1.087,1.092,1.082,1.088,228771.7
2024-09-14 01:00:00,1.088,1.096,1.088,1.089,199510.6
2024-09-14 02:00:00,1.09,1.094,1.085,1.087,146981.6
2024-09-14 03:00:00,1.087,1.108,1.083,1.103,1030674.8
2024-09-14 04:00:00,1.102,1.102,1.09,1.09,200732.7
2024-09-14 05:00:00,1.09,1.091,1.074,1.075,253923.6
2024-09-14 06:00:00,1.075,1.08,1.069,1.076,321928.5
2024-09-14 07:00:00,1.076,1.081,1.073,1.074,154840.5
2024-09-14 08:00:00,1.074,1.077,1.058,1.062,707053.5
2024-09-14 09:00:00,1.061,1.068,1.059,1.067,337549.5
2024-09-14 10:00:00,1.067,1.067,1.055,1.056,154906.9
2024-09-14 11:00:00,1.056,1.059,1.051,1.057,217017.9
2024-09-14 12:00:00,1.057,1.063,1.054,1.059,161018.9
2024-09-14 13:00:00,1.058,1.063,1.057,1.059,112414.4
2024-09-14 14:00:00,1.058,1.069,1.055,1.062,403967.4
2024-09-14 15:00:00,1.062,1.066,1.059,1.061,199989.7
2024-09-14 16:00:00,1.06,1.067,1.058,1.059,124255.8
2024-09-14 17:00:00,1.059,1.059,1.053,1.054,128478.1
2024-09-14 18:00:00,1.054,1.057,1.042,1.056,446653.9
2024-09-14 19:00:00,1.056,1.056,1.049,1.05,169483.3
2024-09-14 20:00:00,1.051,1.06,1.05,1.057,255822.8
2024-09-14 21:00:00,1.057,1.06,1.055,1.056,144232.1
2024-09-14 22:00:00,1.056,1.062,1.053,1.06,170991.4
2024-09-14 23:00:00,1.06,1.064,1.052,1.055,382683.3
2024-09-15 00:00:00,1.056,1.064,1.051,1.061,130349.1
2024-09-15 01:00:00,1.061,1.069,1.059,1.068,176278.7
2024-09-15 02:00:00,1.068,1.071,1.063,1.071,98437.7
2024-09-15 03:00:00,1.07,1.073,1.064,1.065,122311.3
2024-09-15 04:00:00,1.065,1.068,1.056,1.056,127539.7
2024-09-15 05:00:00,1.056,1.062,1.055,1.057,224975.4
2024-09-15 06:00:00,1.057,1.069,1.057,1.063,556839.4
2024-09-15 07:00:00,1.063,1.069,1.058,1.069,276256.1
2024-09-15 08:00:00,1.069,1.07,1.061,1.063,205589.1
2024-09-15 09:00:00,1.063,1.068,1.058,1.058,144070.1
2024-09-15 10:00:00,1.058,1.065,1.05,1.063,380317.5
2024-09-15 11:00:00,1.063,1.064,1.054,1.063,312812.6
2024-09-15 12:00:00,1.062,1.069,1.06,1.067,204854.7
2024-09-15 13:00:00,1.067,1.069,1.054,1.056,532243.0
2024-09-15 14:00:00,1.056,1.06,1.045,1.059,329651.9
2024-09-15 15:00:00,1.06,1.062,1.054,1.061,146272.7
2024-09-15 16:00:00,1.06,1.064,1.039,1.04,386699.7
2024-09-15 17:00:00,1.04,1.046,1.032,1.041,312756.7
2024-09-15 18:00:00,1.04,1.049,1.038,1.046,310742.5
2024-09-15 19:00:00,1.045,1.051,1.04,1.041,165003.0
2024-09-15 20:00:00,1.04,1.044,1.031,1.036,227515.5
2024-09-15 21:00:00,1.036,1.036,1.017,1.028,567818.5
2024-09-15 22:00:00,1.028,1.029,1.018,1.019,330833.5
2024-09-15 23:00:00,1.019,1.02,1.0,1.01,641943.1
2024-09-16 00:00:00,1.01,1.015,1.002,1.011,298509.8
2024-09-16 01:00:00,1.011,1.013,1.0,1.002,273905.2
2024-09-16 02:00:00,1.002,1.003,0.988,0.992,298327.0
2024-09-16 03:00:00,0.992,1.005,0.99,1.005,186138.8
2024-09-16 04:00:00,1.004,1.006,1.001,1.003,99490.9
2024-09-16 05:00:00,1.004,1.017,1.004,1.017,148408.5
2024-09-16 06:00:00,1.017,1.02,1.012,1.016,232424.9
2024-09-16 07:00:00,1.016,1.032,1.015,1.03,202009.6
2024-09-16 08:00:00,1.029,1.036,1.017,1.019,208935.6
2024-09-16 09:00:00,1.019,1.022,1.007,1.009,182412.4
2024-09-16 10:00:00,1.009,1.016,1.002,1.014,341669.0
2024-09-16 11:00:00,1.014,1.015,1.004,1.005,237950.0
2024-09-16 12:00:00,1.005,1.009,1.002,1.004,148099.8
2024-09-16 13:00:00,1.004,1.016,1.001,1.015,514361.7
2024-09-16 14:00:00,1.015,1.016,0.993,1.001,430462.7
2024-09-16 15:00:00,1.001,1.02,1.0,1.006,324492.5
2024-09-16 16:00:00,1.005,1.007,0.992,0.996,268464.6
2024-09-16 17:00:00,0.997,1.008,0.986,1.005,461763.5
2024-09-16 18:00:00,1.005,1.005,0.993,0.996,159293.4
2024-09-16 19:00:00,0.996,0.998,0.99,0.993,155459.1
2024-09-16 20:00:00,0.993,0.999,0.989,0.99,275558.4
2024-09-16 21:00:00,0.99,0.997,0.988,0.996,138327.7
2024-09-16 22:00:00,0.996,0.996,0.99,0.994,95946.4
2024-09-16 23:00:00,0.994,1.005,0.994,1.002,108922.0
2024-09-17 00:00:00,1.002,1.005,0.99,0.99,166633.2
2024-09-17 01:00:00,0.99,0.994,0.983,0.991,162147.9
2024-09-17 02:00:00,0.991,0.999,0.991,0.996,83764.7
2024-09-17 03:00:00,0.997,1.003,0.995,1.001,135284.4
2024-09-17 04:00:00,1.002,1.005,1.001,1.001,143752.8
2024-09-17 05:00:00,1.001,1.014,1.001,1.01,247840.4
2024-09-17 06:00:00,1.01,1.01,0.998,0.999,172020.6
2024-09-17 07:00:00,0.998,1.007,0.996,1.003,132353.1
2024-09-17 08:00:00,1.003,1.009,0.994,1.001,767303.0
2024-09-17 09:00:00,1.001,1.004,0.99,0.999,261078.0
2024-09-17 10:00:00,1.0,1.006,0.998,1.003,315090.9
2024-09-17 11:00:00,1.003,1.004,0.991,0.996,268955.5
2024-09-17 12:00:00,0.995,1.005,0.994,1.001,335716.7
2024-09-17 13:00:00,1.001,1.008,0.995,0.998,410752.7
2024-09-17 14:00:00,0.997,1.029,0.996,1.016,1239598.2
2024-09-17 15:00:00,1.015,1.038,1.015,1.031,1512885.7
2024-09-17 16:00:00,1.031,1.041,1.018,1.02,708964.9
2024-09-17 17:00:00,1.021,1.025,1.013,1.02,437809.4
2024-09-17 18:00:00,1.02,1.023,1.004,1.01,451320.3
2024-09-17 19:00:00,1.01,1.013,0.995,1.003,571748.8
2024-09-17 20:00:00,1.003,1.014,0.998,1.006,636041.1
2024-09-17 21:00:00,1.005,1.011,1.004,1.01,257416.0
2024-09-17 22:00:00,1.01,1.01,0.999,1.001,285934.9
2024-09-17 23:00:00,1.001,1.004,0.995,1.004,125344.8
2024-09-18 00:00:00,1.004,1.004,0.988,1.0,293056.0
2024-09-18 01:00:00,1.0,1.004,0.995,1.003,202971.5
2024-09-18 02:00:00,1.003,1.015,1.001,1.015,239882.6
2024-09-18 03:00:00,1.014,1.033,1.013,1.028,921392.3
2024-09-18 04:00:00,1.029,1.032,1.016,1.019,356010.9
2024-09-18 05:00:00,1.019,1.02,1.014,1.015,189135.6
2024-09-18 06:00:00,1.015,1.018,1.011,1.017,231090.4
2024-09-18 07:00:00,1.016,1.028,1.015,1.019,436949.5
2024-09-18 08:00:00,1.019,1.02,1.002,1.002,352791.5
2024-09-18 09:00:00,1.002,1.04,0.999,1.001,3492758.5
2024-09-18 10:00:00,1.001,1.016,1.0,1.011,792482.1
2024-09-18 11:00:00,1.011,1.022,1.006,1.007,303540.3
2024-09-18 12:00:00,1.007,1.012,0.986,0.989,1671868.8
2024-09-18 13:00:00,0.989,0.997,0.967,0.973,1174810.1
2024-09-18 14:00:00,0.973,0.982,0.968,0.975,360294.7
2024-09-18 15:00:00,0.975,0.98,0.958,0.965,328552.0
2024-09-18 16:00:00,0.964,0.981,0.959,0.98,581764.0
2024-09-18 17:00:00,0.98,0.986,0.969,0.978,311132.6
2024-09-18 18:00:00,0.978,1.041,0.975,1.024,1959381.6
2024-09-18 19:00:00,1.023,1.028,1.009,1.015,717907.0
2024-09-18 20:00:00,1.015,1.024,1.003,1.022,435185.2
2024-09-18 21:00:00,1.022,1.026,1.011,1.011,281306.7
2024-09-18 22:00:00,1.011,1.024,1.009,1.024,319960.5
2024-09-18 23:00:00,1.024,1.059,1.023,1.057,887071.6
2024-09-19 00:00:00,1.058,1.103,1.056,1.094,2172089.0
2024-09-19 01:00:00,1.094,1.098,1.074,1.083,951562.8
2024-09-19 02:00:00,1.084,1.096,1.078,1.093,630649.3
2024-09-19 03:00:00,1.093,1.112,1.092,1.096,694467.3
2024-09-19 04:00:00,1.097,1.11,1.085,1.108,1734185.5
2024-09-19 05:00:00,1.108,1.129,1.107,1.119,1227645.9
2024-09-19 06:00:00,1.118,1.12,1.1,1.104,663008.6
2024-09-19 07:00:00,1.104,1.117,1.104,1.113,485552.6
2024-09-19 08:00:00,1.113,1.127,1.106,1.107,568925.5
2024-09-19 09:00:00,1.107,1.125,1.106,1.118,834106.6
2024-09-19 10:00:00,1.118,1.133,1.116,1.121,531425.7
2024-09-19 11:00:00,1.122,1.154,1.118,1.137,1416458.2
2024-09-19 12:00:00,1.138,1.148,1.124,1.134,1009048.2
2024-09-19 13:00:00,1.133,1.143,1.121,1.132,855876.2
2024-09-19 14:00:00,1.131,1.138,1.12,1.12,747498.3
2024-09-19 15:00:00,1.121,1.141,1.12,1.136,1264164.7
2024-09-19 16:00:00,1.137,1.166,1.136,1.153,1570515.6
2024-09-19 17:00:00,1.153,1.158,1.146,1.153,665524.3
2024-09-19 18:00:00,1.153,1.158,1.147,1.148,514957.7
2024-09-19 19:00:00,1.149,1.151,1.133,1.137,438706.0
2024-09-19 20:00:00,1.137,1.146,1.131,1.133,442483.6
2024-09-19 21:00:00,1.134,1.138,1.124,1.124,363786.5
2024-09-19 22:00:00,1.124,1.13,1.118,1.129,335068.7
2024-09-19 23:00:00,1.13,1.133,1.123,1.123,208350.2
2024-09-20 00:00:00,1.124,1.139,1.111,1.12,916305.8
2024-09-20 01:00:00,1.12,1.124,1.106,1.123,401006.1
2024-09-20 02:00:00,1.123,1.135,1.122,1.134,409250.3
2024-09-20 03:00:00,1.135,1.169,1.133,1.168,1104956.8
2024-09-20 04:00:00,1.169,1.196,1.165,1.194,1296207.0
2024-09-20 05:00:00,1.194,1.223,1.193,1.214,1133705.2
2024-09-20 06:00:00,1.215,1.251,1.199,1.238,1740305.9
2024-09-20 07:00:00,1.238,1.241,1.219,1.225,1229385.9
2024-09-20 08:00:00,1.225,1.23,1.21,1.222,809865.9
2024-09-20 09:00:00,1.223,1.226,1.212,1.219,475732.2
2024-09-20 10:00:00,1.219,1.238,1.218,1.228,599456.7
2024-09-20 11:00:00,1.228,1.228,1.189,1.192,846043.6
2024-09-20 12:00:00,1.192,1.215,1.192,1.207,538035.0
2024-09-20 13:00:00,1.208,1.21,1.173,1.177,1132277.3
2024-09-20 14:00:00,1.178,1.204,1.173,1.193,894646.5
2024-09-20 15:00:00,1.193,1.201,1.185,1.195,511746.3
2024-09-20 16:00:00,1.196,1.202,1.177,1.182,349802.4
2024-09-20 17:00:00,1.182,1.186,1.17,1.176,378388.6
2024-09-20 18:00:00,1.177,1.182,1.165,1.18,368989.9
2024-09-20 19:00:00,1.179,1.183,1.175,1.178,198902.2
2024-09-20 20:00:00,1.178,1.181,1.171,1.174,167466.6
2024-09-20 21:00:00,1.174,1.194,1.173,1.186,335100.8
2024-09-20 22:00:00,1.186,1.197,1.186,1.195,252484.9
2024-09-20 23:00:00,1.194,1.201,1.191,1.197,189097.1
2024-09-21 00:00:00,1.198,1.198,1.185,1.189,453022.7
2024-09-21 01:00:00,1.189,1.197,1.181,1.183,288165.7
2024-09-21 02:00:00,1.182,1.203,1.18,1.201,246378.8
2024-09-21 03:00:00,1.201,1.21,1.191,1.192,313117.9
2024-09-21 04:00:00,1.192,1.195,1.173,1.179,300769.3
2024-09-21 05:00:00,1.179,1.191,1.176,1.186,271810.9
2024-09-21 06:00:00,1.187,1.204,1.186,1.199,170681.5
2024-09-21 07:00:00,1.2,1.212,1.196,1.206,186083.9
2024-09-21 08:00:00,1.205,1.208,1.195,1.196,190428.2
2024-09-21 09:00:00,1.195,1.199,1.193,1.194,176688.6
2024-09-21 10:00:00,1.194,1.195,1.181,1.183,137031.0
2024-09-21 11:00:00,1.183,1.194,1.181,1.189,183031.9
2024-09-21 12:00:00,1.189,1.206,1.188,1.205,232330.8
2024-09-21 13:00:00,1.205,1.219,1.197,1.218,398150.6
2024-09-21 14:00:00,1.218,1.223,1.202,1.212,1045366.1
2024-09-21 15:00:00,1.213,1.214,1.194,1.203,458125.9
2024-09-21 16:00:00,1.203,1.214,1.2,1.202,196542.8
2024-09-21 17:00:00,1.202,1.217,1.201,1.208,382732.0
2024-09-21 18:00:00,1.208,1.214,1.207,1.21,204613.3
2024-09-21 19:00:00,1.21,1.216,1.206,1.216,238724.2
2024-09-21 20:00:00,1.217,1.219,1.21,1.213,187552.4
2024-09-21 21:00:00,1.214,1.217,1.207,1.216,171920.4
2024-09-21 22:00:00,1.216,1.238,1.213,1.235,711986.2
2024-09-21 23:00:00,1.234,1.244,1.228,1.236,332977.6
2024-09-22 00:00:00,1.236,1.24,1.212,1.223,360019.8
2024-09-22 01:00:00,1.222,1.227,1.206,1.207,232142.9
2024-09-22 02:00:00,1.208,1.21,1.191,1.198,307339.5
2024-09-22 03:00:00,1.198,1.204,1.195,1.203,276840.8
2024-09-22 04:00:00,1.204,1.215,1.204,1.209,196674.5
2024-09-22 05:00:00,1.21,1.213,1.197,1.198,133848.5
2024-09-22 06:00:00,1.198,1.21,1.197,1.199,116147.8
2024-09-22 07:00:00,1.199,1.206,1.197,1.201,146017.9
2024-09-22 08:00:00,1.2,1.204,1.194,1.201,232387.1
2024-09-22 09:00:00,1.201,1.201,1.18,1.183,427533.8
2024-09-22 10:00:00,1.183,1.187,1.162,1.169,556480.2
2024-09-22 11:00:00,1.168,1.171,1.159,1.167,419802.1
2024-09-22 12:00:00,1.167,1.17,1.155,1.167,526805.0
2024-09-22 13:00:00,1.167,1.169,1.15,1.153,411222.6
2024-09-22 14:00:00,1.154,1.161,1.142,1.151,513136.4
2024-09-22 15:00:00,1.152,1.156,1.144,1.151,272505.9
2024-09-22 16:00:00,1.15,1.155,1.136,1.149,548558.4
2024-09-22 17:00:00,1.148,1.169,1.147,1.167,425433.3
2024-09-22 18:00:00,1.168,1.168,1.153,1.153,277625.4
2024-09-22 19:00:00,1.153,1.17,1.143,1.164,340588.3
2024-09-22 20:00:00,1.164,1.172,1.159,1.166,373664.0
2024-09-22 21:00:00,1.166,1.174,1.144,1.147,428695.8
2024-09-22 22:00:00,1.146,1.193,1.132,1.188,549744.7
2024-09-22 23:00:00,1.189,1.19,1.168,1.178,248523.4
2024-09-23 00:00:00,1.178,1.21,1.153,1.203,717485.7
2024-09-23 01:00:00,1.203,1.232,1.2,1.229,624062.0
2024-09-23 02:00:00,1.23,1.284,1.222,1.283,1051159.5
2024-09-23 03:00:00,1.282,1.316,1.274,1.295,2130454.1
2024-09-23 04:00:00,1.295,1.308,1.271,1.287,729952.9
2024-09-23 05:00:00,1.288,1.342,1.285,1.341,1142952.9
2024-09-23 06:00:00,1.34,1.439,1.337,1.421,3593977.5
2024-09-23 07:00:00,1.42,1.438,1.38,1.387,2913276.6
2024-09-23 08:00:00,1.388,1.403,1.368,1.387,1628891.3
2024-09-23 09:00:00,1.387,1.418,1.381,1.407,1696132.5
2024-09-23 10:00:00,1.406,1.433,1.396,1.403,1415821.3
2024-09-23 11:00:00,1.403,1.409,1.386,1.388,1486857.5
2024-09-23 12:00:00,1.388,1.41,1.377,1.381,1042606.6
2024-09-23 13:00:00,1.38,1.398,1.375,1.39,758820.3
2024-09-23 14:00:00,1.39,1.439,1.389,1.43,1997748.6
2024-09-23 15:00:00,1.43,1.474,1.414,1.456,2447171.3
2024-09-23 16:00:00,1.456,1.468,1.436,1.437,1305215.2
2024-09-23 17:00:00,1.437,1.454,1.427,1.443,770079.6
2024-09-23 18:00:00,1.443,1.452,1.436,1.438,418394.2
2024-09-23 19:00:00,1.438,1.455,1.435,1.452,760932.8
2024-09-23 20:00:00,1.452,1.464,1.438,1.443,775168.9
2024-09-23 21:00:00,1.441,1.464,1.433,1.454,783453.7
2024-09-23 22:00:00,1.454,1.46,1.437,1.441,377256.4
2024-09-23 23:00:00,1.441,1.445,1.429,1.439,591613.2
2024-09-24 00:00:00,1.439,1.456,1.415,1.415,1485869.9
2024-09-24 01:00:00,1.416,1.424,1.403,1.414,819003.1
2024-09-24 02:00:00,1.415,1.421,1.401,1.409,528651.5
2024-09-24 03:00:00,1.409,1.439,1.409,1.434,414250.9
2024-09-24 04:00:00,1.434,1.45,1.425,1.425,647054.3
2024-09-24 05:00:00,1.425,1.479,1.423,1.473,1051137.8
2024-09-24 06:00:00,1.472,1.521,1.469,1.487,2457913.4
2024-09-24 07:00:00,1.488,1.557,1.486,1.538,1794094.9
2024-09-24 08:00:00,1.538,1.545,1.512,1.526,1267629.6
2024-09-24 09:00:00,1.526,1.536,1.491,1.493,766482.6
2024-09-24 10:00:00,1.495,1.531,1.495,1.523,534709.4
2024-09-24 11:00:00,1.523,1.526,1.507,1.517,482800.2
2024-09-24 12:00:00,1.517,1.532,1.484,1.492,828986.1
2024-09-24 13:00:00,1.491,1.512,1.491,1.491,539513.8
2024-09-24 14:00:00,1.491,1.5,1.464,1.475,1656904.9
2024-09-24 15:00:00,1.475,1.479,1.437,1.443,1833158.7
2024-09-24 16:00:00,1.442,1.463,1.442,1.459,698370.4
2024-09-24 17:00:00,1.459,1.47,1.448,1.454,613883.6
2024-09-24 18:00:00,1.455,1.469,1.452,1.46,321892.9
2024-09-24 19:00:00,1.46,1.482,1.457,1.474,355787.5
2024-09-24 20:00:00,1.473,1.488,1.471,1.483,581053.2
2024-09-24 21:00:00,1.483,1.51,1.482,1.5,646074.0
2024-09-24 22:00:00,1.5,1.522,1.495,1.517,728703.4
2024-09-24 23:00:00,1.516,1.517,1.492,1.493,382410.8
2024-09-25 00:00:00,1.495,1.506,1.477,1.48,777298.6
2024-09-25 01:00:00,1.481,1.512,1.477,1.496,975095.7
2024-09-25 02:00:00,1.498,1.517,1.493,1.496,385103.2
2024-09-25 03:00:00,1.496,1.503,1.483,1.501,367245.7
2024-09-25 04:00:00,1.501,1.506,1.487,1.487,240421.3
2024-09-25 05:00:00,1.488,1.509,1.47,1.475,469511.7
2024-09-25 06:00:00,1.474,1.507,1.465,1.501,1367735.0
2024-09-25 07:00:00,1.501,1.524,1.489,1.496,557379.0
2024-09-25 08:00:00,1.496,1.55,1.495,1.514,1604939.5
2024-09-25 09:00:00,1.513,1.541,1.507,1.524,790653.9
2024-09-25 10:00:00,1.523,1.557,1.514,1.534,666768.1
2024-09-25 11:00:00,1.534,1.546,1.522,1.535,340893.8
2024-09-25 12:00:00,1.536,1.539,1.498,1.501,430800.3
2024-09-25 13:00:00,1.502,1.517,1.49,1.507,1183345.9
2024-09-25 14:00:00,1.507,1.518,1.493,1.503,415040.0
2024-09-25 15:00:00,1.503,1.562,1.5,1.515,1551966.5
2024-09-25 16:00:00,1.516,1.57,1.514,1.55,849897.8
2024-09-25 17:00:00,1.55,1.553,1.508,1.512,630686.0
2024-09-25 18:00:00,1.513,1.555,1.511,1.549,619196.1
2024-09-25 19:00:00,1.549,1.549,1.512,1.512,255293.3
2024-09-25 20:00:00,1.512,1.522,1.5,1.522,560442.2
2024-09-25 21:00:00,1.523,1.54,1.502,1.51,363958.1
2024-09-25 22:00:00,1.51,1.51,1.481,1.494,575476.7
2024-09-25 23:00:00,1.495,1.497,1.473,1.484,606490.0
2024-09-26 00:00:00,1.484,1.521,1.474,1.485,615278.7
2024-09-26 01:00:00,1.484,1.498,1.464,1.497,821912.2
2024-09-26 02:00:00,1.497,1.502,1.47,1.485,527206.8
2024-09-26 03:00:00,1.485,1.492,1.471,1.471,471834.1
2024-09-26 04:00:00,1.472,1.483,1.445,1.459,675343.4
2024-09-26 05:00:00,1.459,1.486,1.458,1.478,383040.6
2024-09-26 06:00:00,1.478,1.485,1.467,1.467,598782.6
2024-09-26 07:00:00,1.467,1.475,1.454,1.473,608264.3
2024-09-26 08:00:00,1.473,1.476,1.457,1.46,552795.7
2024-09-26 09:00:00,1.461,1.474,1.456,1.46,363128.2
2024-09-26 10:00:00,1.461,1.496,1.459,1.494,874212.1
2024-09-26 11:00:00,1.494,1.495,1.467,1.468,521846.8
2024-09-26 12:00:00,1.468,1.477,1.454,1.466,626167.8
2024-09-26 13:00:00,1.467,1.483,1.457,1.465,416742.5
2024-09-26 14:00:00,1.465,1.512,1.457,1.458,1146756.7
2024-09-26 15:00:00,1.458,1.51,1.452,1.495,1243188.6
2024-09-26 16:00:00,1.496,1.515,1.488,1.499,700691.8
2024-09-26 17:00:00,1.5,1.543,1.464,1.467,1855248.0
2024-09-26 18:00:00,1.467,1.491,1.467,1.491,402901.2
2024-09-26 19:00:00,1.491,1.502,1.47,1.47,502017.6
2024-09-26 20:00:00,1.47,1.478,1.446,1.45,643314.4
2024-09-26 21:00:00,1.45,1.478,1.446,1.465,412392.6
2024-09-26 22:00:00,1.465,1.505,1.464,1.504,382617.6
2024-09-26 23:00:00,1.504,1.506,1.478,1.501,466521.1
2024-09-27 00:00:00,1.5,1.524,1.496,1.523,594850.3
2024-09-27 01:00:00,1.523,1.557,1.516,1.535,914538.5
2024-09-27 02:00:00,1.536,1.552,1.521,1.522,429270.8
2024-09-27 03:00:00,1.521,1.537,1.506,1.531,491644.4
2024-09-27 04:00:00,1.53,1.544,1.511,1.513,490680.0
2024-09-27 05:00:00,1.513,1.519,1.495,1.516,513271.7
2024-09-27 06:00:00,1.516,1.526,1.496,1.497,617998.9
2024-09-27 07:00:00,1.498,1.51,1.483,1.486,445908.3
2024-09-27 08:00:00,1.486,1.521,1.484,1.512,984480.0
2024-09-27 09:00:00,1.512,1.523,1.5,1.505,678115.6
2024-09-27 10:00:00,1.504,1.506,1.473,1.473,610102.9
2024-09-27 11:00:00,1.474,1.492,1.473,1.483,446507.7
2024-09-27 12:00:00,1.483,1.523,1.482,1.514,865432.8
2024-09-27 13:00:00,1.514,1.519,1.493,1.515,896042.9
2024-09-27 14:00:00,1.515,1.539,1.511,1.53,1102971.2
2024-09-27 15:00:00,1.53,1.548,1.51,1.511,981688.0
2024-09-27 16:00:00,1.511,1.568,1.511,1.566,1199737.3
2024-09-27 17:00:00,1.567,1.59,1.514,1.522,1752538.6
2024-09-27 18:00:00,1.522,1.528,1.503,1.516,609129.8
2024-09-27 19:00:00,1.517,1.568,1.516,1.522,581562.7
2024-09-27 20:00:00,1.523,1.527,1.506,1.517,541688.9
2024-09-27 21:00:00,1.517,1.519,1.493,1.494,540218.0
2024-09-27 22:00:00,1.494,1.511,1.488,1.496,602259.5
2024-09-27 23:00:00,1.497,1.514,1.489,1.503,507441.6
2024-09-28 00:00:00,1.503,1.522,1.503,1.511,454918.4
2024-09-28 01:00:00,1.511,1.516,1.501,1.509,260095.5
2024-09-28 02:00:00,1.509,1.526,1.498,1.514,317893.7
2024-09-28 03:00:00,1.514,1.519,1.497,1.506,456664.6
2024-09-28 04:00:00,1.506,1.53,1.499,1.512,424527.1
2024-09-28 05:00:00,1.513,1.519,1.487,1.491,434085.4
2024-09-28 06:00:00,1.491,1.495,1.472,1.48,283822.3
2024-09-28 07:00:00,1.48,1.497,1.474,1.474,415333.8
2024-09-28 08:00:00,1.474,1.476,1.453,1.455,662467.3
2024-09-28 09:00:00,1.456,1.468,1.432,1.467,643678.0
2024-09-28 10:00:00,1.466,1.489,1.462,1.481,277662.3
2024-09-28 11:00:00,1.48,1.489,1.472,1.487,209326.4
2024-09-28 12:00:00,1.487,1.487,1.465,1.467,290431.3
2024-09-28 13:00:00,1.468,1.469,1.45,1.451,384727.9
2024-09-28 14:00:00,1.451,1.475,1.45,1.472,386123.6
2024-09-28 15:00:00,1.471,1.481,1.468,1.475,275284.7
2024-09-28 16:00:00,1.475,1.48,1.466,1.472,152734.1
2024-09-28 17:00:00,1.471,1.49,1.471,1.48,114138.2
2024-09-28 18:00:00,1.48,1.491,1.478,1.485,139399.5
2024-09-28 19:00:00,1.485,1.494,1.484,1.491,150908.3
2024-09-28 20:00:00,1.491,1.495,1.482,1.484,109663.5
2024-09-28 21:00:00,1.484,1.487,1.463,1.485,130985.3
2024-09-28 22:00:00,1.485,1.489,1.472,1.481,231545.8
2024-09-28 23:00:00,1.481,1.487,1.467,1.481,111698.5
2024-09-29 00:00:00,1.482,1.502,1.479,1.487,257687.2
2024-09-29 01:00:00,1.487,1.512,1.481,1.511,301683.6
2024-09-29 02:00:00,1.511,1.544,1.511,1.533,1077630.0
2024-09-29 03:00:00,1.533,1.558,1.53,1.557,980349.4
2024-09-29 04:00:00,1.556,1.574,1.525,1.527,1430391.4
2024-09-29 05:00:00,1.526,1.557,1.523,1.53,654197.6
2024-09-29 06:00:00,1.529,1.538,1.507,1.511,838447.6
2024-09-29 07:00:00,1.511,1.524,1.487,1.491,485760.9
2024-09-29 08:00:00,1.491,1.503,1.482,1.493,405979.1
2024-09-29 09:00:00,1.494,1.535,1.494,1.523,584205.8
2024-09-29 10:00:00,1.523,1.533,1.505,1.532,336173.3
2024-09-29 11:00:00,1.532,1.554,1.526,1.547,633468.4
2024-09-29 12:00:00,1.546,1.548,1.505,1.505,669766.0
2024-09-29 13:00:00,1.505,1.612,1.486,1.603,2647690.5
2024-09-29 14:00:00,1.604,1.625,1.552,1.571,2929678.6
2024-09-29 15:00:00,1.57,1.675,1.562,1.664,2856554.6
2024-09-29 16:00:00,1.664,1.679,1.63,1.658,2053803.3
2024-09-29 17:00:00,1.659,1.71,1.65,1.677,1775772.6
2024-09-29 18:00:00,1.677,1.677,1.645,1.651,705961.5
2024-09-29 19:00:00,1.65,1.677,1.649,1.671,377979.9
2024-09-29 20:00:00,1.67,1.676,1.647,1.654,477886.7
2024-09-29 21:00:00,1.654,1.673,1.648,1.652,241660.7
2024-09-29 22:00:00,1.652,1.66,1.632,1.644,336535.5
2024-09-29 23:00:00,1.645,1.65,1.612,1.623,335811.8
2024-09-30 00:00:00,1.624,1.627,1.586,1.609,667723.3
2024-09-30 01:00:00,1.609,1.616,1.559,1.563,590918.3
2024-09-30 02:00:00,1.563,1.582,1.559,1.561,658697.0
2024-09-30 03:00:00,1.561,1.597,1.55,1.591,988261.1
2024-09-30 04:00:00,1.591,1.591,1.563,1.581,633933.7
2024-09-30 05:00:00,1.581,1.605,1.579,1.598,622165.9
2024-09-30 06:00:00,1.596,1.631,1.592,1.592,1181160.0
2024-09-30 07:00:00,1.592,1.659,1.592,1.636,1093727.4
2024-09-30 08:00:00,1.636,1.639,1.598,1.6,1183084.9
2024-09-30 09:00:00,1.599,1.603,1.562,1.563,1085250.9
2024-09-30 10:00:00,1.563,1.579,1.548,1.569,1138372.5
2024-09-30 11:00:00,1.568,1.577,1.552,1.575,735691.9
2024-09-30 12:00:00,1.574,1.587,1.564,1.578,571092.8
2024-09-30 13:00:00,1.578,1.584,1.56,1.561,553173.9
2024-09-30 14:00:00,1.561,1.57,1.52,1.523,1095319.1
2024-09-30 15:00:00,1.523,1.529,1.486,1.49,898094.9
2024-09-30 16:00:00,1.489,1.52,1.487,1.517,668778.5
2024-09-30 17:00:00,1.517,1.528,1.509,1.525,337449.7
2024-09-30 18:00:00,1.523,1.528,1.501,1.518,586152.6
2024-09-30 19:00:00,1.519,1.543,1.509,1.536,416805.0
2024-09-30 20:00:00,1.536,1.549,1.524,1.529,460007.9
2024-09-30 21:00:00,1.529,1.534,1.518,1.522,262493.9
2024-09-30 22:00:00,1.523,1.525,1.491,1.493,372060.4
2024-09-30 23:00:00,1.492,1.502,1.458,1.473,693687.6
2024-10-01 00:00:00,1.473,1.519,1.471,1.515,1002823.9
2024-10-01 01:00:00,1.516,1.522,1.505,1.511,411060.4
2024-10-01 02:00:00,1.511,1.515,1.493,1.513,254513.4
2024-10-01 03:00:00,1.513,1.535,1.507,1.524,505219.3
2024-10-01 04:00:00,1.524,1.538,1.518,1.527,621603.8
2024-10-01 05:00:00,1.527,1.529,1.506,1.516,462899.2
2024-10-01 06:00:00,1.516,1.542,1.514,1.539,609895.6
2024-10-01 07:00:00,1.54,1.545,1.523,1.528,732318.7
2024-10-01 08:00:00,1.529,1.575,1.526,1.546,1325542.0
2024-10-01 09:00:00,1.547,1.556,1.528,1.533,386613.2
2024-10-01 10:00:00,1.532,1.551,1.52,1.541,496902.5
2024-10-01 11:00:00,1.542,1.55,1.532,1.532,345311.9
2024-10-01 12:00:00,1.532,1.548,1.522,1.527,538962.6
2024-10-01 13:00:00,1.528,1.531,1.48,1.511,1296670.8
2024-10-01 14:00:00,1.511,1.524,1.445,1.452,1591011.4
2024-10-01 15:00:00,1.452,1.477,1.375,1.448,3139931.3
2024-10-01 16:00:00,1.448,1.456,1.385,1.413,1296680.7
2024-10-01 17:00:00,1.413,1.413,1.278,1.381,4345951.1
2024-10-01 18:00:00,1.38,1.401,1.351,1.356,1638579.7
2024-10-01 19:00:00,1.355,1.365,1.33,1.334,893699.3
2024-10-01 20:00:00,1.333,1.365,1.301,1.357,2191213.6
2024-10-01 21:00:00,1.357,1.361,1.328,1.341,651776.1
2024-10-01 22:00:00,1.341,1.341,1.313,1.326,509362.1
2024-10-01 23:00:00,1.326,1.34,1.315,1.332,633502.5
2024-10-02 00:00:00,1.333,1.376,1.329,1.369,1575153.1
2024-10-02 01:00:00,1.369,1.406,1.362,1.379,810924.0
2024-10-02 02:00:00,1.378,1.406,1.372,1.397,626852.3
2024-10-02 03:00:00,1.397,1.402,1.381,1.389,404146.1
2024-10-02 04:00:00,1.388,1.394,1.371,1.377,355208.0
2024-10-02 05:00:00,1.378,1.398,1.371,1.375,335305.6
2024-10-02 06:00:00,1.376,1.418,1.367,1.405,704771.8
2024-10-02 07:00:00,1.406,1.43,1.386,1.414,776062.0
2024-10-02 08:00:00,1.413,1.431,1.404,1.414,546594.0
2024-10-02 09:00:00,1.414,1.42,1.355,1.363,971401.9
2024-10-02 10:00:00,1.362,1.388,1.352,1.352,751140.8
2024-10-02 11:00:00,1.353,1.374,1.341,1.356,507386.2
2024-10-02 12:00:00,1.357,1.373,1.339,1.344,486620.5
2024-10-02 13:00:00,1.344,1.377,1.323,1.365,1163065.4
2024-10-02 14:00:00,1.366,1.375,1.346,1.347,619968.6
2024-10-02 15:00:00,1.346,1.384,1.345,1.376,629386.4
2024-10-02 16:00:00,1.377,1.413,1.354,1.355,1081545.8
2024-10-02 17:00:00,1.355,1.357,1.338,1.347,439442.2
2024-10-02 18:00:00,1.348,1.352,1.285,1.285,1045084.7
2024-10-02 19:00:00,1.286,1.314,1.268,1.301,1261510.1
2024-10-02 20:00:00,1.304,1.355,1.298,1.346,1236921.9
2024-10-02 21:00:00,1.345,1.359,1.325,1.346,1349779.8
2024-10-02 22:00:00,1.345,1.346,1.325,1.343,435929.8
2024-10-02 23:00:00,1.343,1.352,1.325,1.329,463171.6
2024-10-03 00:00:00,1.33,1.36,1.323,1.345,1010568.4
2024-10-03 01:00:00,1.343,1.366,1.342,1.348,478990.9
2024-10-03 02:00:00,1.349,1.366,1.343,1.357,441558.1
2024-10-03 03:00:00,1.357,1.376,1.349,1.373,418848.1
2024-10-03 04:00:00,1.373,1.374,1.351,1.359,311989.4
2024-10-03 05:00:00,1.359,1.386,1.348,1.351,1142479.0
2024-10-03 06:00:00,1.351,1.361,1.345,1.349,250949.7
2024-10-03 07:00:00,1.349,1.361,1.332,1.333,590644.9
2024-10-03 08:00:00,1.332,1.337,1.281,1.29,1210293.8
2024-10-03 09:00:00,1.289,1.316,1.27,1.313,918527.9
2024-10-03 10:00:00,1.314,1.352,1.302,1.349,1036699.1
2024-10-03 11:00:00,1.349,1.352,1.322,1.324,481348.1
2024-10-03 12:00:00,1.324,1.329,1.303,1.316,813420.0
2024-10-03 13:00:00,1.316,1.341,1.291,1.326,1102152.9
2024-10-03 14:00:00,1.326,1.363,1.307,1.31,953467.7
2024-10-03 15:00:00,1.31,1.342,1.269,1.341,1511173.8
2024-10-03 16:00:00,1.341,1.363,1.283,1.3,2697847.2
2024-10-03 17:00:00,1.299,1.33,1.282,1.316,782709.0
2024-10-03 18:00:00,1.316,1.326,1.298,1.308,371364.1
2024-10-03 19:00:00,1.307,1.329,1.296,1.327,410443.5
2024-10-03 20:00:00,1.327,1.329,1.291,1.293,650159.9
2024-10-03 21:00:00,1.294,1.307,1.275,1.302,516590.0
2024-10-03 22:00:00,1.302,1.313,1.289,1.303,195839.7
2024-10-03 23:00:00,1.303,1.316,1.29,1.305,326134.0
2024-10-04 00:00:00,1.306,1.331,1.301,1.303,526152.8
2024-10-04 01:00:00,1.303,1.353,1.303,1.348,670073.6
2024-10-04 02:00:00,1.349,1.355,1.331,1.34,379708.4
2024-10-04 03:00:00,1.342,1.342,1.316,1.324,233854.4
2024-10-04 04:00:00,1.323,1.348,1.322,1.332,317792.2
2024-10-04 05:00:00,1.332,1.362,1.33,1.352,499835.7
2024-10-04 06:00:00,1.351,1.372,1.338,1.351,827639.7
2024-10-04 07:00:00,1.349,1.371,1.343,1.359,469873.3
2024-10-04 08:00:00,1.36,1.395,1.354,1.37,1059711.1
2024-10-04 09:00:00,1.37,1.382,1.355,1.357,407523.7
2024-10-04 10:00:00,1.358,1.367,1.345,1.346,318108.5
2024-10-04 11:00:00,1.347,1.36,1.342,1.357,386689.1
2024-10-04 12:00:00,1.356,1.377,1.338,1.375,1044360.5
2024-10-04 13:00:00,1.375,1.384,1.357,1.37,1337052.4
2024-10-04 14:00:00,1.369,1.373,1.34,1.359,834991.9
2024-10-04 15:00:00,1.358,1.406,1.356,1.392,938464.9
2024-10-04 16:00:00,1.391,1.41,1.379,1.395,1145587.5
2024-10-04 17:00:00,1.395,1.411,1.377,1.386,743942.7
2024-10-04 18:00:00,1.386,1.4,1.379,1.395,431360.8
2024-10-04 19:00:00,1.395,1.402,1.391,1.398,284285.6
2024-10-04 20:00:00,1.4,1.401,1.38,1.39,288276.8
2024-10-04 21:00:00,1.391,1.393,1.37,1.373,266632.9
2024-10-04 22:00:00,1.373,1.378,1.366,1.372,150292.9
2024-10-04 23:00:00,1.372,1.373,1.364,1.373,157523.3
2024-10-05 00:00:00,1.374,1.391,1.373,1.388,383399.5
2024-10-05 01:00:00,1.389,1.394,1.369,1.381,298178.8
2024-10-05 02:00:00,1.382,1.384,1.349,1.353,300747.1
2024-10-05 03:00:00,1.353,1.36,1.345,1.347,261482.3
2024-10-05 04:00:00,1.348,1.37,1.342,1.36,227327.8
2024-10-05 05:00:00,1.361,1.396,1.361,1.392,344061.2
2024-10-05 06:00:00,1.391,1.437,1.377,1.436,876080.8
2024-10-05 07:00:00,1.437,1.441,1.418,1.431,596077.5
2024-10-05 08:00:00,1.431,1.446,1.416,1.425,521090.1
2024-10-05 09:00:00,1.425,1.465,1.423,1.451,773252.2
2024-10-05 10:00:00,1.451,1.459,1.43,1.433,717625.1
2024-10-05 11:00:00,1.433,1.441,1.429,1.432,359830.9
2024-10-05 12:00:00,1.431,1.45,1.431,1.448,304145.8
2024-10-05 13:00:00,1.449,1.449,1.407,1.41,559969.8
2024-10-05 14:00:00,1.41,1.417,1.399,1.403,397775.0
2024-10-05 15:00:00,1.404,1.408,1.389,1.401,398798.0
2024-10-05 16:00:00,1.402,1.414,1.355,1.357,817494.0
2024-10-05 17:00:00,1.356,1.374,1.351,1.366,443060.8
2024-10-05 18:00:00,1.366,1.369,1.346,1.352,268249.1
2024-10-05 19:00:00,1.352,1.353,1.331,1.337,483020.4
2024-10-05 20:00:00,1.336,1.337,1.312,1.313,422140.9
2024-10-05 21:00:00,1.313,1.339,1.312,1.327,252062.6
2024-10-05 22:00:00,1.327,1.356,1.327,1.355,304101.7
2024-10-05 23:00:00,1.356,1.356,1.346,1.354,155353.1
2024-10-06 00:00:00,1.354,1.355,1.344,1.352,129135.7
2024-10-06 01:00:00,1.353,1.373,1.348,1.37,427823.8
2024-10-06 02:00:00,1.369,1.382,1.354,1.355,319369.3
2024-10-06 03:00:00,1.356,1.36,1.341,1.342,97744.5
2024-10-06 04:00:00,1.342,1.353,1.337,1.344,155651.7
2024-10-06 05:00:00,1.342,1.356,1.341,1.348,141062.4
2024-10-06 06:00:00,1.349,1.357,1.345,1.348,182955.5
2024-10-06 07:00:00,1.349,1.367,1.349,1.357,234245.9
2024-10-06 08:00:00,1.357,1.376,1.353,1.362,489906.4
2024-10-06 09:00:00,1.362,1.374,1.355,1.365,185434.7
2024-10-06 10:00:00,1.366,1.37,1.35,1.354,371878.2
2024-10-06 11:00:00,1.354,1.368,1.349,1.359,578747.6
2024-10-06 12:00:00,1.359,1.387,1.354,1.387,616305.1
2024-10-06 13:00:00,1.387,1.4,1.382,1.384,719341.2
2024-10-06 14:00:00,1.384,1.439,1.378,1.436,1065842.2
2024-10-06 15:00:00,1.436,1.467,1.426,1.465,1150490.8
2024-10-06 16:00:00,1.465,1.496,1.454,1.458,1176800.9
2024-10-06 17:00:00,1.458,1.479,1.449,1.45,550506.1
2024-10-06 18:00:00,1.45,1.468,1.449,1.466,433326.6
2024-10-06 19:00:00,1.466,1.49,1.461,1.467,720839.4
2024-10-06 20:00:00,1.467,1.489,1.457,1.459,876852.1
2024-10-06 21:00:00,1.459,1.472,1.447,1.449,502171.7
2024-10-06 22:00:00,1.449,1.473,1.449,1.472,315632.3
2024-10-06 23:00:00,1.472,1.5,1.471,1.492,435801.9
2024-10-07 00:00:00,1.492,1.525,1.466,1.52,1230306.7
2024-10-07 01:00:00,1.52,1.536,1.501,1.528,1193241.6
2024-10-07 02:00:00,1.528,1.539,1.505,1.516,734051.5
2024-10-07 03:00:00,1.516,1.545,1.512,1.537,715668.5
2024-10-07 04:00:00,1.536,1.561,1.532,1.546,787477.4
2024-10-07 05:00:00,1.546,1.572,1.542,1.544,858104.2
2024-10-07 06:00:00,1.544,1.565,1.538,1.552,507742.8
2024-10-07 07:00:00,1.553,1.561,1.542,1.546,609741.6
2024-10-07 08:00:00,1.546,1.565,1.546,1.553,398487.5
2024-10-07 09:00:00,1.553,1.56,1.514,1.531,1160474.3
2024-10-07 10:00:00,1.531,1.532,1.502,1.514,833203.3
2024-10-07 11:00:00,1.514,1.538,1.495,1.535,902300.9
2024-10-07 12:00:00,1.536,1.536,1.515,1.518,558612.8
2024-10-07 13:00:00,1.517,1.546,1.516,1.531,545124.2
2024-10-07 14:00:00,1.531,1.554,1.521,1.531,996090.3
2024-10-07 15:00:00,1.531,1.539,1.513,1.528,1059654.3
2024-10-07 16:00:00,1.529,1.557,1.514,1.549,569829.8
2024-10-07 17:00:00,1.548,1.55,1.533,1.549,454949.7
2024-10-07 18:00:00,1.549,1.55,1.488,1.496,758279.7
2024-10-07 19:00:00,1.495,1.516,1.495,1.511,473250.1
2024-10-07 20:00:00,1.511,1.514,1.474,1.478,590863.4
2024-10-07 21:00:00,1.478,1.498,1.475,1.494,499413.6
2024-10-07 22:00:00,1.493,1.496,1.467,1.47,351444.5
2024-10-07 23:00:00,1.469,1.477,1.452,1.454,588890.9
2024-10-08 00:00:00,1.455,1.461,1.441,1.449,651400.3
2024-10-08 01:00:00,1.448,1.464,1.44,1.452,392153.9
2024-10-08 02:00:00,1.453,1.469,1.446,1.468,349294.3
2024-10-08 03:00:00,1.469,1.474,1.456,1.464,421657.4
2024-10-08 04:00:00,1.465,1.478,1.449,1.46,402805.4
2024-10-08 05:00:00,1.459,1.464,1.427,1.446,692822.5
2024-10-08 06:00:00,1.446,1.446,1.417,1.431,749779.7
2024-10-08 07:00:00,1.43,1.43,1.39,1.406,822360.9
2024-10-08 08:00:00,1.406,1.416,1.396,1.41,496268.1
2024-10-08 09:00:00,1.411,1.424,1.402,1.422,542346.1
2024-10-08 10:00:00,1.423,1.428,1.407,1.415,478183.2
2024-10-08 11:00:00,1.415,1.434,1.412,1.428,436999.0
2024-10-08 12:00:00,1.428,1.432,1.401,1.404,591817.5
2024-10-08 13:00:00,1.404,1.437,1.385,1.436,956710.7
2024-10-08 14:00:00,1.436,1.451,1.4,1.419,1003544.4
2024-10-08 15:00:00,1.42,1.426,1.383,1.402,631916.3
2024-10-08 16:00:00,1.402,1.426,1.389,1.419,697093.6
2024-10-08 17:00:00,1.42,1.422,1.389,1.399,528052.1
2024-10-08 18:00:00,1.398,1.41,1.372,1.381,577432.4
2024-10-08 19:00:00,1.38,1.391,1.367,1.387,703792.9
2024-10-08 20:00:00,1.388,1.392,1.379,1.387,383226.5
2024-10-08 21:00:00,1.387,1.4,1.382,1.395,233289.6
2024-10-08 22:00:00,1.396,1.397,1.37,1.371,307662.0
2024-10-08 23:00:00,1.371,1.373,1.357,1.362,421365.4
2024-10-09 00:00:00,1.363,1.382,1.359,1.372,313319.0
2024-10-09 01:00:00,1.372,1.409,1.37,1.4,717753.3
2024-10-09 02:00:00,1.401,1.401,1.37,1.372,293866.5
2024-10-09 03:00:00,1.371,1.385,1.363,1.381,237503.7
2024-10-09 04:00:00,1.38,1.39,1.372,1.374,177748.1
2024-10-09 05:00:00,1.373,1.407,1.373,1.403,492734.1
2024-10-09 06:00:00,1.403,1.404,1.371,1.376,369640.1
2024-10-09 07:00:00,1.376,1.377,1.359,1.365,408154.9
2024-10-09 08:00:00,1.366,1.373,1.357,1.36,263209.5
2024-10-09 09:00:00,1.36,1.378,1.359,1.378,324304.8
2024-10-09 10:00:00,1.377,1.379,1.365,1.372,149372.5
2024-10-09 11:00:00,1.372,1.378,1.366,1.372,195007.3
2024-10-09 12:00:00,1.372,1.375,1.338,1.349,717024.6
2024-10-09 13:00:00,1.349,1.355,1.335,1.336,636600.8
2024-10-09 14:00:00,1.337,1.355,1.333,1.34,440582.8
2024-10-09 15:00:00,1.341,1.381,1.34,1.373,620023.3
2024-10-09 16:00:00,1.373,1.377,1.343,1.345,460196.3
2024-10-09 17:00:00,1.345,1.356,1.336,1.345,226003.0
2024-10-09 18:00:00,1.345,1.35,1.322,1.328,574634.5
2024-10-09 19:00:00,1.327,1.338,1.322,1.331,209185.6
2024-10-09 20:00:00,1.331,1.332,1.303,1.306,591062.2
2024-10-09 21:00:00,1.306,1.327,1.301,1.326,553936.4
2024-10-09 22:00:00,1.326,1.326,1.313,1.321,290109.1
2024-10-09 23:00:00,1.322,1.326,1.315,1.317,156525.3
2024-10-10 00:00:00,1.317,1.324,1.306,1.316,423723.3
2024-10-10 01:00:00,1.316,1.329,1.316,1.324,364827.8
2024-10-10 02:00:00,1.325,1.334,1.323,1.324,277627.7
2024-10-10 03:00:00,1.323,1.334,1.323,1.326,128427.1
2024-10-10 04:00:00,1.327,1.333,1.322,1.328,162155.9
2024-10-10 05:00:00,1.328,1.349,1.321,1.342,192913.5
2024-10-10 06:00:00,1.342,1.346,1.334,1.338,383944.1
2024-10-10 07:00:00,1.337,1.338,1.316,1.316,382562.4
2024-10-10 08:00:00,1.316,1.325,1.302,1.303,801279.7
2024-10-10 09:00:00,1.303,1.316,1.288,1.31,605890.3
2024-10-10 10:00:00,1.31,1.33,1.31,1.329,345518.2
2024-10-10 11:00:00,1.329,1.339,1.328,1.337,260306.4
2024-10-10 12:00:00,1.336,1.337,1.302,1.311,662608.9
2024-10-10 13:00:00,1.311,1.328,1.293,1.307,563596.8
2024-10-10 14:00:00,1.305,1.311,1.292,1.296,470532.1
2024-10-10 15:00:00,1.297,1.31,1.286,1.309,789505.2
2024-10-10 16:00:00,1.31,1.323,1.29,1.292,340024.9
2024-10-10 17:00:00,1.292,1.303,1.267,1.279,566259.9
2024-10-10 18:00:00,1.278,1.302,1.268,1.3,783682.2
2024-10-10 19:00:00,1.299,1.308,1.29,1.303,305058.0
2024-10-10 20:00:00,1.304,1.315,1.3,1.305,312971.9
2024-10-10 21:00:00,1.305,1.321,1.299,1.32,157757.6
2024-10-10 22:00:00,1.32,1.324,1.309,1.32,246396.8
2024-10-10 23:00:00,1.32,1.329,1.318,1.328,225174.2
2024-10-11 00:00:00,1.329,1.344,1.324,1.326,406947.6
2024-10-11 01:00:00,1.325,1.343,1.316,1.335,159012.7
2024-10-11 02:00:00,1.335,1.337,1.323,1.333,346513.9
2024-10-11 03:00:00,1.334,1.342,1.333,1.334,289148.3
2024-10-11 04:00:00,1.334,1.345,1.326,1.329,254774.2
2024-10-11 05:00:00,1.329,1.338,1.323,1.325,135077.0
2024-10-11 06:00:00,1.325,1.353,1.324,1.346,407458.1
2024-10-11 07:00:00,1.347,1.361,1.342,1.349,436279.7
2024-10-11 08:00:00,1.349,1.364,1.348,1.356,412081.1
2024-10-11 09:00:00,1.357,1.381,1.356,1.37,782511.8
2024-10-11 10:00:00,1.369,1.395,1.366,1.386,952451.4
2024-10-11 11:00:00,1.386,1.39,1.379,1.38,285777.1
2024-10-11 12:00:00,1.38,1.405,1.38,1.405,430891.2
2024-10-11 13:00:00,1.404,1.605,1.391,1.53,6555562.7
2024-10-11 14:00:00,1.529,1.583,1.517,1.539,3648629.0
2024-10-11 15:00:00,1.539,1.546,1.499,1.526,2358783.0
2024-10-11 16:00:00,1.526,1.542,1.521,1.529,1374881.3
2024-10-11 17:00:00,1.528,1.546,1.517,1.527,1176076.8
2024-10-11 18:00:00,1.526,1.531,1.511,1.514,810374.0
2024-10-11 19:00:00,1.515,1.535,1.507,1.516,1431235.1
2024-10-11 20:00:00,1.515,1.527,1.513,1.517,470567.6
2024-10-11 21:00:00,1.517,1.527,1.515,1.522,421843.1
2024-10-11 22:00:00,1.521,1.537,1.514,1.535,499446.9
2024-10-11 23:00:00,1.534,1.541,1.524,1.541,418214.9
2024-10-12 00:00:00,1.54,1.556,1.531,1.539,697656.1
2024-10-12 01:00:00,1.539,1.543,1.515,1.527,920697.4
2024-10-12 02:00:00,1.528,1.532,1.519,1.526,360604.4
2024-10-12 03:00:00,1.526,1.542,1.518,1.539,358929.8
2024-10-12 04:00:00,1.539,1.55,1.533,1.534,367442.0
2024-10-12 05:00:00,1.533,1.594,1.53,1.591,1375996.8
2024-10-12 06:00:00,1.591,1.621,1.582,1.619,1400690.9
2024-10-12 07:00:00,1.619,1.668,1.608,1.655,2102303.9
2024-10-12 08:00:00,1.654,1.672,1.621,1.633,1715908.9
2024-10-12 09:00:00,1.632,1.634,1.604,1.623,1317715.3
2024-10-12 10:00:00,1.623,1.627,1.609,1.61,632683.2
2024-10-12 11:00:00,1.609,1.633,1.607,1.625,616984.9
2024-10-12 12:00:00,1.625,1.649,1.621,1.637,796768.6
2024-10-12 13:00:00,1.636,1.671,1.632,1.662,730274.1
2024-10-12 14:00:00,1.661,1.702,1.653,1.696,1477187.5
2024-10-12 15:00:00,1.696,1.699,1.664,1.681,1040833.1
2024-10-12 16:00:00,1.681,1.709,1.675,1.675,887007.5
2024-10-12 17:00:00,1.675,1.753,1.665,1.75,1980385.0
2024-10-12 18:00:00,1.749,1.773,1.727,1.737,1772168.0
2024-10-12 19:00:00,1.738,1.743,1.723,1.736,479322.2
2024-10-12 20:00:00,1.736,1.835,1.728,1.831,2167569.5
2024-10-12 21:00:00,1.831,1.833,1.8,1.815,1194227.6
2024-10-12 22:00:00,1.815,1.848,1.791,1.843,1034970.0
2024-10-12 23:00:00,1.844,1.85,1.818,1.82,913309.0
2024-10-13 00:00:00,1.819,1.836,1.795,1.81,953200.9
2024-10-13 01:00:00,1.81,1.81,1.763,1.788,1352710.0
2024-10-13 02:00:00,1.788,1.791,1.764,1.772,660818.3
2024-10-13 03:00:00,1.773,1.776,1.746,1.752,761331.1
2024-10-13 04:00:00,1.752,1.794,1.748,1.781,815240.0
2024-10-13 05:00:00,1.781,1.816,1.777,1.796,727674.4
2024-10-13 06:00:00,1.796,1.801,1.777,1.778,593516.8
2024-10-13 07:00:00,1.778,1.786,1.764,1.767,621191.2
2024-10-13 08:00:00,1.767,1.768,1.721,1.728,1005746.7
2024-10-13 09:00:00,1.728,1.752,1.727,1.743,537206.0
2024-10-13 10:00:00,1.744,1.761,1.723,1.727,854884.9
2024-10-13 11:00:00,1.726,1.731,1.71,1.711,841151.8
2024-10-13 12:00:00,1.71,1.74,1.71,1.735,583407.6
2024-10-13 13:00:00,1.734,1.756,1.72,1.746,633773.6
2024-10-13 14:00:00,1.746,1.751,1.721,1.724,982329.2
2024-10-13 15:00:00,1.723,1.744,1.691,1.713,1590926.9
2024-10-13 16:00:00,1.714,1.728,1.7,1.721,701447.5
2024-10-13 17:00:00,1.722,1.74,1.715,1.724,634263.1
2024-10-13 18:00:00,1.724,1.73,1.705,1.709,436554.6
2024-10-13 19:00:00,1.71,1.74,1.707,1.737,399921.1
2024-10-13 20:00:00,1.738,1.757,1.727,1.752,600791.5
2024-10-13 21:00:00,1.753,1.78,1.748,1.775,470022.2
2024-10-13 22:00:00,1.774,1.787,1.752,1.76,591609.7
2024-10-13 23:00:00,1.76,1.791,1.754,1.79,630955.2
2024-10-14 00:00:00,1.791,1.792,1.752,1.767,697847.5
2024-10-14 01:00:00,1.766,1.839,1.766,1.786,1349049.8
2024-10-14 02:00:00,1.785,1.796,1.76,1.794,884687.5
2024-10-14 03:00:00,1.794,1.865,1.787,1.84,1840413.7
2024-10-14 04:00:00,1.84,1.849,1.791,1.794,1160236.0
2024-10-14 05:00:00,1.794,1.803,1.756,1.764,850564.5
2024-10-14 06:00:00,1.764,1.786,1.755,1.77,666722.1
2024-10-14 07:00:00,1.77,1.82,1.765,1.81,1065447.9
2024-10-14 08:00:00,1.809,1.811,1.754,1.761,1113657.2
2024-10-14 09:00:00,1.761,1.775,1.756,1.763,477937.6
2024-10-14 10:00:00,1.764,1.795,1.757,1.783,559818.9
2024-10-14 11:00:00,1.784,1.806,1.779,1.788,717055.3
2024-10-14 12:00:00,1.788,1.789,1.765,1.775,711276.7
2024-10-14 13:00:00,1.775,1.802,1.771,1.791,597836.9
2024-10-14 14:00:00,1.79,1.816,1.781,1.789,1226970.4
2024-10-14 15:00:00,1.788,1.815,1.784,1.799,1036598.4
2024-10-14 16:00:00,1.799,1.805,1.765,1.789,861007.8
2024-10-14 17:00:00,1.79,1.806,1.782,1.782,511811.7
2024-10-14 18:00:00,1.782,1.795,1.768,1.791,477216.7
2024-10-14 19:00:00,1.79,1.798,1.779,1.782,355016.1
2024-10-14 20:00:00,1.781,1.787,1.768,1.77,363427.1
2024-10-14 21:00:00,1.77,1.784,1.767,1.77,277815.1
2024-10-14 22:00:00,1.77,1.794,1.768,1.793,379007.9
2024-10-14 23:00:00,1.793,1.796,1.76,1.764,682798.4
2024-10-15 00:00:00,1.764,1.767,1.729,1.73,995907.6
2024-10-15 01:00:00,1.73,1.745,1.726,1.74,500490.8
2024-10-15 02:00:00,1.741,1.763,1.739,1.752,297371.3
2024-10-15 03:00:00,1.752,1.753,1.732,1.734,319699.8
2024-10-15 04:00:00,1.734,1.798,1.733,1.793,926863.4
2024-10-15 05:00:00,1.792,1.794,1.751,1.767,764240.8
2024-10-15 06:00:00,1.767,1.839,1.766,1.832,1441185.6
2024-10-15 07:00:00,1.833,1.858,1.805,1.849,1132978.9
2024-10-15 08:00:00,1.849,1.874,1.773,1.78,1504969.1
2024-10-15 09:00:00,1.779,1.799,1.772,1.779,716657.5
2024-10-15 10:00:00,1.781,1.839,1.774,1.827,1249154.7
2024-10-15 11:00:00,1.827,1.829,1.737,1.755,1682539.5
2024-10-15 12:00:00,1.755,1.836,1.749,1.816,1702061.9
2024-10-15 13:00:00,1.816,1.854,1.788,1.833,1610069.6
2024-10-15 14:00:00,1.832,1.841,1.757,1.766,2391934.8
2024-10-15 15:00:00,1.766,1.798,1.722,1.783,1733227.9
2024-10-15 16:00:00,1.784,1.848,1.781,1.825,1708864.5
2024-10-15 17:00:00,1.826,1.839,1.802,1.811,962378.9
2024-10-15 18:00:00,1.81,1.827,1.804,1.816,433738.7
2024-10-15 19:00:00,1.816,1.825,1.8,1.821,377366.6
2024-10-15 20:00:00,1.82,1.831,1.778,1.782,695854.2
2024-10-15 21:00:00,1.783,1.812,1.77,1.791,784814.5
2024-10-15 22:00:00,1.79,1.828,1.783,1.819,575967.8
2024-10-15 23:00:00,1.82,1.835,1.805,1.83,272044.1
2024-10-16 00:00:00,1.831,1.848,1.793,1.796,467120.1
2024-10-16 01:00:00,1.796,1.837,1.777,1.818,800146.6
2024-10-16 02:00:00,1.817,1.937,1.816,1.935,3421614.4
2024-10-16 03:00:00,1.934,2.05,1.925,2.026,4925203.2
2024-10-16 04:00:00,2.027,2.041,1.934,1.943,2781559.1
2024-10-16 05:00:00,1.944,1.992,1.93,1.978,1639866.5
2024-10-16 06:00:00,1.978,1.979,1.892,1.892,1800083.2
2024-10-16 07:00:00,1.892,1.9,1.868,1.879,1411020.6
2024-10-16 08:00:00,1.879,1.919,1.873,1.888,1500951.5
2024-10-16 09:00:00,1.888,1.931,1.888,1.92,861318.8
2024-10-16 10:00:00,1.921,1.954,1.897,1.912,1799564.8
2024-10-16 11:00:00,1.913,1.915,1.876,1.895,1541343.0
2024-10-16 12:00:00,1.895,1.924,1.878,1.888,910992.0
2024-10-16 13:00:00,1.888,1.906,1.875,1.881,852942.7
2024-10-16 14:00:00,1.882,1.923,1.87,1.884,960528.3
2024-10-16 15:00:00,1.885,1.923,1.873,1.888,1090906.5
2024-10-16 16:00:00,1.886,1.905,1.851,1.88,1043799.3
2024-10-16 17:00:00,1.88,1.886,1.855,1.858,512484.5
2024-10-16 18:00:00,1.857,1.874,1.853,1.854,471219.9
2024-10-16 19:00:00,1.854,1.86,1.824,1.834,495608.3
2024-10-16 20:00:00,1.834,1.862,1.833,1.847,389202.2
2024-10-16 21:00:00,1.848,1.861,1.84,1.842,218749.2
2024-10-16 22:00:00,1.842,1.855,1.841,1.848,307010.7
2024-10-16 23:00:00,1.847,1.849,1.816,1.818,443898.2
2024-10-17 00:00:00,1.818,1.846,1.808,1.809,1116536.8
2024-10-17 01:00:00,1.81,1.832,1.792,1.822,842705.2
2024-10-17 02:00:00,1.822,1.831,1.804,1.809,446492.7
2024-10-17 03:00:00,1.809,1.833,1.807,1.823,432420.8
2024-10-17 04:00:00,1.823,1.834,1.805,1.805,450980.4
2024-10-17 05:00:00,1.805,1.812,1.787,1.789,764370.9
2024-10-17 06:00:00,1.789,1.8,1.778,1.78,477534.5
2024-10-17 07:00:00,1.78,1.79,1.769,1.784,507147.9
2024-10-17 08:00:00,1.785,1.803,1.783,1.795,464593.8
2024-10-17 09:00:00,1.795,1.813,1.789,1.799,505015.8
2024-10-17 10:00:00,1.799,1.804,1.774,1.794,713554.2
2024-10-17 11:00:00,1.794,1.797,1.762,1.764,764590.3
2024-10-17 12:00:00,1.763,1.787,1.76,1.778,574989.7
2024-10-17 13:00:00,1.777,1.804,1.765,1.793,666564.7
2024-10-17 14:00:00,1.795,1.796,1.751,1.753,1495911.3
2024-10-17 15:00:00,1.752,1.785,1.735,1.765,1479725.5
2024-10-17 16:00:00,1.765,1.768,1.739,1.74,520197.5
2024-10-17 17:00:00,1.74,1.749,1.71,1.722,639702.0
2024-10-17 18:00:00,1.721,1.728,1.705,1.711,539481.6
2024-10-17 19:00:00,1.711,1.725,1.708,1.714,265378.1
2024-10-17 20:00:00,1.714,1.732,1.712,1.718,295479.9
2024-10-17 21:00:00,1.717,1.723,1.703,1.706,207466.1
2024-10-17 22:00:00,1.706,1.723,1.705,1.717,186910.0
2024-10-17 23:00:00,1.716,1.727,1.71,1.725,178244.7
2024-10-18 00:00:00,1.725,1.737,1.714,1.719,448516.2
2024-10-18 01:00:00,1.719,1.758,1.717,1.75,591067.6
2024-10-18 02:00:00,1.751,1.762,1.739,1.759,505818.8
2024-10-18 03:00:00,1.76,1.76,1.735,1.739,303503.9
2024-10-18 04:00:00,1.739,1.759,1.737,1.744,751640.3
2024-10-18 05:00:00,1.745,1.751,1.732,1.749,387745.1
2024-10-18 06:00:00,1.749,1.785,1.745,1.785,747284.8
2024-10-18 07:00:00,1.785,1.8,1.776,1.788,603851.9
2024-10-18 08:00:00,1.787,1.83,1.784,1.81,1293251.3
2024-10-18 09:00:00,1.811,1.819,1.766,1.769,1062197.2
2024-10-18 10:00:00,1.77,1.789,1.763,1.777,714234.9
2024-10-18 11:00:00,1.777,1.804,1.774,1.79,646792.3
2024-10-18 12:00:00,1.79,1.804,1.758,1.763,640363.3
2024-10-18 13:00:00,1.763,1.795,1.762,1.781,742231.0
2024-10-18 14:00:00,1.781,1.791,1.762,1.783,817449.5
2024-10-18 15:00:00,1.783,1.835,1.783,1.833,1041440.7
2024-10-18 16:00:00,1.833,1.868,1.818,1.846,1347945.8
2024-10-18 17:00:00,1.847,1.85,1.817,1.825,755701.4
2024-10-18 18:00:00,1.825,1.832,1.818,1.82,393096.0
2024-10-18 19:00:00,1.82,1.821,1.798,1.8,406850.5
2024-10-18 20:00:00,1.8,1.805,1.792,1.793,321968.3
2024-10-18 21:00:00,1.792,1.794,1.778,1.778,263392.8
2024-10-18 22:00:00,1.777,1.783,1.766,1.778,202062.3
2024-10-18 23:00:00,1.778,1.791,1.777,1.786,157594.3
2024-10-19 00:00:00,1.786,1.786,1.767,1.769,366924.7
2024-10-19 01:00:00,1.769,1.78,1.728,1.738,1063190.3
2024-10-19 02:00:00,1.739,1.77,1.736,1.761,476059.1
2024-10-19 03:00:00,1.761,1.811,1.76,1.789,871418.0
2024-10-19 04:00:00,1.791,1.802,1.782,1.784,310221.4
2024-10-19 05:00:00,1.784,1.795,1.776,1.793,301081.4
2024-10-19 06:00:00,1.793,1.803,1.773,1.801,581897.5
2024-10-19 07:00:00,1.801,1.86,1.793,1.807,2316899.3
2024-10-19 08:00:00,1.807,1.822,1.798,1.81,385349.6
2024-10-19 09:00:00,1.81,1.825,1.799,1.8,374710.5
2024-10-19 10:00:00,1.799,1.81,1.777,1.783,317037.4
2024-10-19 11:00:00,1.783,1.789,1.756,1.757,308285.3
2024-10-19 12:00:00,1.757,1.798,1.757,1.794,293093.8
2024-10-19 13:00:00,1.794,1.827,1.782,1.823,907315.0
2024-10-19 14:00:00,1.823,1.837,1.807,1.821,825798.0
2024-10-19 15:00:00,1.821,1.834,1.798,1.8,617422.0
2024-10-19 16:00:00,1.8,1.802,1.777,1.779,488317.2
2024-10-19 17:00:00,1.779,1.807,1.759,1.765,717563.3
2024-10-19 18:00:00,1.765,1.781,1.759,1.774,420996.6
2024-10-19 19:00:00,1.774,1.781,1.76,1.762,166121.2
2024-10-19 20:00:00,1.762,1.773,1.762,1.763,172128.4
2024-10-19 21:00:00,1.763,1.78,1.762,1.764,236381.1
2024-10-19 22:00:00,1.764,1.787,1.759,1.785,254277.5
2024-10-19 23:00:00,1.785,1.798,1.783,1.787,212688.3
2024-10-20 00:00:00,1.788,1.794,1.777,1.778,246384.4
2024-10-20 01:00:00,1.778,1.809,1.77,1.804,437844.2
2024-10-20 02:00:00,1.805,1.819,1.787,1.79,457117.2
2024-10-20 03:00:00,1.792,1.803,1.765,1.769,1015331.1
2024-10-20 04:00:00,1.768,1.802,1.758,1.77,503911.6
2024-10-20 05:00:00,1.769,1.778,1.736,1.748,1091597.7
2024-10-20 06:00:00,1.748,1.76,1.74,1.759,511712.7
2024-10-20 07:00:00,1.759,1.778,1.744,1.746,518595.8
2024-10-20 08:00:00,1.746,1.769,1.746,1.751,412953.6
2024-10-20 09:00:00,1.751,1.773,1.745,1.766,293385.2
2024-10-20 10:00:00,1.765,1.774,1.754,1.76,282900.3
2024-10-20 11:00:00,1.761,1.777,1.76,1.777,244253.3
2024-10-20 12:00:00,1.778,1.787,1.735,1.736,686650.8
2024-10-20 13:00:00,1.736,1.762,1.725,1.759,979878.1
2024-10-20 14:00:00,1.759,1.81,1.757,1.809,1773620.2
2024-10-20 15:00:00,1.81,1.825,1.8,1.819,1749654.7
2024-10-20 16:00:00,1.818,1.82,1.789,1.79,557835.9
2024-10-20 17:00:00,1.79,1.807,1.776,1.791,426714.9
2024-10-20 18:00:00,1.791,1.81,1.79,1.805,221033.1
2024-10-20 19:00:00,1.805,1.805,1.784,1.788,163900.4
2024-10-20 20:00:00,1.788,1.817,1.787,1.809,401194.5
2024-10-20 21:00:00,1.81,1.81,1.794,1.799,358049.8
2024-10-20 22:00:00,1.8,1.826,1.798,1.815,482616.3
2024-10-20 23:00:00,1.815,1.823,1.797,1.808,486280.4
2024-10-21 00:00:00,1.807,1.829,1.776,1.778,1299610.8
2024-10-21 01:00:00,1.778,1.792,1.768,1.775,1027889.4
2024-10-21 02:00:00,1.775,1.78,1.748,1.751,461693.2
2024-10-21 03:00:00,1.752,1.769,1.747,1.763,310350.9
2024-10-21 04:00:00,1.764,1.77,1.757,1.767,302929.8
2024-10-21 05:00:00,1.767,1.782,1.765,1.775,546446.9
2024-10-21 06:00:00,1.775,1.786,1.751,1.755,493063.5
2024-10-21 07:00:00,1.755,1.763,1.745,1.746,306967.5
2024-10-21 08:00:00,1.747,1.759,1.736,1.737,432371.5
2024-10-21 09:00:00,1.737,1.749,1.723,1.741,626655.8
2024-10-21 10:00:00,1.74,1.743,1.726,1.732,284822.4
2024-10-21 11:00:00,1.731,1.741,1.723,1.725,250462.0
2024-10-21 12:00:00,1.725,1.733,1.71,1.718,466009.8
2024-10-21 13:00:00,1.719,1.726,1.681,1.7,1060969.3
2024-10-21 14:00:00,1.699,1.718,1.685,1.706,626187.2
2024-10-21 15:00:00,1.706,1.734,1.697,1.734,630411.6
2024-10-21 16:00:00,1.734,1.741,1.711,1.738,819383.5
2024-10-21 17:00:00,1.738,1.75,1.733,1.738,631630.2
2024-10-21 18:00:00,1.738,1.744,1.73,1.738,381742.2
2024-10-21 19:00:00,1.739,1.75,1.736,1.745,354754.7
2024-10-21 20:00:00,1.745,1.748,1.737,1.742,135038.0
2024-10-21 21:00:00,1.743,1.749,1.741,1.747,141152.7
2024-10-21 22:00:00,1.746,1.761,1.733,1.735,1194787.6
2024-10-21 23:00:00,1.734,1.735,1.707,1.708,281008.3
2024-10-22 00:00:00,1.709,1.747,1.704,1.742,497458.4
2024-10-22 01:00:00,1.743,1.754,1.734,1.735,356683.1
2024-10-22 02:00:00,1.735,1.749,1.72,1.723,263224.4
2024-10-22 03:00:00,1.724,1.731,1.722,1.726,240817.8
2024-10-22 04:00:00,1.726,1.728,1.711,1.718,261669.2
2024-10-22 05:00:00,1.717,1.74,1.715,1.731,161297.6
2024-10-22 06:00:00,1.731,1.743,1.727,1.728,217007.4
2024-10-22 07:00:00,1.728,1.739,1.723,1.725,231254.6
2024-10-22 08:00:00,1.725,1.73,1.704,1.704,345109.8
2024-10-22 09:00:00,1.705,1.71,1.686,1.694,525814.5
2024-10-22 10:00:00,1.695,1.712,1.686,1.709,253444.7
2024-10-22 11:00:00,1.709,1.716,1.7,1.7,240458.3
2024-10-22 12:00:00,1.7,1.711,1.688,1.694,405791.7
2024-10-22 13:00:00,1.693,1.699,1.667,1.683,578807.4
2024-10-22 14:00:00,1.684,1.709,1.678,1.703,427493.8
2024-10-22 15:00:00,1.702,1.707,1.677,1.686,445846.8
2024-10-22 16:00:00,1.686,1.689,1.669,1.67,298960.2
2024-10-22 17:00:00,1.671,1.695,1.67,1.691,353460.0
2024-10-22 18:00:00,1.69,1.695,1.68,1.68,216429.8
2024-10-22 19:00:00,1.68,1.695,1.68,1.688,161803.2
2024-10-22 20:00:00,1.689,1.696,1.685,1.691,191669.1
2024-10-22 21:00:00,1.691,1.694,1.682,1.69,81914.8
2024-10-22 22:00:00,1.69,1.71,1.688,1.706,305552.3
2024-10-22 23:00:00,1.706,1.737,1.699,1.733,1444777.8
2024-10-23 00:00:00,1.733,1.745,1.723,1.723,448310.9
2024-10-23 01:00:00,1.723,1.736,1.719,1.723,95882.9
2024-10-23 02:00:00,1.723,1.734,1.712,1.714,329869.7
2024-10-23 03:00:00,1.713,1.721,1.698,1.715,187805.4
2024-10-23 04:00:00,1.716,1.719,1.706,1.708,112288.0
2024-10-23 05:00:00,1.708,1.709,1.691,1.697,145216.0
2024-10-23 06:00:00,1.698,1.721,1.694,1.701,145817.3
2024-10-23 07:00:00,1.7,1.705,1.681,1.689,192623.7
2024-10-23 08:00:00,1.689,1.71,1.681,1.685,246096.5
2024-10-23 09:00:00,1.685,1.688,1.672,1.679,344447.8
2024-10-23 10:00:00,1.679,1.688,1.661,1.662,197056.3
2024-10-23 11:00:00,1.663,1.675,1.65,1.652,215801.4
2024-10-23 12:00:00,1.652,1.666,1.647,1.663,258424.4
2024-10-23 13:00:00,1.662,1.683,1.659,1.676,211076.7
2024-10-23 14:00:00,1.675,1.677,1.654,1.656,219138.1
2024-10-23 15:00:00,1.656,1.657,1.626,1.64,564869.5
2024-10-23 16:00:00,1.641,1.646,1.621,1.623,404360.4
2024-10-23 17:00:00,1.622,1.655,1.622,1.637,252822.9
2024-10-23 18:00:00,1.636,1.652,1.618,1.649,501556.8
2024-10-23 19:00:00,1.649,1.665,1.643,1.661,210593.7
2024-10-23 20:00:00,1.662,1.714,1.657,1.678,523909.3
2024-10-23 21:00:00,1.678,1.681,1.658,1.669,347371.6
2024-10-23 22:00:00,1.67,1.678,1.664,1.668,84350.1
2024-10-23 23:00:00,1.668,1.695,1.666,1.688,276545.2
2024-10-24 00:00:00,1.689,1.726,1.675,1.726,358827.0
2024-10-24 01:00:00,1.726,1.735,1.712,1.724,454376.8
2024-10-24 02:00:00,1.725,1.738,1.713,1.735,285079.1
2024-10-24 03:00:00,1.736,1.74,1.723,1.724,326151.2
2024-10-24 04:00:00,1.723,1.746,1.721,1.741,229069.0
2024-10-24 05:00:00,1.742,1.747,1.73,1.733,162336.0
2024-10-24 06:00:00,1.734,1.746,1.719,1.719,528784.7
2024-10-24 07:00:00,1.719,1.727,1.709,1.711,409362.8
2024-10-24 08:00:00,1.711,1.719,1.679,1.679,388491.3
2024-10-24 09:00:00,1.679,1.689,1.665,1.668,442884.9
2024-10-24 10:00:00,1.668,1.681,1.664,1.671,254649.7
2024-10-24 11:00:00,1.67,1.682,1.667,1.679,185254.7
2024-10-24 12:00:00,1.679,1.727,1.678,1.725,598761.4
2024-10-24 13:00:00,1.725,1.755,1.719,1.73,947989.0
2024-10-24 14:00:00,1.731,1.734,1.706,1.706,494927.3
2024-10-24 15:00:00,1.706,1.723,1.703,1.707,442538.9
2024-10-24 16:00:00,1.708,1.715,1.698,1.701,347426.3
2024-10-24 17:00:00,1.701,1.708,1.687,1.702,366683.5
2024-10-24 18:00:00,1.703,1.714,1.7,1.705,461017.3
2024-10-24 19:00:00,1.703,1.714,1.7,1.705,373220.1
2024-10-24 20:00:00,1.705,1.709,1.69,1.692,361315.8
2024-10-24 21:00:00,1.693,1.731,1.69,1.701,490675.6
2024-10-24 22:00:00,1.7,1.76,1.683,1.684,648143.3
2024-10-24 23:00:00,1.684,1.7,1.677,1.698,171132.5
2024-10-25 00:00:00,1.698,1.706,1.674,1.675,409669.5
2024-10-25 01:00:00,1.675,1.675,1.656,1.661,236509.1
2024-10-25 02:00:00,1.661,1.669,1.654,1.659,155411.8
2024-10-25 03:00:00,1.66,1.68,1.658,1.662,291203.8
2024-10-25 04:00:00,1.661,1.664,1.609,1.61,807478.5
2024-10-25 05:00:00,1.611,1.62,1.592,1.62,584509.0
2024-10-25 06:00:00,1.62,1.627,1.61,1.618,207076.0
2024-10-25 07:00:00,1.617,1.621,1.601,1.619,306289.1
2024-10-25 08:00:00,1.62,1.63,1.604,1.629,283739.9
2024-10-25 09:00:00,1.629,1.636,1.623,1.635,360913.9
2024-10-25 10:00:00,1.634,1.644,1.625,1.641,217588.7
2024-10-25 11:00:00,1.641,1.646,1.635,1.643,276860.6
2024-10-25 12:00:00,1.643,1.66,1.628,1.629,402903.9
2024-10-25 13:00:00,1.629,1.658,1.626,1.655,330571.2
2024-10-25 14:00:00,1.656,1.662,1.643,1.65,516831.4
2024-10-25 15:00:00,1.649,1.664,1.619,1.628,428908.8
2024-10-25 16:00:00,1.629,1.643,1.607,1.622,1115949.8
2024-10-25 17:00:00,1.623,1.629,1.58,1.583,457130.0
2024-10-25 18:00:00,1.583,1.639,1.568,1.614,1019940.0
2024-10-25 19:00:00,1.613,1.619,1.606,1.612,186684.9
2024-10-25 20:00:00,1.612,1.619,1.605,1.61,223149.5
2024-10-25 21:00:00,1.611,1.625,1.61,1.623,175650.0
2024-10-25 22:00:00,1.623,1.624,1.596,1.598,135148.5
2024-10-25 23:00:00,1.598,1.602,1.404,1.497,4113073.3
2024-10-26 00:00:00,1.496,1.526,1.464,1.516,1635885.8
2024-10-26 01:00:00,1.517,1.522,1.488,1.49,567630.7
2024-10-26 02:00:00,1.49,1.511,1.478,1.498,499349.8
2024-10-26 03:00:00,1.499,1.514,1.493,1.508,233762.7
2024-10-26 04:00:00,1.508,1.53,1.501,1.525,574717.3
2024-10-26 05:00:00,1.524,1.529,1.518,1.519,348747.6
2024-10-26 06:00:00,1.518,1.53,1.512,1.527,221860.6
2024-10-26 07:00:00,1.526,1.564,1.522,1.549,675201.5
2024-10-26 08:00:00,1.549,1.565,1.549,1.549,345083.5
2024-10-26 09:00:00,1.55,1.56,1.542,1.546,179248.9
2024-10-26 10:00:00,1.547,1.56,1.543,1.55,362415.9
2024-10-26 11:00:00,1.551,1.552,1.543,1.549,195939.8
2024-10-26 12:00:00,1.549,1.552,1.53,1.53,237969.3
2024-10-26 13:00:00,1.529,1.534,1.514,1.519,430787.6
2024-10-26 14:00:00,1.519,1.524,1.487,1.488,397512.4
2024-10-26 15:00:00,1.488,1.51,1.486,1.494,310359.0
2024-10-26 16:00:00,1.494,1.52,1.493,1.516,352107.4
2024-10-26 17:00:00,1.516,1.527,1.512,1.517,228637.4
2024-10-26 18:00:00,1.517,1.525,1.511,1.514,114218.3
2024-10-26 19:00:00,1.514,1.529,1.514,1.527,125608.6
2024-10-26 20:00:00,1.528,1.546,1.525,1.528,171738.7
2024-10-26 21:00:00,1.529,1.537,1.527,1.531,69325.4
2024-10-26 22:00:00,1.529,1.536,1.528,1.535,79849.6
2024-10-26 23:00:00,1.534,1.536,1.528,1.531,121778.6
2024-10-27 00:00:00,1.531,1.538,1.523,1.525,95396.6
2024-10-27 01:00:00,1.524,1.533,1.512,1.531,546031.5
2024-10-27 02:00:00,1.531,1.536,1.519,1.52,86825.4
2024-10-27 03:00:00,1.52,1.545,1.516,1.543,214904.8
2024-10-27 04:00:00,1.543,1.543,1.52,1.52,246887.6
2024-10-27 05:00:00,1.52,1.53,1.517,1.525,176602.6
2024-10-27 06:00:00,1.524,1.526,1.515,1.519,196017.0
2024-10-27 07:00:00,1.519,1.527,1.516,1.518,216734.1
2024-10-27 08:00:00,1.518,1.528,1.518,1.52,296177.0
2024-10-27 09:00:00,1.52,1.521,1.495,1.515,314233.0
2024-10-27 10:00:00,1.516,1.518,1.499,1.504,290423.8
2024-10-27 11:00:00,1.504,1.516,1.502,1.508,193198.9
2024-10-27 12:00:00,1.507,1.532,1.507,1.53,393652.6
2024-10-27 13:00:00,1.53,1.557,1.53,1.536,415282.1
2024-10-27 14:00:00,1.537,1.549,1.535,1.542,188772.3
2024-10-27 15:00:00,1.543,1.553,1.538,1.552,197355.5
2024-10-27 16:00:00,1.552,1.568,1.545,1.554,174725.7
2024-10-27 17:00:00,1.555,1.564,1.545,1.549,215116.4
2024-10-27 18:00:00,1.55,1.555,1.544,1.544,150022.8
2024-10-27 19:00:00,1.545,1.557,1.538,1.546,111716.0
2024-10-27 20:00:00,1.546,1.552,1.538,1.539,129575.8
2024-10-27 21:00:00,1.54,1.569,1.538,1.567,185784.8
2024-10-27 22:00:00,1.568,1.581,1.565,1.565,250791.3
2024-10-27 23:00:00,1.567,1.574,1.552,1.555,121311.1
2024-10-28 00:00:00,1.555,1.564,1.543,1.544,282595.4
2024-10-28 01:00:00,1.544,1.548,1.528,1.53,300119.4
2024-10-28 02:00:00,1.529,1.538,1.504,1.51,834290.9
2024-10-28 03:00:00,1.51,1.518,1.485,1.489,359971.5
2024-10-28 04:00:00,1.488,1.503,1.475,1.487,379871.5
2024-10-28 05:00:00,1.486,1.498,1.47,1.494,449512.0
2024-10-28 06:00:00,1.494,1.498,1.483,1.493,233042.5
2024-10-28 07:00:00,1.494,1.535,1.494,1.513,769498.5
2024-10-28 08:00:00,1.513,1.524,1.508,1.51,336072.8
2024-10-28 09:00:00,1.511,1.528,1.497,1.527,568804.1
2024-10-28 10:00:00,1.527,1.553,1.523,1.531,1199881.1
2024-10-28 11:00:00,1.531,1.536,1.517,1.518,263460.3
2024-10-28 12:00:00,1.518,1.528,1.505,1.514,674077.8
2024-10-28 13:00:00,1.514,1.527,1.494,1.495,618220.6
2024-10-28 14:00:00,1.496,1.507,1.478,1.486,569014.6
2024-10-28 15:00:00,1.487,1.487,1.454,1.454,649105.6
2024-10-28 16:00:00,1.454,1.473,1.438,1.441,603844.5
2024-10-28 17:00:00,1.441,1.458,1.42,1.445,654827.3
2024-10-28 18:00:00,1.445,1.462,1.443,1.459,333504.8
2024-10-28 19:00:00,1.457,1.488,1.457,1.483,676677.3
2024-10-28 20:00:00,1.483,1.492,1.481,1.488,182307.6
2024-10-28 21:00:00,1.489,1.515,1.481,1.514,290571.7
2024-10-28 22:00:00,1.515,1.585,1.515,1.569,1372603.9
2024-10-28 23:00:00,1.57,1.596,1.567,1.579,1092980.6
2024-10-29 00:00:00,1.58,1.586,1.556,1.583,527598.0
2024-10-29 01:00:00,1.583,1.623,1.58,1.603,712059.2
2024-10-29 02:00:00,1.603,1.651,1.595,1.624,1460300.7
2024-10-29 03:00:00,1.623,1.64,1.623,1.636,452697.2
2024-10-29 04:00:00,1.637,1.649,1.632,1.638,342482.9
2024-10-29 05:00:00,1.638,1.645,1.628,1.638,353963.7
2024-10-29 06:00:00,1.638,1.651,1.633,1.642,377965.7
2024-10-29 07:00:00,1.642,1.666,1.636,1.655,598458.5
2024-10-29 08:00:00,1.656,1.699,1.65,1.69,1235190.2
2024-10-29 09:00:00,1.691,1.724,1.675,1.709,1202887.4
2024-10-29 10:00:00,1.71,1.71,1.678,1.691,831888.5
2024-10-29 11:00:00,1.691,1.708,1.683,1.688,889398.9
2024-10-29 12:00:00,1.688,1.695,1.661,1.662,724789.3
2024-10-29 13:00:00,1.663,1.691,1.661,1.676,932587.9
2024-10-29 14:00:00,1.676,1.687,1.666,1.679,639185.7
2024-10-29 15:00:00,1.68,1.703,1.673,1.695,863799.5
2024-10-29 16:00:00,1.695,1.718,1.69,1.715,964544.3
2024-10-29 17:00:00,1.715,1.719,1.695,1.704,573031.2
2024-10-29 18:00:00,1.704,1.721,1.697,1.718,448503.6
2024-10-29 19:00:00,1.719,1.726,1.685,1.69,981650.9
2024-10-29 20:00:00,1.69,1.698,1.669,1.692,540711.0
2024-10-29 21:00:00,1.69,1.696,1.681,1.682,227876.8
2024-10-29 22:00:00,1.682,1.698,1.682,1.689,267438.4
2024-10-29 23:00:00,1.689,1.703,1.686,1.701,185890.9
2024-10-30 00:00:00,1.702,1.71,1.684,1.689,381165.3
2024-10-30 01:00:00,1.69,1.695,1.672,1.694,368782.7
2024-10-30 02:00:00,1.694,1.7,1.683,1.695,204613.6
2024-10-30 03:00:00,1.695,1.703,1.683,1.686,273269.3
2024-10-30 04:00:00,1.686,1.723,1.686,1.723,300516.3
2024-10-30 05:00:00,1.722,1.733,1.693,1.7,303354.7
2024-10-30 06:00:00,1.699,1.72,1.696,1.696,376316.6
2024-10-30 07:00:00,1.696,1.712,1.689,1.695,337628.4
2024-10-30 08:00:00,1.695,1.709,1.68,1.681,384030.2
2024-10-30 09:00:00,1.681,1.691,1.675,1.682,334890.2
2024-10-30 10:00:00,1.681,1.684,1.65,1.653,499470.1
2024-10-30 11:00:00,1.653,1.661,1.626,1.627,613206.2
2024-10-30 12:00:00,1.628,1.651,1.618,1.647,568412.0
2024-10-30 13:00:00,1.648,1.657,1.628,1.656,422719.6
2024-10-30 14:00:00,1.657,1.699,1.655,1.679,866311.1
2024-10-30 15:00:00,1.679,1.684,1.64,1.643,582200.8
2024-10-30 16:00:00,1.642,1.654,1.633,1.645,189620.9
2024-10-30 17:00:00,1.645,1.648,1.62,1.636,655606.9
2024-10-30 18:00:00,1.636,1.648,1.632,1.632,198065.0
2024-10-30 19:00:00,1.633,1.647,1.632,1.637,219760.3
2024-10-30 20:00:00,1.637,1.657,1.629,1.649,298737.3
2024-10-30 21:00:00,1.649,1.65,1.629,1.639,196140.7
2024-10-30 22:00:00,1.639,1.643,1.631,1.639,148698.3
2024-10-30 23:00:00,1.639,1.65,1.636,1.637,191373.1
2024-10-31 00:00:00,1.638,1.645,1.621,1.625,284810.6
2024-10-31 01:00:00,1.624,1.628,1.601,1.614,357193.0
2024-10-31 02:00:00,1.614,1.616,1.602,1.608,186173.9
2024-10-31 03:00:00,1.608,1.611,1.59,1.594,316725.4
2024-10-31 04:00:00,1.593,1.604,1.588,1.591,637254.8
2024-10-31 05:00:00,1.591,1.605,1.59,1.591,324701.3
2024-10-31 06:00:00,1.591,1.6,1.58,1.582,455955.1
2024-10-31 07:00:00,1.581,1.593,1.571,1.585,282651.5
2024-10-31 08:00:00,1.585,1.594,1.569,1.588,367531.5
2024-10-31 09:00:00,1.588,1.596,1.584,1.585,305585.7
2024-10-31 10:00:00,1.584,1.61,1.579,1.609,331213.6
2024-10-31 11:00:00,1.609,1.611,1.587,1.592,316279.6
2024-10-31 12:00:00,1.592,1.604,1.586,1.593,366867.5
2024-10-31 13:00:00,1.593,1.598,1.579,1.589,414007.3
2024-10-31 14:00:00,1.589,1.596,1.56,1.578,735723.8
2024-10-31 15:00:00,1.578,1.593,1.573,1.585,358698.3
2024-10-31 16:00:00,1.585,1.591,1.576,1.581,313524.1
2024-10-31 17:00:00,1.581,1.61,1.576,1.6,498659.9
2024-10-31 18:00:00,1.6,1.6,1.569,1.59,536827.9
2024-10-31 19:00:00,1.589,1.597,1.578,1.582,400074.6
2024-10-31 20:00:00,1.582,1.603,1.581,1.601,329846.9
2024-10-31 21:00:00,1.6,1.62,1.586,1.615,360699.8
2024-10-31 22:00:00,1.615,1.62,1.597,1.607,230315.4
2024-10-31 23:00:00,1.609,1.636,1.607,1.628,571895.7
2024-11-01 00:00:00,1.628,1.652,1.624,1.625,603519.7
2024-11-01 01:00:00,1.625,1.635,1.599,1.614,811187.4
2024-11-01 02:00:00,1.613,1.633,1.586,1.632,849806.6
2024-11-01 03:00:00,1.631,1.69,1.625,1.669,2112008.1
2024-11-01 04:00:00,1.669,1.675,1.639,1.644,774852.0
2024-11-01 05:00:00,1.645,1.656,1.632,1.637,286566.4
2024-11-01 06:00:00,1.637,1.639,1.596,1.6,720969.9
2024-11-01 07:00:00,1.6,1.604,1.565,1.601,817948.0
2024-11-01 08:00:00,1.601,1.633,1.598,1.606,662038.1
2024-11-01 09:00:00,1.606,1.651,1.596,1.648,609987.3
2024-11-01 10:00:00,1.649,1.659,1.632,1.645,633426.3
2024-11-01 11:00:00,1.644,1.664,1.638,1.655,342834.8
2024-11-01 12:00:00,1.655,1.67,1.64,1.66,615176.2
2024-11-01 13:00:00,1.659,1.692,1.649,1.685,698613.2
2024-11-01 14:00:00,1.685,1.693,1.674,1.692,828872.9
2024-11-01 15:00:00,1.693,1.693,1.614,1.625,1442791.1
2024-11-01 16:00:00,1.626,1.679,1.62,1.675,1024880.5
2024-11-01 17:00:00,1.676,1.71,1.667,1.702,1460627.0
2024-11-01 18:00:00,1.703,1.704,1.675,1.679,809821.0
2024-11-01 19:00:00,1.679,1.688,1.667,1.681,506055.3
2024-11-01 20:00:00,1.683,1.708,1.678,1.684,520834.7
2024-11-01 21:00:00,1.683,1.685,1.626,1.645,848418.0
2024-11-01 22:00:00,1.645,1.67,1.642,1.658,345518.4
2024-11-01 23:00:00,1.658,1.677,1.65,1.676,341774.3
2024-11-02 00:00:00,1.677,1.69,1.652,1.652,369352.2
2024-11-02 01:00:00,1.653,1.672,1.646,1.663,321468.6
2024-11-02 02:00:00,1.662,1.674,1.647,1.648,196528.8
2024-11-02 03:00:00,1.649,1.657,1.637,1.638,378448.2
2024-11-02 04:00:00,1.638,1.658,1.636,1.64,265629.3
2024-11-02 05:00:00,1.641,1.66,1.633,1.656,219094.6
2024-11-02 06:00:00,1.658,1.662,1.631,1.634,269974.7
2024-11-02 07:00:00,1.634,1.641,1.63,1.634,437661.4
2024-11-02 08:00:00,1.636,1.65,1.626,1.628,216733.1
2024-11-02 09:00:00,1.628,1.63,1.603,1.605,272947.3
2024-11-02 10:00:00,1.604,1.61,1.592,1.594,498759.3
2024-11-02 11:00:00,1.594,1.605,1.593,1.598,117332.5
2024-11-02 12:00:00,1.598,1.604,1.554,1.557,819067.7
2024-11-02 13:00:00,1.558,1.572,1.536,1.539,729112.8
2024-11-02 14:00:00,1.54,1.547,1.511,1.518,986325.9
2024-11-02 15:00:00,1.518,1.525,1.5,1.52,826157.4
2024-11-02 16:00:00,1.52,1.563,1.511,1.557,538062.3
2024-11-02 17:00:00,1.557,1.557,1.525,1.532,459260.8
2024-11-02 18:00:00,1.532,1.549,1.519,1.528,454003.6
2024-11-02 19:00:00,1.528,1.535,1.52,1.529,262594.1
2024-11-02 20:00:00,1.529,1.573,1.527,1.573,360467.4
2024-11-02 21:00:00,1.573,1.599,1.568,1.568,589081.7
2024-11-02 22:00:00,1.568,1.583,1.56,1.582,224727.8
2024-11-02 23:00:00,1.581,1.597,1.568,1.588,422596.0
2024-11-03 00:00:00,1.589,1.643,1.588,1.609,994832.4
2024-11-03 01:00:00,1.609,1.617,1.581,1.583,424898.4
2024-11-03 02:00:00,1.584,1.601,1.536,1.557,1361941.2
2024-11-03 03:00:00,1.556,1.588,1.537,1.574,1182999.8
2024-11-03 04:00:00,1.574,1.579,1.565,1.569,526667.9
2024-11-03 05:00:00,1.569,1.587,1.561,1.564,191141.3
2024-11-03 06:00:00,1.563,1.631,1.562,1.613,1445517.8
2024-11-03 07:00:00,1.613,1.616,1.596,1.6,452854.3
2024-11-03 08:00:00,1.599,1.603,1.588,1.595,402969.3
2024-11-03 09:00:00,1.595,1.596,1.553,1.559,614788.1
2024-11-03 10:00:00,1.559,1.593,1.557,1.57,373191.0
2024-11-03 11:00:00,1.57,1.584,1.557,1.565,445935.4
2024-11-03 12:00:00,1.565,1.57,1.527,1.531,679883.7
2024-11-03 13:00:00,1.531,1.531,1.468,1.471,1622954.8
2024-11-03 14:00:00,1.471,1.495,1.451,1.457,1450657.2
2024-11-03 15:00:00,1.455,1.566,1.445,1.544,2208409.8
2024-11-03 16:00:00,1.543,1.57,1.512,1.534,1896413.8
2024-11-03 17:00:00,1.534,1.55,1.526,1.528,543393.4
2024-11-03 18:00:00,1.529,1.532,1.498,1.509,789129.0
2024-11-03 19:00:00,1.507,1.598,1.506,1.595,1022657.9
2024-11-03 20:00:00,1.596,1.648,1.583,1.644,1149472.3
2024-11-03 21:00:00,1.643,1.677,1.638,1.674,1184835.4
2024-11-03 22:00:00,1.674,1.686,1.658,1.668,996057.3
2024-11-03 23:00:00,1.667,1.671,1.642,1.649,1149379.7
2024-11-04 00:00:00,1.649,1.683,1.638,1.68,1131891.0
2024-11-04 01:00:00,1.681,1.706,1.657,1.702,1406934.4
2024-11-04 02:00:00,1.702,1.734,1.691,1.726,1836983.4
2024-11-04 03:00:00,1.726,1.728,1.67,1.671,1333312.9
2024-11-04 04:00:00,1.671,1.676,1.642,1.649,1036653.3
2024-11-04 05:00:00,1.65,1.652,1.633,1.639,922034.6
2024-11-04 06:00:00,1.641,1.657,1.633,1.638,794432.6
2024-11-04 07:00:00,1.639,1.651,1.624,1.628,510196.3
2024-11-04 08:00:00,1.628,1.635,1.607,1.608,671294.7
2024-11-04 09:00:00,1.608,1.628,1.6,1.614,813583.5
2024-11-04 10:00:00,1.614,1.636,1.608,1.616,774393.2
2024-11-04 11:00:00,1.615,1.647,1.608,1.639,634443.3
2024-11-04 12:00:00,1.64,1.668,1.623,1.63,1170895.6
2024-11-04 13:00:00,1.631,1.664,1.611,1.611,852757.7
2024-11-04 14:00:00,1.612,1.644,1.605,1.626,850278.3
2024-11-04 15:00:00,1.626,1.636,1.613,1.63,533320.6
2024-11-04 16:00:00,1.63,1.639,1.602,1.613,736855.2
2024-11-04 17:00:00,1.614,1.654,1.611,1.651,909909.1
2024-11-04 18:00:00,1.649,1.651,1.614,1.621,711989.0
2024-11-04 19:00:00,1.621,1.627,1.606,1.617,513107.5
2024-11-04 20:00:00,1.615,1.624,1.58,1.598,813665.8
2024-11-04 21:00:00,1.597,1.627,1.574,1.582,1546181.1
2024-11-04 22:00:00,1.581,1.629,1.576,1.614,822757.1
2024-11-04 23:00:00,1.614,1.634,1.606,1.628,677069.4
2024-11-05 00:00:00,1.628,1.656,1.615,1.646,1069516.2
2024-11-05 01:00:00,1.647,1.655,1.623,1.638,773819.2
2024-11-05 02:00:00,1.638,1.643,1.6,1.601,455092.1
2024-11-05 03:00:00,1.602,1.617,1.598,1.611,377650.3
2024-11-05 04:00:00,1.612,1.662,1.608,1.655,1142032.6
2024-11-05 05:00:00,1.654,1.676,1.649,1.669,1017844.0
2024-11-05 06:00:00,1.669,1.695,1.66,1.682,874214.5
2024-11-05 07:00:00,1.683,1.685,1.649,1.657,849265.2
2024-11-05 08:00:00,1.657,1.662,1.639,1.651,483847.6
2024-11-05 09:00:00,1.651,1.676,1.636,1.643,584592.9
2024-11-05 10:00:00,1.642,1.642,1.619,1.622,468041.7
2024-11-05 11:00:00,1.622,1.647,1.62,1.637,402363.5
2024-11-05 12:00:00,1.638,1.642,1.623,1.631,620785.9
2024-11-05 13:00:00,1.631,1.646,1.617,1.627,700531.0
2024-11-05 14:00:00,1.627,1.754,1.626,1.707,2354347.9
2024-11-05 15:00:00,1.707,1.726,1.692,1.717,1870515.7
2024-11-05 16:00:00,1.718,1.73,1.701,1.723,1016683.3
2024-11-05 17:00:00,1.723,1.73,1.691,1.695,634773.7
2024-11-05 18:00:00,1.696,1.71,1.693,1.704,421025.6
2024-11-05 19:00:00,1.704,1.71,1.662,1.673,1013595.9
2024-11-05 20:00:00,1.673,1.71,1.666,1.71,649760.5
2024-11-05 21:00:00,1.71,1.71,1.683,1.688,312424.7
2024-11-05 22:00:00,1.688,1.702,1.668,1.695,479362.6
2024-11-05 23:00:00,1.695,1.699,1.681,1.684,454112.6
2024-11-06 00:00:00,1.684,1.755,1.684,1.752,1450542.0
2024-11-06 01:00:00,1.753,1.774,1.722,1.723,1514193.8
2024-11-06 02:00:00,1.723,1.824,1.712,1.817,2502128.0
2024-11-06 03:00:00,1.815,1.854,1.786,1.809,3059131.9
2024-11-06 04:00:00,1.809,1.912,1.809,1.862,3423075.7
2024-11-06 05:00:00,1.863,1.908,1.843,1.903,2321140.3
2024-11-06 06:00:00,1.903,2.068,1.894,2.007,4217354.3
2024-11-06 07:00:00,2.005,2.084,1.979,1.987,3426448.7
2024-11-06 08:00:00,1.987,1.997,1.931,1.985,2897381.1
2024-11-06 09:00:00,1.985,2.043,1.983,2.043,1745729.4
2024-11-06 10:00:00,2.043,2.07,2.013,2.047,1794879.0
2024-11-06 11:00:00,2.048,2.056,2.023,2.049,1260300.3
2024-11-06 12:00:00,2.05,2.075,2.029,2.029,1621462.5
2024-11-06 13:00:00,2.029,2.064,2.018,2.051,1464393.8
2024-11-06 14:00:00,2.051,2.088,2.027,2.033,1678109.8
2024-11-06 15:00:00,2.036,2.125,2.03,2.091,3002661.1
2024-11-06 16:00:00,2.091,2.181,2.082,2.18,2920595.8
2024-11-06 17:00:00,2.179,2.195,2.139,2.143,2362456.9
2024-11-06 18:00:00,2.142,2.159,2.135,2.138,822331.5
2024-11-06 19:00:00,2.136,2.146,2.101,2.111,1399212.0
2024-11-06 20:00:00,2.111,2.146,2.098,2.141,818702.1
2024-11-06 21:00:00,2.141,2.165,2.123,2.131,977961.8
2024-11-06 22:00:00,2.131,2.167,2.126,2.162,464479.2
2024-11-06 23:00:00,2.162,2.167,2.114,2.124,893405.7
2024-11-07 00:00:00,2.124,2.17,2.108,2.156,1448217.1
2024-11-07 01:00:00,2.156,2.198,2.15,2.161,1078883.6
2024-11-07 02:00:00,2.161,2.193,2.158,2.188,677541.0
2024-11-07 03:00:00,2.188,2.191,2.113,2.116,844739.6
2024-11-07 04:00:00,2.116,2.14,2.105,2.126,856186.7
2024-11-07 05:00:00,2.125,2.154,2.122,2.137,412557.4
2024-11-07 06:00:00,2.138,2.138,2.077,2.095,957053.7
2024-11-07 07:00:00,2.094,2.102,2.087,2.095,509418.3
2024-11-07 08:00:00,2.095,2.121,2.09,2.119,587473.6
2024-11-07 09:00:00,2.119,2.119,2.09,2.104,503504.1
2024-11-07 10:00:00,2.104,2.118,2.093,2.117,714977.3
2024-11-07 11:00:00,2.118,2.118,2.1,2.106,332370.7
2024-11-07 12:00:00,2.106,2.117,2.094,2.102,335877.6
2024-11-07 13:00:00,2.103,2.108,2.062,2.071,732475.0
2024-11-07 14:00:00,2.072,2.077,2.045,2.064,727490.2
2024-11-07 15:00:00,2.064,2.11,2.058,2.11,934585.9
2024-11-07 16:00:00,2.11,2.114,2.08,2.104,978215.3
2024-11-07 17:00:00,2.104,2.12,2.096,2.108,694383.8
2024-11-07 18:00:00,2.108,2.128,2.091,2.116,464311.6
2024-11-07 19:00:00,2.116,2.276,2.098,2.251,3340551.8
2024-11-07 20:00:00,2.25,2.348,2.233,2.31,2457677.4
2024-11-07 21:00:00,2.313,2.365,2.287,2.287,1253693.9
2024-11-07 22:00:00,2.288,2.339,2.244,2.337,887359.0
2024-11-07 23:00:00,2.336,2.358,2.281,2.325,1665333.0
2024-11-08 00:00:00,2.327,2.335,2.267,2.276,1274184.4
2024-11-08 01:00:00,2.276,2.294,2.239,2.24,936932.9
2024-11-08 02:00:00,2.24,2.242,2.21,2.218,535607.8
2024-11-08 03:00:00,2.22,2.24,2.21,2.239,455529.5
2024-11-08 04:00:00,2.239,2.258,2.235,2.251,462094.2
2024-11-08 05:00:00,2.252,2.331,2.249,2.325,629041.1
2024-11-08 06:00:00,2.324,2.324,2.28,2.28,588453.3
2024-11-08 07:00:00,2.279,2.285,2.254,2.257,636093.2
2024-11-08 08:00:00,2.256,2.271,2.225,2.258,799710.6
2024-11-08 09:00:00,2.259,2.287,2.249,2.271,572119.0
2024-11-08 10:00:00,2.271,2.316,2.248,2.307,522445.1
2024-11-08 11:00:00,2.308,2.348,2.283,2.284,1046929.8
2024-11-08 12:00:00,2.284,2.292,2.243,2.271,842173.4
2024-11-08 13:00:00,2.269,2.273,2.237,2.259,428005.9
2024-11-08 14:00:00,2.26,2.273,2.161,2.167,1195061.4
2024-11-08 15:00:00,2.167,2.216,2.16,2.197,1210646.8
2024-11-08 16:00:00,2.198,2.204,2.135,2.136,1396479.0
2024-11-08 17:00:00,2.135,2.195,2.108,2.181,1725037.4
2024-11-08 18:00:00,2.181,2.196,2.166,2.19,595652.8
2024-11-08 19:00:00,2.19,2.204,2.176,2.178,696454.1
2024-11-08 20:00:00,2.177,2.2,2.172,2.198,504990.6
2024-11-08 21:00:00,2.197,2.2,2.175,2.193,436809.7
2024-11-08 22:00:00,2.193,2.215,2.192,2.203,267776.5
2024-11-08 23:00:00,2.204,2.207,2.19,2.199,261814.0
2024-11-09 00:00:00,2.2,2.219,2.178,2.19,825849.8
2024-11-09 01:00:00,2.19,2.207,2.181,2.185,441728.8
2024-11-09 02:00:00,2.185,2.203,2.174,2.195,476640.7
2024-11-09 03:00:00,2.195,2.202,2.173,2.18,218760.8
2024-11-09 04:00:00,2.181,2.21,2.181,2.193,297354.1
2024-11-09 05:00:00,2.193,2.224,2.19,2.211,396712.5
2024-11-09 06:00:00,2.212,2.302,2.204,2.284,1369110.9
2024-11-09 07:00:00,2.284,2.303,2.242,2.244,726956.0
2024-11-09 08:00:00,2.244,2.285,2.244,2.267,510717.1
2024-11-09 09:00:00,2.266,2.284,2.247,2.249,475720.7
2024-11-09 10:00:00,2.248,2.257,2.214,2.215,656331.8
2024-11-09 11:00:00,2.216,2.245,2.204,2.217,854231.4
2024-11-09 12:00:00,2.218,2.221,2.181,2.181,635154.8
2024-11-09 13:00:00,2.181,2.188,2.151,2.169,1079533.3
2024-11-09 14:00:00,2.169,2.174,2.131,2.151,819625.1
2024-11-09 15:00:00,2.15,2.163,2.137,2.156,396805.7
2024-11-09 16:00:00,2.155,2.167,2.14,2.154,492677.2
2024-11-09 17:00:00,2.153,2.159,2.114,2.155,840702.3
2024-11-09 18:00:00,2.155,2.165,2.153,2.155,376426.6
2024-11-09 19:00:00,2.155,2.174,2.141,2.149,467243.2
2024-11-09 20:00:00,2.148,2.236,2.145,2.235,1019013.2
2024-11-09 21:00:00,2.235,2.236,2.176,2.19,809810.5
2024-11-09 22:00:00,2.191,2.227,2.185,2.223,608947.5
2024-11-09 23:00:00,2.222,2.251,2.215,2.226,811039.3
2024-11-10 00:00:00,2.226,2.235,2.201,2.203,665529.6
2024-11-10 01:00:00,2.204,2.229,2.187,2.214,449246.5
2024-11-10 02:00:00,2.214,2.259,2.209,2.223,763771.9
2024-11-10 03:00:00,2.222,2.266,2.218,2.222,637749.9
2024-11-10 04:00:00,2.223,2.281,2.213,2.257,1212724.2
2024-11-10 05:00:00,2.257,2.289,2.229,2.236,1515445.3
2024-11-10 06:00:00,2.236,2.246,2.212,2.246,873740.4
2024-11-10 07:00:00,2.245,2.254,2.224,2.237,492216.9
2024-11-10 08:00:00,2.238,2.344,2.229,2.343,2022969.6
2024-11-10 09:00:00,2.343,2.35,2.273,2.277,1385667.1
2024-11-10 10:00:00,2.278,2.302,2.254,2.262,931938.7
2024-11-10 11:00:00,2.262,2.297,2.25,2.273,840495.2
2024-11-10 12:00:00,2.273,2.282,2.222,2.282,1502332.8
2024-11-10 13:00:00,2.283,2.291,2.254,2.277,1106362.7
2024-11-10 14:00:00,2.277,2.313,2.205,2.231,1852190.3
2024-11-10 15:00:00,2.232,2.267,2.219,2.259,974733.3
2024-11-10 16:00:00,2.261,2.268,2.226,2.246,621496.2
2024-11-10 17:00:00,2.246,2.275,2.231,2.244,1057269.6
2024-11-10 18:00:00,2.244,2.285,2.243,2.252,1034217.9
2024-11-10 19:00:00,2.252,2.27,2.158,2.19,1613461.1
2024-11-10 20:00:00,2.189,2.213,2.138,2.14,1042967.4
2024-11-10 21:00:00,2.14,2.182,2.075,2.167,1558497.2
2024-11-10 22:00:00,2.168,2.211,2.158,2.182,1039191.5
2024-11-10 23:00:00,2.183,2.214,2.175,2.207,692295.8
2024-11-11 00:00:00,2.208,2.259,2.187,2.249,681760.2
2024-11-11 01:00:00,2.248,2.3,2.242,2.251,1134224.8
2024-11-11 02:00:00,2.251,2.431,2.241,2.35,2768177.8
2024-11-11 03:00:00,2.349,2.363,2.299,2.327,1087476.7
2024-11-11 04:00:00,2.326,2.332,2.266,2.307,1138448.1
2024-11-11 05:00:00,2.308,2.318,2.182,2.223,1796782.1
2024-11-11 06:00:00,2.222,2.268,2.21,2.254,1361523.1
2024-11-11 07:00:00,2.253,2.282,2.228,2.28,889248.4
2024-11-11 08:00:00,2.279,2.345,2.278,2.31,1757540.1
2024-11-11 09:00:00,2.308,2.4,2.308,2.371,1894586.7
2024-11-11 10:00:00,2.372,2.445,2.35,2.388,1990096.7
2024-11-11 11:00:00,2.387,2.493,2.387,2.415,2212807.7
2024-11-11 12:00:00,2.416,2.434,2.344,2.363,1651714.2
2024-11-11 13:00:00,2.363,2.368,2.307,2.35,1828181.1
2024-11-11 14:00:00,2.35,2.396,2.302,2.343,1681679.4
2024-11-11 15:00:00,2.343,2.348,2.273,2.287,2064877.8
2024-11-11 16:00:00,2.288,2.362,2.27,2.33,1765869.5
2024-11-11 17:00:00,2.329,2.479,2.315,2.39,3009843.0
2024-11-11 18:00:00,2.39,2.401,2.361,2.395,1066279.9
2024-11-11 19:00:00,2.396,2.4,2.323,2.335,1194396.2
2024-11-11 20:00:00,2.334,2.382,2.327,2.36,1385839.8
2024-11-11 21:00:00,2.36,2.368,2.316,2.344,1642319.4
2024-11-11 22:00:00,2.344,2.351,2.284,2.332,1012485.1
2024-11-11 23:00:00,2.333,2.391,2.313,2.386,1269770.7
2024-11-12 00:00:00,2.387,2.553,2.297,2.51,3571649.1
2024-11-12 01:00:00,2.511,2.511,2.448,2.473,1752584.7
2024-11-12 02:00:00,2.474,2.542,2.418,2.449,1696976.1
2024-11-12 03:00:00,2.448,2.456,2.396,2.437,951798.2
2024-11-12 04:00:00,2.439,2.444,2.382,2.389,1044779.6
2024-11-12 05:00:00,2.388,2.431,2.341,2.373,2203192.6
2024-11-12 06:00:00,2.372,2.406,2.365,2.386,1313237.0
2024-11-12 07:00:00,2.385,2.409,2.368,2.405,1035228.8
2024-11-12 08:00:00,2.404,2.417,2.326,2.346,2283227.5
2024-11-12 09:00:00,2.346,2.35,2.232,2.239,3013725.6
2024-11-12 10:00:00,2.239,2.272,2.061,2.177,5184789.3
2024-11-12 11:00:00,2.175,2.225,2.155,2.176,1617218.6
2024-11-12 12:00:00,2.176,2.205,2.135,2.166,1198017.4
2024-11-12 13:00:00,2.162,2.18,2.115,2.171,1360726.4
2024-11-12 14:00:00,2.172,2.199,2.132,2.198,1131395.1
2024-11-12 15:00:00,2.199,2.202,2.141,2.147,861064.6
2024-11-12 16:00:00,2.148,2.171,2.112,2.161,1051283.7
2024-11-12 17:00:00,2.163,2.194,2.153,2.171,723672.2
2024-11-12 18:00:00,2.171,2.204,2.163,2.197,765830.8
2024-11-12 19:00:00,2.196,2.212,2.187,2.194,755698.7
2024-11-12 20:00:00,2.194,2.198,2.172,2.181,392827.5
2024-11-12 21:00:00,2.18,2.193,2.15,2.188,455816.2
2024-11-12 22:00:00,2.188,2.243,2.168,2.24,688476.6
2024-11-12 23:00:00,2.239,2.241,2.184,2.191,882704.9
2024-11-13 00:00:00,2.191,2.212,2.158,2.16,924636.7
2024-11-13 01:00:00,2.158,2.182,2.127,2.144,799594.5
2024-11-13 02:00:00,2.143,2.147,2.06,2.107,1706862.3
2024-11-13 03:00:00,2.106,2.113,2.058,2.061,1105177.3
2024-11-13 04:00:00,2.06,2.095,1.988,2.049,1773387.2
2024-11-13 05:00:00,2.047,2.071,2.027,2.042,723849.6
2024-11-13 06:00:00,2.043,2.067,2.01,2.021,1474937.4
2024-11-13 07:00:00,2.021,2.071,2.003,2.064,1236468.8
2024-11-13 08:00:00,2.065,2.087,2.052,2.063,684469.4
2024-11-13 09:00:00,2.061,2.084,2.052,2.066,712738.2
2024-11-13 10:00:00,2.066,2.099,2.05,2.089,1009572.5
2024-11-13 11:00:00,2.088,2.111,2.078,2.092,1010673.2
2024-11-13 12:00:00,2.09,2.106,2.067,2.084,1066295.3
2024-11-13 13:00:00,2.084,2.189,2.074,2.161,2245196.4
2024-11-13 14:00:00,2.162,2.232,2.137,2.224,2738328.6
2024-11-13 15:00:00,2.223,2.225,2.151,2.181,1919922.6
2024-11-13 16:00:00,2.18,2.197,2.133,2.143,1687086.5
2024-11-13 17:00:00,2.144,2.162,2.137,2.147,712667.8
2024-11-13 18:00:00,2.147,2.168,2.124,2.155,859359.5
2024-11-13 19:00:00,2.156,2.165,2.052,2.062,4153189.3
2024-11-13 20:00:00,2.061,2.081,2.021,2.05,2440679.0
2024-11-13 21:00:00,2.049,2.061,2.003,2.043,1301627.8
2024-11-13 22:00:00,2.045,2.071,2.034,2.055,731341.0
2024-11-13 23:00:00,2.055,2.078,2.037,2.063,813253.3
2024-11-14 00:00:00,2.063,2.076,2.037,2.038,743566.9
2024-11-14 01:00:00,2.037,2.071,2.019,2.07,912391.1
2024-11-14 02:00:00,2.069,2.075,2.032,2.051,963302.9
2024-11-14 03:00:00,2.05,2.059,2.023,2.056,976069.4
2024-11-14 04:00:00,2.056,2.101,2.047,2.099,925177.4
2024-11-14 05:00:00,2.1,2.146,2.095,2.137,937832.5
2024-11-14 06:00:00,2.135,2.184,2.092,2.099,1638967.0
2024-11-14 07:00:00,2.098,2.116,2.076,2.105,1858135.1
2024-11-14 08:00:00,2.106,2.124,2.081,2.091,710840.9
2024-11-14 09:00:00,2.091,2.105,2.06,2.077,1108936.8
2024-11-14 10:00:00,2.077,2.08,2.017,2.025,1187103.6
2024-11-14 11:00:00,2.025,2.032,1.988,2.028,1423915.8
2024-11-14 12:00:00,2.028,2.028,1.973,1.994,3003131.1
2024-11-14 13:00:00,1.993,2.02,1.968,1.982,1406305.1
2024-11-14 14:00:00,1.981,2.021,1.926,1.947,2718433.6
2024-11-14 15:00:00,1.947,2.008,1.924,1.992,2506503.1
2024-11-14 16:00:00,1.992,2.048,1.98,2.036,1403998.2
2024-11-14 17:00:00,2.036,2.046,2.002,2.038,1287424.3
2024-11-14 18:00:00,2.037,2.045,2.007,2.018,755986.2
2024-11-14 19:00:00,2.017,2.027,2.007,2.02,566432.0
2024-11-14 20:00:00,2.019,2.019,1.99,1.995,455739.5
2024-11-14 21:00:00,1.995,2.018,1.979,2.011,679488.5
2024-11-14 22:00:00,2.011,2.013,1.96,1.968,433015.5
2024-11-14 23:00:00,1.969,1.977,1.912,1.952,1739159.4
2024-11-15 00:00:00,1.951,2.002,1.941,1.964,1111876.4
2024-11-15 01:00:00,1.964,1.994,1.932,1.99,807300.4
2024-11-15 02:00:00,1.99,2.013,1.969,1.997,743122.3
2024-11-15 03:00:00,1.998,2.001,1.979,1.993,356584.6
2024-11-15 04:00:00,1.991,1.998,1.925,1.942,632567.1
2024-11-15 05:00:00,1.942,1.994,1.927,1.981,610281.7
2024-11-15 06:00:00,1.981,2.053,1.981,2.053,1004524.6
2024-11-15 07:00:00,2.053,2.06,2.031,2.033,654763.5
2024-11-15 08:00:00,2.033,2.072,2.013,2.068,628697.2
2024-11-15 09:00:00,2.069,2.133,2.062,2.087,1868143.0
2024-11-15 10:00:00,2.087,2.09,2.074,2.076,902162.7
2024-11-15 11:00:00,2.077,2.11,2.075,2.104,590911.1
2024-11-15 12:00:00,2.104,2.123,2.071,2.086,605367.9
2024-11-15 13:00:00,2.086,2.09,2.043,2.073,757509.7
2024-11-15 14:00:00,2.073,2.078,2.022,2.024,921782.6
2024-11-15 15:00:00,2.024,2.026,1.991,2.006,969802.0
2024-11-15 16:00:00,2.006,2.031,1.985,2.012,759048.1
2024-11-15 17:00:00,2.013,2.036,2.006,2.016,398590.2
2024-11-15 18:00:00,2.015,2.031,2.003,2.028,291471.3
2024-11-15 19:00:00,2.028,2.047,2.021,2.032,325963.0
2024-11-15 20:00:00,2.033,2.07,2.031,2.069,593680.7
2024-11-15 21:00:00,2.07,2.08,2.059,2.07,411600.9
2024-11-15 22:00:00,2.07,2.089,2.05,2.087,483593.7
2024-11-15 23:00:00,2.087,2.088,2.064,2.065,351429.9
2024-11-16 00:00:00,2.066,2.066,2.027,2.038,924515.9
2024-11-16 01:00:00,2.038,2.085,2.038,2.068,751603.1
2024-11-16 02:00:00,2.067,2.098,2.065,2.094,557844.3
2024-11-16 03:00:00,2.094,2.164,2.09,2.138,1184180.5
2024-11-16 04:00:00,2.137,2.166,2.109,2.114,1024795.8
2024-11-16 05:00:00,2.115,2.117,2.093,2.106,561596.7
2024-11-16 06:00:00,2.105,2.107,2.062,2.068,678196.2
2024-11-16 07:00:00,2.068,2.085,2.067,2.08,433452.1
2024-11-16 08:00:00,2.08,2.117,2.076,2.116,595101.8
2024-11-16 09:00:00,2.116,2.139,2.077,2.078,1176063.4
2024-11-16 10:00:00,2.079,2.111,2.07,2.093,946828.7
2024-11-16 11:00:00,2.092,2.128,2.071,2.128,1120764.8
2024-11-16 12:00:00,2.127,2.139,2.078,2.102,1284319.0
2024-11-16 13:00:00,2.102,2.13,2.092,2.108,1036607.9
2024-11-16 14:00:00,2.108,2.124,2.084,2.094,649533.0
2024-11-16 15:00:00,2.095,2.098,2.009,2.034,2091398.3
2024-11-16 16:00:00,2.034,2.092,2.02,2.081,1031819.7
2024-11-16 17:00:00,2.082,2.119,2.066,2.111,738689.4
2024-11-16 18:00:00,2.11,2.14,2.101,2.133,637028.6
2024-11-16 19:00:00,2.133,2.14,2.115,2.129,550095.0
2024-11-16 20:00:00,2.129,2.147,2.104,2.117,644712.9
2024-11-16 21:00:00,2.118,2.193,2.116,2.177,839458.2
2024-11-16 22:00:00,2.177,2.193,2.136,2.137,815328.3
2024-11-16 23:00:00,2.139,2.174,2.133,2.154,916966.8
2024-11-17 00:00:00,2.155,2.165,2.125,2.134,549863.2
2024-11-17 01:00:00,2.134,2.152,2.057,2.075,1019716.4
2024-11-17 02:00:00,2.076,2.115,2.014,2.095,1823456.8
2024-11-17 03:00:00,2.095,2.269,2.089,2.245,3731147.2
2024-11-17 04:00:00,2.246,2.258,2.179,2.238,1760414.5
2024-11-17 05:00:00,2.237,2.237,2.205,2.216,713057.6
2024-11-17 06:00:00,2.215,2.268,2.21,2.238,590042.3
2024-11-17 07:00:00,2.236,2.238,2.147,2.185,1255943.0
2024-11-17 08:00:00,2.185,2.191,2.157,2.165,476851.0
2024-11-17 09:00:00,2.165,2.19,2.16,2.178,815991.5
2024-11-17 10:00:00,2.178,2.182,2.154,2.158,334513.0
2024-11-17 11:00:00,2.158,2.165,2.112,2.114,622465.9
2024-11-17 12:00:00,2.114,2.149,2.109,2.146,484998.6
2024-11-17 13:00:00,2.146,2.146,2.105,2.122,402849.6
2024-11-17 14:00:00,2.122,2.134,2.105,2.119,430096.9
2024-11-17 15:00:00,2.12,2.149,2.1,2.127,458977.3
2024-11-17 16:00:00,2.128,2.132,2.111,2.121,420456.4
2024-11-17 17:00:00,2.122,2.123,2.095,2.109,315819.0
2024-11-17 18:00:00,2.109,2.109,2.07,2.073,462732.1
2024-11-17 19:00:00,2.072,2.083,2.056,2.076,346148.2
2024-11-17 20:00:00,2.076,2.089,2.058,2.066,379926.4
2024-11-17 21:00:00,2.066,2.077,2.051,2.053,444081.2
2024-11-17 22:00:00,2.053,2.07,2.038,2.051,418836.4
2024-11-17 23:00:00,2.05,2.071,2.038,2.069,364675.3
2024-11-18 00:00:00,2.07,2.085,2.052,2.075,457734.5
2024-11-18 01:00:00,2.075,2.099,2.068,2.095,463686.7
2024-11-18 02:00:00,2.096,2.104,2.085,2.095,428664.3
2024-11-18 03:00:00,2.094,2.139,2.072,2.138,405698.9
2024-11-18 04:00:00,2.138,2.144,2.09,2.097,473976.6
2024-11-18 05:00:00,2.098,2.116,2.087,2.102,381268.3
2024-11-18 06:00:00,2.103,2.136,2.094,2.129,669866.3
2024-11-18 07:00:00,2.13,2.135,2.107,2.112,533167.8
2024-11-18 08:00:00,2.113,2.114,2.082,2.1,491280.0
2024-11-18 09:00:00,2.099,2.1,2.068,2.094,449259.1
2024-11-18 10:00:00,2.093,2.11,2.084,2.102,335412.7
2024-11-18 11:00:00,2.103,2.103,2.054,2.074,530531.4
2024-11-18 12:00:00,2.074,2.089,2.045,2.087,631922.6
2024-11-18 13:00:00,2.087,2.087,2.044,2.065,951658.3
2024-11-18 14:00:00,2.065,2.119,2.06,2.103,958103.7
2024-11-18 15:00:00,2.103,2.153,2.1,2.145,802505.8
2024-11-18 16:00:00,2.146,2.21,2.142,2.168,1723083.1
2024-11-18 17:00:00,2.167,2.192,2.155,2.19,1151380.1
2024-11-18 18:00:00,2.19,2.198,2.145,2.152,1320178.2
2024-11-18 19:00:00,2.153,2.158,2.084,2.126,1273393.5
2024-11-18 20:00:00,2.126,2.157,2.108,2.15,1374664.3
2024-11-18 21:00:00,2.15,2.179,2.145,2.152,775163.0
2024-11-18 22:00:00,2.153,2.162,2.131,2.135,522823.2
2024-11-18 23:00:00,2.135,2.158,2.11,2.15,482600.5
2024-11-19 00:00:00,2.15,2.156,2.13,2.131,585244.5
2024-11-19 01:00:00,2.131,2.157,2.13,2.137,363314.2
2024-11-19 02:00:00,2.137,2.152,2.129,2.147,475931.3
2024-11-19 03:00:00,2.148,2.157,2.136,2.144,276684.2
2024-11-19 04:00:00,2.144,2.15,2.101,2.104,763550.6
2024-11-19 05:00:00,2.105,2.121,2.087,2.099,598965.5
2024-11-19 06:00:00,2.098,2.098,2.061,2.088,520190.6
2024-11-19 07:00:00,2.088,2.089,2.069,2.076,368173.7
2024-11-19 08:00:00,2.076,2.079,2.048,2.06,686111.9
2024-11-19 09:00:00,2.059,2.069,2.042,2.052,482284.8
2024-11-19 10:00:00,2.051,2.062,2.046,2.053,481522.2
2024-11-19 11:00:00,2.053,2.067,2.041,2.052,887578.8
2024-11-19 12:00:00,2.051,2.079,2.047,2.068,943313.6
2024-11-19 13:00:00,2.068,2.073,2.018,2.021,946959.0
2024-11-19 14:00:00,2.021,2.043,2.01,2.027,901801.6
2024-11-19 15:00:00,2.026,2.043,2.02,2.033,634893.8
2024-11-19 16:00:00,2.032,2.046,2.026,2.029,474866.8
2024-11-19 17:00:00,2.027,2.04,2.018,2.028,648525.2
2024-11-19 18:00:00,2.028,2.056,2.022,2.049,976140.4
2024-11-19 19:00:00,2.05,2.055,2.025,2.029,643831.1
2024-11-19 20:00:00,2.029,2.033,1.979,1.995,1346003.9
2024-11-19 21:00:00,1.995,2.0,1.964,1.996,813002.5
2024-11-19 22:00:00,1.995,2.005,1.97,2.0,623899.0
2024-11-19 23:00:00,2.0,2.02,1.998,2.018,305746.3
2024-11-20 00:00:00,2.017,2.018,1.985,1.996,387668.7
2024-11-20 01:00:00,1.996,2.004,1.977,1.99,488503.7
2024-11-20 02:00:00,1.989,1.998,1.98,1.983,431499.5
2024-11-20 03:00:00,1.983,1.99,1.951,1.988,1053751.3
2024-11-20 04:00:00,1.988,1.988,1.97,1.983,625916.1
2024-11-20 05:00:00,1.983,2.001,1.97,1.993,631903.7
2024-11-20 06:00:00,1.993,2.001,1.978,1.984,298380.4
2024-11-20 07:00:00,1.984,2.0,1.977,1.995,524332.5
2024-11-20 08:00:00,1.995,2.042,1.995,2.033,721474.1
2024-11-20 09:00:00,2.034,2.076,2.025,2.066,1176407.1
2024-11-20 10:00:00,2.066,2.095,2.054,2.063,938942.9
2024-11-20 11:00:00,2.063,2.069,2.019,2.038,756808.1
2024-11-20 12:00:00,2.038,2.042,1.993,2.018,1056005.7
2024-11-20 13:00:00,2.017,2.053,2.003,2.046,879421.2
2024-11-20 14:00:00,2.046,2.09,2.032,2.043,1027195.9
2024-11-20 15:00:00,2.043,2.225,2.021,2.21,5325006.3
2024-11-20 16:00:00,2.209,2.258,2.086,2.183,6259503.2
2024-11-20 17:00:00,2.183,2.187,2.126,2.127,1359831.3
2024-11-20 18:00:00,2.126,2.136,1.991,2.087,2006519.6
2024-11-20 19:00:00,2.084,2.088,2.045,2.053,901267.5
2024-11-20 20:00:00,2.053,2.142,2.032,2.119,1631357.5
2024-11-20 21:00:00,2.118,2.149,2.098,2.141,1138115.3
2024-11-20 22:00:00,2.142,2.166,2.099,2.108,684336.0
2024-11-20 23:00:00,2.108,2.122,2.064,2.07,610799.4
2024-11-21 00:00:00,2.071,2.077,2.041,2.058,781752.6
2024-11-21 01:00:00,2.059,2.103,2.058,2.061,655672.8
2024-11-21 02:00:00,2.061,2.066,1.965,2.0,1216853.9
2024-11-21 03:00:00,2.0,2.052,1.996,2.017,577682.6
2024-11-21 04:00:00,2.018,2.066,1.975,2.04,1318988.8
2024-11-21 05:00:00,2.041,2.065,2.023,2.041,718427.0
2024-11-21 06:00:00,2.041,2.041,2.005,2.011,710746.4
2024-11-21 07:00:00,2.011,2.044,2.01,2.039,721472.1
2024-11-21 08:00:00,2.04,2.041,2.022,2.032,551416.5
2024-11-21 09:00:00,2.032,2.033,1.983,1.986,592188.3
2024-11-21 10:00:00,1.985,1.999,1.965,1.972,613717.4
2024-11-21 11:00:00,1.972,1.997,1.962,1.99,777337.2
2024-11-21 12:00:00,1.989,2.094,1.986,2.055,2311925.9
2024-11-21 13:00:00,2.056,2.137,2.055,2.092,2136504.4
2024-11-21 14:00:00,2.092,2.128,2.051,2.09,1680583.1
2024-11-21 15:00:00,2.09,2.09,2.01,2.046,1712838.7
2024-11-21 16:00:00,2.046,2.121,2.043,2.117,1137143.9
2024-11-21 17:00:00,2.116,2.148,2.097,2.14,1215493.3
2024-11-21 18:00:00,2.14,2.158,2.121,2.155,1506124.1
2024-11-21 19:00:00,2.155,2.166,2.11,2.12,947992.9
2024-11-21 20:00:00,2.12,2.138,2.105,2.124,483681.7
2024-11-21 21:00:00,2.124,2.146,2.104,2.122,549478.2
2024-11-21 22:00:00,2.122,2.126,2.092,2.092,403013.8
2024-11-21 23:00:00,2.092,2.113,2.08,2.102,507863.3
2024-11-22 00:00:00,2.102,2.121,2.074,2.08,589511.5
2024-11-22 01:00:00,2.08,2.105,2.063,2.089,484263.5
2024-11-22 02:00:00,2.088,2.124,2.084,2.11,617131.7
2024-11-22 03:00:00,2.109,2.119,2.097,2.114,513415.0
2024-11-22 04:00:00,2.114,2.133,2.1,2.108,368608.9
2024-11-22 05:00:00,2.108,2.124,2.097,2.103,628407.4
2024-11-22 06:00:00,2.104,2.112,2.076,2.098,664691.5
2024-11-22 07:00:00,2.098,2.098,2.052,2.054,604258.9
2024-11-22 08:00:00,2.055,2.074,2.05,2.071,479733.2
2024-11-22 09:00:00,2.071,2.086,2.056,2.078,639461.3
2024-11-22 10:00:00,2.077,2.085,2.046,2.048,772026.2
2024-11-22 11:00:00,2.047,2.052,2.025,2.052,658656.4
2024-11-22 12:00:00,2.051,2.073,2.034,2.062,710939.6
2024-11-22 13:00:00,2.063,2.063,1.978,2.009,2115849.5
2024-11-22 14:00:00,2.009,2.024,1.996,2.004,781091.5
2024-11-22 15:00:00,2.005,2.029,1.999,2.023,554749.2
2024-11-22 16:00:00,2.023,2.023,1.992,2.008,558021.7
2024-11-22 17:00:00,2.007,2.023,1.99,1.996,644101.5
2024-11-22 18:00:00,1.997,2.006,1.98,1.985,488790.9
2024-11-22 19:00:00,1.984,2.002,1.972,1.979,786489.0
2024-11-22 20:00:00,1.978,1.995,1.974,1.991,870569.6
2024-11-22 21:00:00,1.991,2.023,1.984,2.018,543164.3
2024-11-22 22:00:00,2.017,2.025,1.994,2.004,308590.1
2024-11-22 23:00:00,2.004,2.054,2.001,2.054,388184.9
2024-11-23 00:00:00,2.054,2.117,2.037,2.099,1449622.9
2024-11-23 01:00:00,2.098,2.148,2.098,2.123,1198694.2
2024-11-23 02:00:00,2.124,2.153,2.073,2.084,894024.5
2024-11-23 03:00:00,2.083,2.107,2.065,2.105,448546.9
2024-11-23 04:00:00,2.106,2.124,2.076,2.103,1271250.4
2024-11-23 05:00:00,2.104,2.11,2.068,2.089,699797.7
2024-11-23 06:00:00,2.09,2.118,2.09,2.117,663851.7
2024-11-23 07:00:00,2.117,2.136,2.094,2.134,955798.1
2024-11-23 08:00:00,2.134,2.158,2.118,2.122,1357263.0
2024-11-23 09:00:00,2.123,2.136,2.109,2.119,608212.9
2024-11-23 10:00:00,2.12,2.123,2.09,2.106,540775.5
2024-11-23 11:00:00,2.105,2.112,2.08,2.086,826167.2
2024-11-23 12:00:00,2.086,2.139,2.08,2.125,884442.6
2024-11-23 13:00:00,2.126,2.208,2.125,2.169,2391022.4
2024-11-23 14:00:00,2.169,2.212,2.163,2.199,2106412.3
2024-11-23 15:00:00,2.198,2.232,2.184,2.188,1626130.7
2024-11-23 16:00:00,2.188,2.207,2.065,2.122,3169755.5
2024-11-23 17:00:00,2.121,2.151,2.078,2.146,1134310.8
2024-11-23 18:00:00,2.145,2.161,2.122,2.146,564571.2
2024-11-23 19:00:00,2.146,2.18,2.117,2.133,682961.2
2024-11-23 20:00:00,2.133,2.136,2.073,2.107,843647.9
2024-11-23 21:00:00,2.106,2.177,2.105,2.172,639961.2
2024-11-23 22:00:00,2.171,2.2,2.161,2.172,633820.5
2024-11-23 23:00:00,2.171,2.174,2.122,2.136,547071.2
2024-11-24 00:00:00,2.136,2.257,2.126,2.209,3104307.6
2024-11-24 01:00:00,2.209,2.245,2.203,2.233,786857.4
2024-11-24 02:00:00,2.232,2.272,2.23,2.251,1261959.5
2024-11-24 03:00:00,2.25,2.283,2.226,2.266,839504.0
2024-11-24 04:00:00,2.266,2.297,2.223,2.265,888776.5
2024-11-24 05:00:00,2.264,2.305,2.228,2.275,1009816.6
2024-11-24 06:00:00,2.276,2.294,2.239,2.289,955786.2
2024-11-24 07:00:00,2.289,2.352,2.288,2.332,1388525.7
2024-11-24 08:00:00,2.332,2.333,2.214,2.23,1645111.2
2024-11-24 09:00:00,2.231,2.257,2.2,2.234,919876.0
2024-11-24 10:00:00,2.235,2.249,2.16,2.19,1556455.9
2024-11-24 11:00:00,2.19,2.201,2.1,2.11,1914483.8
2024-11-24 12:00:00,2.108,2.16,2.019,2.067,2910887.9
2024-11-24 13:00:00,2.067,2.112,2.049,2.094,1547476.7
2024-11-24 14:00:00,2.093,2.094,2.042,2.09,1404117.8
2024-11-24 15:00:00,2.088,2.093,2.015,2.022,1203093.8
2024-11-24 16:00:00,2.023,2.095,2.011,2.079,1149094.4
2024-11-24 17:00:00,2.078,2.08,2.041,2.068,569482.2
2024-11-24 18:00:00,2.067,2.123,2.063,2.109,605611.8
2024-11-24 19:00:00,2.109,2.112,2.088,2.098,456806.2
2024-11-24 20:00:00,2.097,2.143,2.093,2.139,566926.9
2024-11-24 21:00:00,2.138,2.152,2.126,2.15,343600.8
2024-11-24 22:00:00,2.15,2.177,2.148,2.163,717714.5
2024-11-24 23:00:00,2.163,2.189,2.159,2.181,748194.6
2024-11-25 00:00:00,2.182,2.278,2.161,2.27,2121494.4
2024-11-25 01:00:00,2.27,2.285,2.203,2.23,1817382.8
2024-11-25 02:00:00,2.231,2.259,2.188,2.201,687277.2
2024-11-25 03:00:00,2.203,2.24,2.198,2.236,547897.8
2024-11-25 04:00:00,2.236,2.245,2.187,2.188,770657.6
2024-11-25 05:00:00,2.189,2.229,2.189,2.198,823814.6
2024-11-25 06:00:00,2.198,2.205,2.145,2.147,1195804.6
2024-11-25 07:00:00,2.147,2.17,2.133,2.149,1324822.7
2024-11-25 08:00:00,2.15,2.176,2.138,2.176,1438472.9
2024-11-25 09:00:00,2.176,2.228,2.173,2.21,1286096.9
2024-11-25 10:00:00,2.21,2.221,2.175,2.207,1156329.3
2024-11-25 11:00:00,2.207,2.23,2.169,2.191,802887.8
2024-11-25 12:00:00,2.191,2.217,2.171,2.204,536516.1
2024-11-25 13:00:00,2.202,2.214,2.14,2.158,966893.4
2024-11-25 14:00:00,2.159,2.189,2.094,2.1,1595319.3
2024-11-25 15:00:00,2.098,2.178,2.054,2.16,1606864.7
2024-11-25 16:00:00,2.161,2.19,2.119,2.141,1202763.2
2024-11-25 17:00:00,2.14,2.145,2.081,2.112,889671.2
2024-11-25 18:00:00,2.111,2.126,2.086,2.098,483320.9
2024-11-25 19:00:00,2.097,2.135,2.083,2.112,481965.2
2024-11-25 20:00:00,2.112,2.148,2.099,2.138,466414.2
2024-11-25 21:00:00,2.137,2.14,2.08,2.101,641534.6
2024-11-25 22:00:00,2.101,2.114,2.04,2.107,933152.0
2024-11-25 23:00:00,2.106,2.14,2.089,2.102,821664.1
2024-11-26 00:00:00,2.101,2.15,2.075,2.128,968813.5
2024-11-26 01:00:00,2.129,2.177,2.127,2.164,629352.8
2024-11-26 02:00:00,2.163,2.182,2.16,2.166,492597.4
2024-11-26 03:00:00,2.166,2.171,2.124,2.142,426962.6
2024-11-26 04:00:00,2.142,2.146,2.117,2.13,283834.7
2024-11-26 05:00:00,2.131,2.143,2.118,2.139,568664.7
2024-11-26 06:00:00,2.138,2.141,2.106,2.11,465823.3
2024-11-26 07:00:00,2.11,2.113,2.056,2.072,839796.2
2024-11-26 08:00:00,2.071,2.072,2.011,2.03,1309572.8
2024-11-26 09:00:00,2.03,2.055,2.01,2.04,799986.9
2024-11-26 10:00:00,2.04,2.044,1.977,1.979,926625.9
2024-11-26 11:00:00,1.978,1.999,1.927,1.985,1736470.2
2024-11-26 12:00:00,1.985,2.01,1.953,1.974,1110584.4
2024-11-26 13:00:00,1.973,1.994,1.96,1.971,691725.2
2024-11-26 14:00:00,1.971,2.024,1.945,2.011,1027138.4
2024-11-26 15:00:00,2.011,2.02,1.967,1.967,833338.7
2024-11-26 16:00:00,1.968,2.024,1.957,2.004,1138658.7
2024-11-26 17:00:00,2.005,2.01,1.979,1.996,589431.3
2024-11-26 18:00:00,1.996,1.998,1.932,1.958,657056.5
2024-11-26 19:00:00,1.959,1.972,1.938,1.97,507569.0
2024-11-26 20:00:00,1.97,2.007,1.959,1.994,496026.6
2024-11-26 21:00:00,1.993,2.012,1.98,1.995,463226.6
2024-11-26 22:00:00,1.994,2.02,1.99,2.008,334140.1
2024-11-26 23:00:00,2.007,2.017,1.999,2.011,280348.9
2024-11-27 00:00:00,2.01,2.032,1.981,1.987,505516.8
2024-11-27 01:00:00,1.988,2.022,1.977,2.019,361991.4
2024-11-27 02:00:00,2.017,2.034,1.996,2.033,367991.3
2024-11-27 03:00:00,2.033,2.039,2.008,2.008,304452.4
2024-11-27 04:00:00,2.008,2.047,2.007,2.02,450909.7
2024-11-27 05:00:00,2.022,2.032,2.003,2.01,368932.3
2024-11-27 06:00:00,2.011,2.046,2.01,2.026,477728.4
2024-11-27 07:00:00,2.026,2.056,2.021,2.048,572720.2
2024-11-27 08:00:00,2.048,2.083,2.046,2.074,604701.3
2024-11-27 09:00:00,2.075,2.076,2.045,2.057,450702.6
2024-11-27 10:00:00,2.058,2.125,2.053,2.099,1692477.5
2024-11-27 11:00:00,2.099,2.108,2.071,2.104,667679.3
2024-11-27 12:00:00,2.105,2.107,2.056,2.076,818316.7
2024-11-27 13:00:00,2.078,2.121,2.075,2.121,831011.7
2024-11-27 14:00:00,2.121,2.14,2.108,2.137,1072614.3
2024-11-27 15:00:00,2.138,2.174,2.132,2.155,1290064.1
2024-11-27 16:00:00,2.156,2.179,2.135,2.148,1007559.2
2024-11-27 17:00:00,2.147,2.183,2.135,2.178,642465.2
2024-11-27 18:00:00,2.178,2.182,2.163,2.164,588455.6
2024-11-27 19:00:00,2.163,2.17,2.151,2.16,578351.6
2024-11-27 20:00:00,2.161,2.183,2.159,2.166,671698.1
2024-11-27 21:00:00,2.167,2.176,2.149,2.157,452446.4
2024-11-27 22:00:00,2.157,2.208,2.152,2.207,503131.8
2024-11-27 23:00:00,2.208,2.227,2.191,2.214,818730.0
2024-11-28 00:00:00,2.215,2.251,2.199,2.22,1219259.0
2024-11-28 01:00:00,2.22,2.248,2.218,2.232,558082.8
2024-11-28 02:00:00,2.231,2.245,2.184,2.196,559624.1
2024-11-28 03:00:00,2.197,2.201,2.156,2.169,787519.5
2024-11-28 04:00:00,2.17,2.225,2.16,2.212,635477.4
2024-11-28 05:00:00,2.212,2.22,2.174,2.18,575167.0
2024-11-28 06:00:00,2.181,2.189,2.163,2.18,518520.5
2024-11-28 07:00:00,2.181,2.234,2.179,2.205,790636.3
2024-11-28 08:00:00,2.205,2.24,2.191,2.224,592037.0
2024-11-28 09:00:00,2.224,2.231,2.185,2.185,468531.5
2024-11-28 10:00:00,2.186,2.208,2.168,2.177,546420.8
2024-11-28 11:00:00,2.177,2.207,2.163,2.207,628232.8
2024-11-28 12:00:00,2.208,2.237,2.179,2.193,875043.3
2024-11-28 13:00:00,2.193,2.2,2.167,2.198,578207.2
2024-11-28 14:00:00,2.198,2.306,2.194,2.281,2663861.5
2024-11-28 15:00:00,2.281,2.309,2.23,2.257,2712094.7
2024-11-28 16:00:00,2.257,2.392,2.257,2.337,4437290.3
2024-11-28 17:00:00,2.337,2.477,2.337,2.418,2947299.6
2024-11-28 18:00:00,2.419,2.461,2.364,2.451,2628569.0
2024-11-28 19:00:00,2.451,2.451,2.396,2.411,1170576.5
2024-11-28 20:00:00,2.412,2.424,2.368,2.382,1066790.6
2024-11-28 21:00:00,2.382,2.427,2.381,2.416,890372.8
2024-11-28 22:00:00,2.416,2.435,2.388,2.426,975867.7
2024-11-28 23:00:00,2.426,2.426,2.369,2.375,791216.9
2024-11-29 00:00:00,2.375,2.399,2.292,2.304,1525334.9
2024-11-29 01:00:00,2.304,2.33,2.293,2.308,603330.9
2024-11-29 02:00:00,2.308,2.326,2.301,2.31,467758.5
2024-11-29 03:00:00,2.311,2.325,2.3,2.303,686303.6
2024-11-29 04:00:00,2.303,2.346,2.298,2.346,683029.7
2024-11-29 05:00:00,2.345,2.357,2.311,2.313,797192.4
2024-11-29 06:00:00,2.314,2.332,2.301,2.314,577161.6
2024-11-29 07:00:00,2.315,2.33,2.274,2.279,1053594.8
2024-11-29 08:00:00,2.28,2.327,2.28,2.31,571233.4
2024-11-29 09:00:00,2.31,2.348,2.306,2.346,605035.8
2024-11-29 10:00:00,2.346,2.346,2.312,2.328,821796.2
2024-11-29 11:00:00,2.328,2.34,2.316,2.322,632164.5
2024-11-29 12:00:00,2.324,2.333,2.288,2.307,1038145.5
2024-11-29 13:00:00,2.306,2.329,2.304,2.327,875554.0
2024-11-29 14:00:00,2.327,2.33,2.297,2.314,1221565.2
2024-11-29 15:00:00,2.314,2.33,2.271,2.292,1043438.7
2024-11-29 16:00:00,2.293,2.325,2.291,2.302,532487.3
2024-11-29 17:00:00,2.302,2.321,2.283,2.313,416713.6
2024-11-29 18:00:00,2.313,2.32,2.294,2.3,320231.3
2024-11-29 19:00:00,2.3,2.319,2.286,2.318,317901.0
2024-11-29 20:00:00,2.319,2.33,2.312,2.317,287798.2
2024-11-29 21:00:00,2.318,2.328,2.304,2.328,285107.1
2024-11-29 22:00:00,2.328,2.347,2.323,2.336,450270.9
2024-11-29 23:00:00,2.336,2.344,2.323,2.326,275136.1
2024-11-30 00:00:00,2.327,2.371,2.312,2.357,741903.9
2024-11-30 01:00:00,2.357,2.358,2.315,2.327,362507.0
2024-11-30 02:00:00,2.326,2.329,2.294,2.317,423624.7
2024-11-30 03:00:00,2.318,2.346,2.305,2.346,409823.9
2024-11-30 04:00:00,2.346,2.362,2.323,2.328,417164.7
2024-11-30 05:00:00,2.327,2.345,2.305,2.338,727857.5
2024-11-30 06:00:00,2.339,2.348,2.308,2.318,664184.9
2024-11-30 07:00:00,2.318,2.346,2.31,2.343,512057.3
2024-11-30 08:00:00,2.342,2.35,2.318,2.329,713149.8
2024-11-30 09:00:00,2.329,2.392,2.317,2.379,1247844.1
2024-11-30 10:00:00,2.379,2.408,2.313,2.331,1604742.9
2024-11-30 11:00:00,2.331,2.37,2.319,2.339,579875.4
2024-11-30 12:00:00,2.34,2.424,2.34,2.413,1786343.5
2024-11-30 13:00:00,2.413,2.457,2.37,2.438,2015316.2
2024-11-30 14:00:00,2.438,2.488,2.427,2.431,1916488.8
2024-11-30 15:00:00,2.433,2.5,2.42,2.493,1619289.7
2024-11-30 16:00:00,2.494,2.524,2.446,2.464,1688607.4
2024-11-30 17:00:00,2.464,2.508,2.446,2.495,1043203.7
2024-11-30 18:00:00,2.496,2.505,2.454,2.455,883469.4
2024-11-30 19:00:00,2.454,2.475,2.438,2.459,595917.6
2024-11-30 20:00:00,2.458,2.467,2.446,2.449,508683.3
2024-11-30 21:00:00,2.449,2.452,2.425,2.435,825572.7
2024-11-30 22:00:00,2.435,2.438,2.41,2.433,439476.6
2024-11-30 23:00:00,2.434,2.435,2.407,2.411,403992.5
2024-12-01 00:00:00,2.412,2.428,2.353,2.356,1433226.9
2024-12-01 01:00:00,2.356,2.378,2.331,2.342,993870.9
2024-12-01 02:00:00,2.341,2.37,2.293,2.299,784785.7
2024-12-01 03:00:00,2.299,2.331,2.297,2.319,438425.7
2024-12-01 04:00:00,2.318,2.35,2.303,2.341,589532.6
2024-12-01 05:00:00,2.34,2.34,2.299,2.312,1163171.9
2024-12-01 06:00:00,2.312,2.339,2.312,2.336,490162.0
2024-12-01 07:00:00,2.336,2.377,2.331,2.376,370234.0
2024-12-01 08:00:00,2.375,2.38,2.355,2.37,511224.9
2024-12-01 09:00:00,2.372,2.373,2.336,2.352,487504.3
2024-12-01 10:00:00,2.352,2.357,2.319,2.345,494304.4
2024-12-01 11:00:00,2.345,2.356,2.338,2.347,358957.2
2024-12-01 12:00:00,2.346,2.355,2.332,2.338,606698.6
2024-12-01 13:00:00,2.337,2.367,2.331,2.355,572519.5
2024-12-01 14:00:00,2.355,2.363,2.341,2.358,536522.4
2024-12-01 15:00:00,2.358,2.379,2.345,2.365,657483.2
2024-12-01 16:00:00,2.366,2.387,2.355,2.355,579552.7
2024-12-01 17:00:00,2.356,2.36,2.328,2.35,690868.9
2024-12-01 18:00:00,2.35,2.361,2.337,2.342,339811.6
2024-12-01 19:00:00,2.342,2.345,2.315,2.33,636755.2
2024-12-01 20:00:00,2.33,2.334,2.298,2.325,746121.7
2024-12-01 21:00:00,2.326,2.34,2.317,2.325,417477.9
2024-12-01 22:00:00,2.326,2.348,2.315,2.345,369566.7
2024-12-01 23:00:00,2.345,2.358,2.329,2.34,518278.7
2024-12-02 00:00:00,2.34,2.346,2.303,2.319,457417.1
2024-12-02 01:00:00,2.319,2.358,2.31,2.355,683691.0
2024-12-02 02:00:00,2.355,2.358,2.312,2.35,400270.9
2024-12-02 03:00:00,2.35,2.364,2.219,2.244,1454311.7
2024-12-02 04:00:00,2.244,2.262,2.19,2.255,1864989.1
2024-12-02 05:00:00,2.255,2.288,2.247,2.265,595365.0
2024-12-02 06:00:00,2.265,2.295,2.243,2.286,598374.1
2024-12-02 07:00:00,2.285,2.308,2.254,2.264,504613.6
2024-12-02 08:00:00,2.263,2.271,2.094,2.166,2477867.1
2024-12-02 09:00:00,2.167,2.213,2.148,2.21,881633.7
2024-12-02 10:00:00,2.211,2.213,2.152,2.157,668117.4
2024-12-02 11:00:00,2.157,2.194,2.15,2.172,536523.9
2024-12-02 12:00:00,2.171,2.203,2.157,2.173,577333.7
2024-12-02 13:00:00,2.173,2.215,2.168,2.203,677855.9
2024-12-02 14:00:00,2.204,2.235,2.182,2.213,785000.4
2024-12-02 15:00:00,2.214,2.251,2.197,2.242,807496.2
2024-12-02 16:00:00,2.241,2.248,2.164,2.192,835529.7
2024-12-02 17:00:00,2.192,2.205,2.126,2.135,1088282.0
2024-12-02 18:00:00,2.135,2.193,2.134,2.186,669925.2
2024-12-02 19:00:00,2.185,2.19,2.153,2.186,557353.6
2024-12-02 20:00:00,2.187,2.22,2.183,2.206,784105.1
2024-12-02 21:00:00,2.205,2.23,2.192,2.217,650714.7
2024-12-02 22:00:00,2.217,2.232,2.203,2.221,785793.4
2024-12-02 23:00:00,2.219,2.28,2.217,2.268,478705.0
2024-12-03 00:00:00,2.268,2.295,2.249,2.283,759431.5
2024-12-03 01:00:00,2.283,2.292,2.248,2.248,608996.2
2024-12-03 02:00:00,2.248,2.277,2.227,2.276,683526.3
2024-12-03 03:00:00,2.276,2.326,2.267,2.286,775857.7
2024-12-03 04:00:00,2.286,2.339,2.279,2.332,668162.5
2024-12-03 05:00:00,2.332,2.368,2.319,2.356,764486.7
2024-12-03 06:00:00,2.356,2.405,2.321,2.339,1033642.0
2024-12-03 07:00:00,2.338,2.359,2.31,2.336,1149775.5
2024-12-03 08:00:00,2.336,2.364,2.303,2.32,948324.1
2024-12-03 09:00:00,2.32,2.328,2.284,2.309,768587.0
2024-12-03 10:00:00,2.309,2.336,2.272,2.274,933205.6
2024-12-03 11:00:00,2.273,2.346,2.271,2.319,695907.4
2024-12-03 12:00:00,2.319,2.343,2.3,2.331,958756.7
2024-12-03 13:00:00,2.33,2.353,2.11,2.191,2699884.9
2024-12-03 14:00:00,2.191,2.241,2.104,2.224,2887216.9
2024-12-03 15:00:00,2.223,2.271,2.215,2.251,1340741.1
2024-12-03 16:00:00,2.251,2.335,2.243,2.249,2014024.0
2024-12-03 17:00:00,2.249,2.3,2.231,2.294,732275.6
2024-12-03 18:00:00,2.295,2.6,2.287,2.437,5811801.4
2024-12-03 19:00:00,2.437,2.439,2.352,2.38,1937829.8
2024-12-03 20:00:00,2.38,2.505,2.369,2.422,2972441.3
2024-12-03 21:00:00,2.422,2.441,2.388,2.391,762386.8
2024-12-03 22:00:00,2.392,2.405,2.344,2.395,812005.9
2024-12-03 23:00:00,2.398,2.435,2.394,2.397,808025.5
2024-12-04 00:00:00,2.397,2.43,2.384,2.391,888774.6
2024-12-04 01:00:00,2.392,2.417,2.359,2.41,788584.6
2024-12-04 02:00:00,2.411,2.417,2.364,2.38,738415.1
2024-12-04 03:00:00,2.38,2.427,2.379,2.415,332385.1
2024-12-04 04:00:00,2.416,2.437,2.393,2.437,743691.3
2024-12-04 05:00:00,2.437,2.45,2.411,2.423,763513.0
2024-12-04 06:00:00,2.422,2.425,2.373,2.401,937729.5
2024-12-04 07:00:00,2.4,2.428,2.396,2.416,608262.6
2024-12-04 08:00:00,2.416,2.426,2.388,2.398,879531.5
2024-12-04 09:00:00,2.397,2.417,2.38,2.405,974076.0
2024-12-04 10:00:00,2.404,2.421,2.397,2.407,643268.7
2024-12-04 11:00:00,2.406,2.471,2.403,2.422,1246540.8
2024-12-04 12:00:00,2.422,2.443,2.374,2.413,1428419.8
2024-12-04 13:00:00,2.413,2.433,2.377,2.401,1280846.1
2024-12-04 14:00:00,2.401,2.427,2.352,2.395,1219572.1
2024-12-04 15:00:00,2.395,2.45,2.357,2.407,2144187.5
2024-12-04 16:00:00,2.407,2.413,2.281,2.302,2186962.6
2024-12-04 17:00:00,2.302,2.386,2.291,2.362,1423979.1
2024-12-04 18:00:00,2.364,2.436,2.363,2.416,1975375.9
2024-12-04 19:00:00,2.415,2.442,2.407,2.409,800384.5
2024-12-04 20:00:00,2.409,2.427,2.324,2.353,1509715.2
2024-12-04 21:00:00,2.354,2.394,2.335,2.388,1535861.0
2024-12-04 22:00:00,2.387,2.417,2.384,2.402,720861.0
2024-12-04 23:00:00,2.401,2.414,2.325,2.37,1044154.7
2024-12-05 00:00:00,2.371,2.38,2.327,2.337,847733.7
2024-12-05 01:00:00,2.333,2.333,2.234,2.275,1901315.6
2024-12-05 02:00:00,2.275,2.375,2.272,2.344,1282889.2
2024-12-05 03:00:00,2.345,2.432,2.345,2.407,1655727.2
2024-12-05 04:00:00,2.407,2.454,2.383,2.426,1137244.5
2024-12-05 05:00:00,2.426,2.44,2.353,2.385,1184554.4
2024-12-05 06:00:00,2.385,2.391,2.343,2.364,861533.6
2024-12-05 07:00:00,2.364,2.433,2.362,2.427,882753.3
2024-12-05 08:00:00,2.429,2.446,2.409,2.421,1575939.6
2024-12-05 09:00:00,2.423,2.49,2.417,2.451,1802505.9
2024-12-05 10:00:00,2.45,2.458,2.417,2.421,987961.3
2024-12-05 11:00:00,2.42,2.458,2.415,2.452,527470.4
2024-12-05 12:00:00,2.452,2.523,2.446,2.509,1538562.7
2024-12-05 13:00:00,2.51,2.527,2.48,2.488,1238021.9
2024-12-05 14:00:00,2.488,2.5,2.451,2.49,1193077.6
2024-12-05 15:00:00,2.489,2.52,2.46,2.493,1857276.1
2024-12-05 16:00:00,2.493,2.656,2.487,2.642,4682221.0
2024-12-05 17:00:00,2.642,2.668,2.576,2.608,2333943.0
2024-12-05 18:00:00,2.608,2.62,2.545,2.55,1161130.8
2024-12-05 19:00:00,2.551,2.561,2.502,2.521,974611.2
2024-12-05 20:00:00,2.521,2.533,2.467,2.514,1266718.1
2024-12-05 21:00:00,2.514,2.549,2.502,2.512,743752.9
2024-12-05 22:00:00,2.512,2.52,2.387,2.496,2492269.8
2024-12-05 23:00:00,2.496,2.546,2.458,2.498,1240713.5
2024-12-06 00:00:00,2.499,2.576,2.466,2.563,1137662.6
2024-12-06 01:00:00,2.564,2.7,2.56,2.654,3375599.7
2024-12-06 02:00:00,2.654,2.657,2.606,2.621,1258111.8
2024-12-06 03:00:00,2.621,2.707,2.594,2.651,2911199.4
2024-12-06 04:00:00,2.65,2.69,2.63,2.661,1018861.2
2024-12-06 05:00:00,2.659,2.676,2.622,2.639,821024.2
2024-12-06 06:00:00,2.64,2.684,2.631,2.664,717970.8
2024-12-06 07:00:00,2.664,2.665,2.623,2.642,765522.0
2024-12-06 08:00:00,2.642,2.672,2.591,2.596,1211689.3
2024-12-06 09:00:00,2.596,2.602,2.522,2.542,1534568.5
2024-12-06 10:00:00,2.542,2.548,2.492,2.518,1260819.3
2024-12-06 11:00:00,2.518,2.541,2.505,2.516,828613.3
2024-12-06 12:00:00,2.516,2.545,2.451,2.456,1082744.2
2024-12-06 13:00:00,2.456,2.524,2.438,2.499,1776264.1
2024-12-06 14:00:00,2.499,2.55,2.481,2.546,1195061.6
2024-12-06 15:00:00,2.545,2.545,2.502,2.515,1478529.3
2024-12-06 16:00:00,2.515,2.542,2.501,2.539,882267.6
2024-12-06 17:00:00,2.539,2.554,2.529,2.533,897840.9
2024-12-06 18:00:00,2.532,2.545,2.528,2.535,698806.5
2024-12-06 19:00:00,2.535,2.566,2.532,2.565,616757.5
2024-12-06 20:00:00,2.565,2.572,2.529,2.539,1051173.9
2024-12-06 21:00:00,2.539,2.542,2.504,2.506,604826.0
2024-12-06 22:00:00,2.506,2.54,2.506,2.522,616520.5
2024-12-06 23:00:00,2.522,2.541,2.506,2.523,581445.7
2024-12-07 00:00:00,2.523,2.533,2.492,2.511,648962.4
2024-12-07 01:00:00,2.511,2.521,2.495,2.515,395415.9
2024-12-07 02:00:00,2.514,2.525,2.505,2.518,474899.6
2024-12-07 03:00:00,2.519,2.536,2.498,2.526,624629.5
2024-12-07 04:00:00,2.526,2.545,2.517,2.533,359651.7
2024-12-07 05:00:00,2.533,2.536,2.482,2.49,768569.1
2024-12-07 06:00:00,2.489,2.54,2.483,2.525,758688.8
2024-12-07 07:00:00,2.526,2.534,2.5,2.522,511694.2
2024-12-07 08:00:00,2.522,2.524,2.49,2.5,473773.2
2024-12-07 09:00:00,2.5,2.515,2.346,2.48,1356848.3
2024-12-07 10:00:00,2.48,2.49,2.465,2.489,592958.2
2024-12-07 11:00:00,2.489,2.498,2.48,2.488,536439.6
2024-12-07 12:00:00,2.488,2.509,2.475,2.493,514771.0
2024-12-07 13:00:00,2.493,2.496,2.464,2.468,622249.2
2024-12-07 14:00:00,2.468,2.488,2.455,2.482,554103.7
2024-12-07 15:00:00,2.482,2.487,2.47,2.482,360408.8
2024-12-07 16:00:00,2.482,2.482,2.457,2.463,391096.3
2024-12-07 17:00:00,2.463,2.466,2.421,2.429,813080.9
2024-12-07 18:00:00,2.429,2.455,2.427,2.449,319295.0
2024-12-07 19:00:00,2.449,2.461,2.437,2.438,279696.4
2024-12-07 20:00:00,2.438,2.444,2.426,2.43,362145.8
2024-12-07 21:00:00,2.429,2.446,2.424,2.444,261975.1
2024-12-07 22:00:00,2.444,2.449,2.43,2.431,195510.2
2024-12-07 23:00:00,2.43,2.443,2.403,2.409,496635.0
2024-12-08 00:00:00,2.41,2.45,2.408,2.441,558238.7
2024-12-08 01:00:00,2.441,2.45,2.429,2.432,279200.0
2024-12-08 02:00:00,2.432,2.444,2.427,2.435,211296.2
2024-12-08 03:00:00,2.434,2.449,2.431,2.431,200725.9
2024-12-08 04:00:00,2.431,2.437,2.392,2.396,1059739.4
2024-12-08 05:00:00,2.396,2.404,2.364,2.378,696211.7
2024-12-08 06:00:00,2.378,2.406,2.37,2.403,358021.4
2024-12-08 07:00:00,2.404,2.423,2.398,2.416,284088.0
2024-12-08 08:00:00,2.415,2.417,2.36,2.36,1200503.5
2024-12-08 09:00:00,2.36,2.394,2.35,2.366,652889.8
2024-12-08 10:00:00,2.368,2.4,2.366,2.386,536005.5
2024-12-08 11:00:00,2.386,2.395,2.373,2.384,303608.9
2024-12-08 12:00:00,2.384,2.402,2.372,2.394,764289.3
2024-12-08 13:00:00,2.395,2.401,2.385,2.399,479702.5
2024-12-08 14:00:00,2.399,2.418,2.391,2.402,504011.6
2024-12-08 15:00:00,2.404,2.435,2.386,2.434,712866.1
2024-12-08 16:00:00,2.435,2.436,2.387,2.388,1242419.6
2024-12-08 17:00:00,2.388,2.412,2.375,2.406,372235.4
2024-12-08 18:00:00,2.407,2.41,2.378,2.384,313201.8
2024-12-08 19:00:00,2.384,2.408,2.38,2.403,206968.2
2024-12-08 20:00:00,2.404,2.405,2.383,2.384,182220.2
2024-12-08 21:00:00,2.383,2.407,2.382,2.405,197433.0
2024-12-08 22:00:00,2.405,2.423,2.404,2.422,233878.1
2024-12-08 23:00:00,2.422,2.423,2.403,2.409,348409.2
2024-12-09 00:00:00,2.409,2.414,2.377,2.387,450580.9
2024-12-09 01:00:00,2.387,2.409,2.366,2.371,542228.8
2024-12-09 02:00:00,2.37,2.384,2.336,2.347,619072.3
2024-12-09 03:00:00,2.346,2.362,2.299,2.329,1063930.5
2024-12-09 04:00:00,2.328,2.343,2.301,2.331,483047.9
2024-12-09 05:00:00,2.332,2.373,2.328,2.358,626036.3
2024-12-09 06:00:00,2.359,2.364,2.301,2.315,537288.7
2024-12-09 07:00:00,2.316,2.339,2.287,2.318,900021.1
2024-12-09 08:00:00,2.319,2.321,2.244,2.256,1674432.2
2024-12-09 09:00:00,2.257,2.285,2.219,2.245,1432801.9
2024-12-09 10:00:00,2.245,2.276,2.243,2.265,567429.2
2024-12-09 11:00:00,2.265,2.265,2.204,2.212,1231893.1
2024-12-09 12:00:00,2.211,2.247,2.19,2.247,1095144.7
2024-12-09 13:00:00,2.246,2.297,2.229,2.277,871983.6
2024-12-09 14:00:00,2.278,2.304,2.254,2.291,1122784.1
2024-12-09 15:00:00,2.291,2.297,2.21,2.225,1237270.4
2024-12-09 16:00:00,2.225,2.259,2.212,2.225,936364.1
2024-12-09 17:00:00,2.224,2.237,2.205,2.205,571683.9
2024-12-09 18:00:00,2.206,2.234,2.206,2.221,373114.2
2024-12-09 19:00:00,2.22,2.225,2.203,2.204,536399.1
2024-12-09 20:00:00,2.204,2.21,2.002,2.076,5731425.0
2024-12-09 21:00:00,2.075,2.3,1.6,1.946,8262237.0
2024-12-09 22:00:00,1.946,2.048,1.734,1.948,5475287.4
2024-12-09 23:00:00,1.946,1.959,1.923,1.932,1702971.5
2024-12-10 00:00:00,1.933,1.956,1.871,1.948,2135247.7
2024-12-10 01:00:00,1.949,1.961,1.882,1.927,1717009.9
2024-12-10 02:00:00,1.927,1.927,1.844,1.844,2154590.0
2024-12-10 03:00:00,1.844,1.881,1.78,1.878,2667452.4
2024-12-10 04:00:00,1.877,1.92,1.84,1.918,1154528.9
2024-12-10 05:00:00,1.918,1.935,1.906,1.931,1372872.3
2024-12-10 06:00:00,1.93,1.954,1.916,1.946,1245064.6
2024-12-10 07:00:00,1.946,1.947,1.902,1.92,1274811.6
2024-12-10 08:00:00,1.921,1.926,1.892,1.92,829504.6
2024-12-10 09:00:00,1.919,1.945,1.909,1.925,1058018.2
2024-12-10 10:00:00,1.926,1.961,1.924,1.946,949078.7
2024-12-10 11:00:00,1.946,1.948,1.901,1.926,928322.3
2024-12-10 12:00:00,1.927,1.929,1.818,1.831,2083533.3
2024-12-10 13:00:00,1.831,1.878,1.83,1.858,1250919.3
2024-12-10 14:00:00,1.857,1.902,1.849,1.861,1742844.8
2024-12-10 15:00:00,1.862,1.876,1.752,1.756,4530809.5
2024-12-10 16:00:00,1.757,1.825,1.73,1.816,4322921.9
2024-12-10 17:00:00,1.816,1.899,1.725,1.727,2845065.9
2024-12-10 18:00:00,1.726,1.795,1.715,1.774,2014675.4
2024-12-10 19:00:00,1.774,1.837,1.771,1.832,1173264.3
2024-12-10 20:00:00,1.832,1.864,1.817,1.853,826179.7
2024-12-10 21:00:00,1.854,1.889,1.853,1.877,817124.7
2024-12-10 22:00:00,1.877,1.899,1.868,1.892,575010.5
2024-12-10 23:00:00,1.892,1.906,1.871,1.876,486406.2
2024-12-11 00:00:00,1.876,1.884,1.819,1.851,735635.3
2024-12-11 01:00:00,1.851,1.857,1.803,1.812,1089208.3
2024-12-11 02:00:00,1.813,1.889,1.806,1.871,775561.9
2024-12-11 03:00:00,1.871,1.896,1.869,1.892,749509.5
2024-12-11 04:00:00,1.892,1.898,1.839,1.863,1907009.6
2024-12-11 05:00:00,1.864,1.873,1.852,1.865,576163.2
2024-12-11 06:00:00,1.864,1.883,1.859,1.877,556642.6
2024-12-11 07:00:00,1.877,1.899,1.846,1.85,989941.4
2024-12-11 08:00:00,1.851,1.931,1.848,1.913,1076668.8
2024-12-11 09:00:00,1.914,1.917,1.889,1.916,618452.1
2024-12-11 10:00:00,1.915,1.917,1.898,1.908,450053.3
2024-12-11 11:00:00,1.908,1.923,1.902,1.908,926841.5
2024-12-11 12:00:00,1.907,1.958,1.907,1.938,929745.7
2024-12-11 13:00:00,1.938,2.03,1.932,1.983,3021200.3
2024-12-11 14:00:00,1.982,1.999,1.946,1.993,1149120.4
2024-12-11 15:00:00,1.994,2.044,1.992,2.026,1738701.7
2024-12-11 16:00:00,2.026,2.051,2.004,2.021,1015004.4
2024-12-11 17:00:00,2.021,2.035,1.986,1.991,993118.5
2024-12-11 18:00:00,1.991,2.037,1.986,2.014,834258.3
2024-12-11 19:00:00,2.014,2.03,2.011,2.024,412087.8
2024-12-11 20:00:00,2.025,2.037,2.006,2.015,469443.1
2024-12-11 21:00:00,2.015,2.019,1.999,2.016,396805.1
2024-12-11 22:00:00,2.015,2.054,2.014,2.025,648553.2
2024-12-11 23:00:00,2.026,2.036,2.017,2.024,292271.0
2024-12-12 00:00:00,2.024,2.036,1.987,2.002,638048.2
2024-12-12 01:00:00,2.002,2.035,2.0,2.015,473838.6
2024-12-12 02:00:00,2.015,2.111,2.014,2.111,1443825.1
2024-12-12 03:00:00,2.111,2.141,2.089,2.12,1048986.0
2024-12-12 04:00:00,2.121,2.148,2.117,2.14,645632.9
2024-12-12 05:00:00,2.14,2.176,2.139,2.139,733460.2
2024-12-12 06:00:00,2.139,2.149,2.112,2.135,635709.2
2024-12-12 07:00:00,2.136,2.151,2.117,2.119,495217.2
2024-12-12 08:00:00,2.12,2.144,2.12,2.131,589278.2
2024-12-12 09:00:00,2.132,2.145,2.116,2.131,550571.8
2024-12-12 10:00:00,2.131,2.133,2.078,2.088,870708.1
2024-12-12 11:00:00,2.088,2.092,2.058,2.078,874072.8
2024-12-12 12:00:00,2.079,2.14,2.079,2.136,714605.5
2024-12-12 13:00:00,2.136,2.154,2.085,2.109,2017014.1
2024-12-12 14:00:00,2.109,2.14,2.092,2.112,1411800.4
2024-12-12 15:00:00,2.112,2.126,2.09,2.112,922814.0
2024-12-12 16:00:00,2.112,2.147,2.105,2.127,1101578.8
2024-12-12 17:00:00,2.126,2.145,2.122,2.132,719243.6
2024-12-12 18:00:00,2.131,2.159,2.11,2.122,711320.6
2024-12-12 19:00:00,2.122,2.139,2.051,2.056,1132588.8
2024-12-12 20:00:00,2.055,2.108,2.055,2.1,527289.9
2024-12-12 21:00:00,2.1,2.104,2.067,2.072,496918.1
2024-12-12 22:00:00,2.072,2.075,2.032,2.057,772115.1
2024-12-12 23:00:00,2.057,2.077,2.056,2.074,234369.8
2024-12-13 00:00:00,2.075,2.105,2.07,2.089,456599.5
2024-12-13 01:00:00,2.088,2.088,2.027,2.061,444937.6
2024-12-13 02:00:00,2.061,2.117,2.057,2.097,432672.0
2024-12-13 03:00:00,2.097,2.099,2.075,2.087,383115.0
2024-12-13 04:00:00,2.087,2.094,2.05,2.065,308994.7
2024-12-13 05:00:00,2.065,2.085,2.055,2.057,241289.8
2024-12-13 06:00:00,2.057,2.071,2.018,2.019,545686.7
2024-12-13 07:00:00,2.019,2.038,1.994,2.021,1308309.7
2024-12-13 08:00:00,2.02,2.06,2.013,2.06,397603.3
2024-12-13 09:00:00,2.06,2.078,2.031,2.05,632988.7
2024-12-13 10:00:00,2.05,2.061,2.026,2.058,444426.3
2024-12-13 11:00:00,2.058,2.093,2.052,2.063,523879.9
2024-12-13 12:00:00,2.064,2.082,2.064,2.075,354216.7
2024-12-13 13:00:00,2.075,2.079,2.04,2.06,400264.3
2024-12-13 14:00:00,2.06,2.076,2.037,2.073,619544.6
2024-12-13 15:00:00,2.074,2.091,2.015,2.017,971680.2
2024-12-13 16:00:00,2.016,2.065,2.012,2.047,1065093.6
2024-12-13 17:00:00,2.047,2.061,2.023,2.049,544004.3
2024-12-13 18:00:00,2.049,2.068,2.034,2.042,464650.8
2024-12-13 19:00:00,2.043,2.048,2.028,2.044,473391.9
2024-12-13 20:00:00,2.045,2.083,2.044,2.075,429580.6
2024-12-13 21:00:00,2.075,2.092,2.064,2.074,458140.2
2024-12-13 22:00:00,2.074,2.076,2.041,2.041,212053.7
2024-12-13 23:00:00,2.041,2.095,2.038,2.091,218697.1
2024-12-14 00:00:00,2.092,2.098,2.064,2.077,257886.7
2024-12-14 01:00:00,2.077,2.114,2.077,2.099,388960.8
2024-12-14 02:00:00,2.099,2.101,2.073,2.076,193754.4
2024-12-14 03:00:00,2.076,2.083,2.057,2.062,163474.2
2024-12-14 04:00:00,2.062,2.067,2.04,2.051,296166.2
2024-12-14 05:00:00,2.052,2.066,2.046,2.062,227923.8
2024-12-14 06:00:00,2.061,2.09,2.058,2.082,229852.0
2024-12-14 07:00:00,2.081,2.084,2.048,2.048,215399.7
2024-12-14 08:00:00,2.048,2.07,2.048,2.061,407700.8
2024-12-14 09:00:00,2.061,2.069,2.049,2.056,382847.6
2024-12-14 10:00:00,2.056,2.058,2.026,2.039,301059.9
2024-12-14 11:00:00,2.039,2.051,2.031,2.034,233041.3
2024-12-14 12:00:00,2.035,2.042,1.991,1.992,772358.6
2024-12-14 13:00:00,1.991,2.001,1.945,1.963,1381827.8
2024-12-14 14:00:00,1.964,2.005,1.963,1.994,620091.8
2024-12-14 15:00:00,1.993,2.002,1.984,1.99,513558.0
2024-12-14 16:00:00,1.989,1.989,1.958,1.982,924835.8
2024-12-14 17:00:00,1.982,1.988,1.942,1.95,526946.1
2024-12-14 18:00:00,1.95,1.96,1.923,1.927,749506.5
2024-12-14 19:00:00,1.926,1.951,1.922,1.95,374237.0
2024-12-14 20:00:00,1.949,1.968,1.923,1.924,339177.7
2024-12-14 21:00:00,1.925,1.953,1.924,1.952,307047.4
2024-12-14 22:00:00,1.952,1.986,1.946,1.978,353634.4
2024-12-14 23:00:00,1.979,2.002,1.976,1.995,184389.6
2024-12-15 00:00:00,1.995,2.003,1.974,1.98,299091.6
2024-12-15 01:00:00,1.98,2.047,1.979,2.035,396594.4
2024-12-15 02:00:00,2.035,2.041,2.021,2.026,256780.0
2024-12-15 03:00:00,2.027,2.03,1.998,2.003,188875.8
2024-12-15 04:00:00,2.003,2.041,2.0,2.013,370460.2
2024-12-15 05:00:00,2.013,2.029,2.001,2.003,327061.6
2024-12-15 06:00:00,2.003,2.007,1.969,1.971,385689.3
2024-12-15 07:00:00,1.972,1.98,1.933,1.949,547443.0
2024-12-15 08:00:00,1.948,1.997,1.948,1.994,353690.7
2024-12-15 09:00:00,1.994,2.009,1.981,2.0,355030.1
2024-12-15 10:00:00,2.0,2.011,1.984,1.986,350222.7
2024-12-15 11:00:00,1.986,2.007,1.983,2.007,334693.3
2024-12-15 12:00:00,2.006,2.049,2.0,2.039,845722.3
2024-12-15 13:00:00,2.039,2.093,2.019,2.083,1528674.0
2024-12-15 14:00:00,2.084,2.111,2.082,2.097,793155.8
2024-12-15 15:00:00,2.097,2.103,2.061,2.069,509853.7
2024-12-15 16:00:00,2.07,2.087,2.063,2.083,460895.0
2024-12-15 17:00:00,2.083,2.083,2.054,2.062,310797.0
2024-12-15 18:00:00,2.062,2.064,2.044,2.056,386719.6
2024-12-15 19:00:00,2.057,2.072,2.056,2.063,266575.0
2024-12-15 20:00:00,2.063,2.087,2.055,2.058,469218.1
2024-12-15 21:00:00,2.058,2.061,2.007,2.009,552563.3
2024-12-15 22:00:00,2.008,2.05,1.993,2.043,423033.7
2024-12-15 23:00:00,2.043,2.094,2.04,2.084,713690.6
2024-12-16 00:00:00,2.084,2.118,2.072,2.11,727455.0
2024-12-16 01:00:00,2.108,2.114,2.093,2.106,421209.0
2024-12-16 02:00:00,2.107,2.109,2.058,2.062,390375.2
2024-12-16 03:00:00,2.062,2.071,2.023,2.034,427223.2
2024-12-16 04:00:00,2.033,2.05,2.024,2.045,232569.9
2024-12-16 05:00:00,2.044,2.044,2.026,2.037,475866.8
2024-12-16 06:00:00,2.036,2.051,2.008,2.014,376742.8
2024-12-16 07:00:00,2.013,2.045,2.007,2.039,349725.2
2024-12-16 08:00:00,2.04,2.043,2.006,2.007,455860.7
2024-12-16 09:00:00,2.008,2.019,1.995,2.0,551049.4
2024-12-16 10:00:00,2.0,2.013,1.987,2.007,451744.7
2024-12-16 11:00:00,2.007,2.007,1.947,1.956,849556.3
2024-12-16 12:00:00,1.955,1.978,1.955,1.962,884916.9
2024-12-16 13:00:00,1.962,1.986,1.955,1.968,546970.5
2024-12-16 14:00:00,1.968,2.009,1.968,1.983,656036.1
2024-12-16 15:00:00,1.984,2.011,1.978,1.996,633020.3
2024-12-16 16:00:00,1.995,2.015,1.982,1.998,713999.1
2024-12-16 17:00:00,1.999,2.04,1.998,2.012,1066503.6
2024-12-16 18:00:00,2.012,2.044,2.005,2.043,957821.7
2024-12-16 19:00:00,2.044,2.044,1.993,2.001,1091429.9
2024-12-16 20:00:00,2.002,2.025,1.988,1.994,953179.6
2024-12-16 21:00:00,1.994,2.026,1.993,2.025,721734.1
2024-12-16 22:00:00,2.026,2.031,2.003,2.006,474014.2
2024-12-16 23:00:00,2.006,2.014,1.981,1.993,603401.7
2024-12-17 00:00:00,1.994,2.002,1.956,1.965,866489.9
2024-12-17 01:00:00,1.965,1.992,1.962,1.981,531589.0
2024-12-17 02:00:00,1.981,2.003,1.98,1.987,320461.6
2024-12-17 03:00:00,1.986,2.007,1.986,2.005,404329.1
2024-12-17 04:00:00,2.004,2.004,1.966,1.978,501003.2
2024-12-17 05:00:00,1.977,1.993,1.971,1.986,326444.1
2024-12-17 06:00:00,1.986,1.99,1.961,1.981,526825.9
2024-12-17 07:00:00,1.982,2.0,1.961,1.971,1089393.3
2024-12-17 08:00:00,1.97,1.982,1.957,1.961,1174564.7
2024-12-17 09:00:00,1.961,2.013,1.953,1.999,990687.1
2024-12-17 10:00:00,1.999,2.0,1.981,1.998,1053247.7
2024-12-17 11:00:00,1.998,2.006,1.984,1.995,1213496.8
2024-12-17 12:00:00,1.994,2.016,1.985,2.003,1236286.4
2024-12-17 13:00:00,2.002,2.004,1.979,1.985,1574575.0
2024-12-17 14:00:00,1.986,1.988,1.932,1.949,2434878.7
2024-12-17 15:00:00,1.948,1.949,1.88,1.897,2404984.4
2024-12-17 16:00:00,1.896,1.929,1.875,1.92,959921.4
2024-12-17 17:00:00,1.921,1.947,1.918,1.942,447960.3
2024-12-17 18:00:00,1.941,1.941,1.912,1.914,386950.4
2024-12-17 19:00:00,1.913,1.932,1.901,1.924,386267.1
2024-12-17 20:00:00,1.924,1.938,1.917,1.926,352050.8
2024-12-17 21:00:00,1.925,1.935,1.909,1.922,266941.6
2024-12-17 22:00:00,1.922,1.924,1.881,1.89,418939.1
2024-12-17 23:00:00,1.89,1.893,1.864,1.893,540535.2
2024-12-18 00:00:00,1.893,1.901,1.867,1.883,527403.6
2024-12-18 01:00:00,1.883,1.9,1.866,1.872,407098.3
2024-12-18 02:00:00,1.87,1.891,1.86,1.888,465780.2
2024-12-18 03:00:00,1.887,1.892,1.87,1.873,437201.4
2024-12-18 04:00:00,1.873,1.875,1.83,1.856,983311.6
2024-12-18 05:00:00,1.856,1.875,1.849,1.857,716934.4
2024-12-18 06:00:00,1.857,1.871,1.833,1.85,694828.5
2024-12-18 07:00:00,1.849,1.869,1.842,1.863,513409.2
2024-12-18 08:00:00,1.863,1.866,1.842,1.853,576477.5
2024-12-18 09:00:00,1.853,1.879,1.853,1.871,740007.9
2024-12-18 10:00:00,1.871,1.872,1.85,1.865,462557.9
2024-12-18 11:00:00,1.865,1.878,1.864,1.871,306170.2
2024-12-18 12:00:00,1.871,1.872,1.816,1.833,719211.8
2024-12-18 13:00:00,1.833,1.846,1.82,1.83,704832.9
2024-12-18 14:00:00,1.83,1.86,1.83,1.834,856824.8
2024-12-18 15:00:00,1.834,1.865,1.82,1.843,757100.3
2024-12-18 16:00:00,1.844,1.857,1.828,1.848,617850.4
2024-12-18 17:00:00,1.848,1.865,1.823,1.856,608421.4
2024-12-18 18:00:00,1.857,1.894,1.847,1.893,519071.5
2024-12-18 19:00:00,1.894,1.898,1.813,1.813,1374500.9
2024-12-18 20:00:00,1.813,1.831,1.639,1.725,6661110.3
2024-12-18 21:00:00,1.725,1.761,1.707,1.742,1011189.9
2024-12-18 22:00:00,1.742,1.758,1.72,1.723,659955.2
2024-12-18 23:00:00,1.723,1.737,1.699,1.705,793393.9
2024-12-19 00:00:00,1.704,1.726,1.673,1.717,1343644.9
2024-12-19 01:00:00,1.718,1.718,1.614,1.642,1379862.1
2024-12-19 02:00:00,1.642,1.649,1.447,1.585,6557169.1
2024-12-19 03:00:00,1.586,1.622,1.581,1.615,1429429.1
2024-12-19 04:00:00,1.616,1.634,1.599,1.6,1388450.2
2024-12-19 05:00:00,1.6,1.616,1.586,1.609,1386712.0
2024-12-19 06:00:00,1.609,1.612,1.586,1.592,1204433.8
2024-12-19 07:00:00,1.593,1.609,1.589,1.598,1128559.9
2024-12-19 08:00:00,1.599,1.599,1.574,1.591,1298975.9
2024-12-19 09:00:00,1.59,1.608,1.588,1.604,946219.5
2024-12-19 10:00:00,1.604,1.629,1.582,1.612,1222972.0
2024-12-19 11:00:00,1.613,1.625,1.597,1.612,1041817.1
2024-12-19 12:00:00,1.612,1.619,1.565,1.568,1108548.9
2024-12-19 13:00:00,1.567,1.584,1.551,1.573,1059494.5
2024-12-19 14:00:00,1.573,1.61,1.564,1.577,1629165.3
2024-12-19 15:00:00,1.577,1.58,1.507,1.549,3096524.0
2024-12-19 16:00:00,1.548,1.558,1.518,1.553,1669812.3
2024-12-19 17:00:00,1.553,1.557,1.423,1.471,4157898.7
2024-12-19 18:00:00,1.471,1.504,1.426,1.5,5293464.5
2024-12-19 19:00:00,1.499,1.504,1.433,1.464,2975302.8
2024-12-19 20:00:00,1.465,1.486,1.409,1.479,3698048.7
2024-12-19 21:00:00,1.479,1.535,1.466,1.517,1958286.4
2024-12-19 22:00:00,1.517,1.541,1.514,1.533,842029.2
2024-12-19 23:00:00,1.533,1.536,1.504,1.507,754584.6
2024-12-20 00:00:00,1.508,1.557,1.492,1.551,1255192.2
2024-12-20 01:00:00,1.551,1.573,1.539,1.545,791768.9
2024-12-20 02:00:00,1.544,1.604,1.541,1.588,942871.2
2024-12-20 03:00:00,1.589,1.592,1.564,1.566,501444.8
2024-12-20 04:00:00,1.566,1.575,1.549,1.551,493828.3
2024-12-20 05:00:00,1.551,1.556,1.528,1.528,652150.9
2024-12-20 06:00:00,1.528,1.545,1.495,1.51,1257057.9
2024-12-20 07:00:00,1.511,1.564,1.508,1.536,970804.4
2024-12-20 08:00:00,1.536,1.538,1.414,1.426,2757301.1
2024-12-20 09:00:00,1.427,1.445,1.381,1.39,4469196.4
2024-12-20 10:00:00,1.389,1.401,1.34,1.352,4109871.4
2024-12-20 11:00:00,1.353,1.402,1.313,1.317,4572161.2
2024-12-20 12:00:00,1.317,1.434,1.316,1.424,2707233.6
2024-12-20 13:00:00,1.424,1.486,1.407,1.48,2346904.3
2024-12-20 14:00:00,1.48,1.507,1.466,1.479,1542631.9
2024-12-20 15:00:00,1.479,1.502,1.463,1.492,1622041.6
2024-12-20 16:00:00,1.493,1.529,1.479,1.511,1205349.9
2024-12-20 17:00:00,1.511,1.555,1.503,1.551,859819.1
2024-12-20 18:00:00,1.551,1.554,1.534,1.54,540908.3
2024-12-20 19:00:00,1.539,1.577,1.538,1.553,822013.4
2024-12-20 20:00:00,1.554,1.557,1.527,1.53,842746.3
2024-12-20 21:00:00,1.53,1.537,1.501,1.52,1118902.5
2024-12-20 22:00:00,1.52,1.558,1.51,1.552,496049.1
2024-12-20 23:00:00,1.553,1.568,1.537,1.539,606322.4
2024-12-21 00:00:00,1.54,1.554,1.531,1.541,918984.7
2024-12-21 01:00:00,1.542,1.585,1.54,1.555,989262.0
2024-12-21 02:00:00,1.556,1.562,1.542,1.547,312514.6
2024-12-21 03:00:00,1.548,1.554,1.537,1.55,407311.7
2024-12-21 04:00:00,1.55,1.564,1.546,1.562,327644.4
2024-12-21 05:00:00,1.562,1.607,1.559,1.607,547259.5
2024-12-21 06:00:00,1.607,1.622,1.598,1.62,763393.5
2024-12-21 07:00:00,1.62,1.638,1.611,1.615,567801.6
2024-12-21 08:00:00,1.615,1.62,1.57,1.576,802793.2
2024-12-21 09:00:00,1.577,1.582,1.557,1.575,611054.5
2024-12-21 10:00:00,1.574,1.587,1.56,1.571,525729.9
2024-12-21 11:00:00,1.571,1.575,1.545,1.561,528044.9
2024-12-21 12:00:00,1.562,1.563,1.503,1.504,1133233.3
2024-12-21 13:00:00,1.503,1.52,1.453,1.496,1735888.4
2024-12-21 14:00:00,1.495,1.513,1.47,1.472,722776.8
2024-12-21 15:00:00,1.472,1.503,1.472,1.492,581606.1
2024-12-21 16:00:00,1.492,1.492,1.457,1.46,934270.2
2024-12-21 17:00:00,1.46,1.475,1.434,1.465,1025432.9
2024-12-21 18:00:00,1.465,1.476,1.437,1.443,722166.8
2024-12-21 19:00:00,1.444,1.447,1.402,1.438,2004249.4
2024-12-21 20:00:00,1.439,1.459,1.426,1.443,866676.7
2024-12-21 21:00:00,1.444,1.453,1.423,1.433,784180.9
2024-12-21 22:00:00,1.433,1.439,1.416,1.43,402035.1
2024-12-21 23:00:00,1.429,1.441,1.412,1.439,328104.7
2024-12-22 00:00:00,1.44,1.468,1.424,1.454,549043.8
2024-12-22 01:00:00,1.454,1.467,1.433,1.453,439300.6
2024-12-22 02:00:00,1.452,1.458,1.432,1.441,515686.6
2024-12-22 03:00:00,1.442,1.46,1.421,1.453,434745.9
2024-12-22 04:00:00,1.452,1.456,1.418,1.418,418404.7
2024-12-22 05:00:00,1.418,1.441,1.399,1.436,735990.9
2024-12-22 06:00:00,1.436,1.459,1.429,1.453,630052.2
2024-12-22 07:00:00,1.454,1.457,1.436,1.448,341820.8
2024-12-22 08:00:00,1.448,1.474,1.447,1.459,542632.3
2024-12-22 09:00:00,1.459,1.482,1.446,1.469,611949.1
2024-12-22 10:00:00,1.468,1.483,1.465,1.471,490577.1
2024-12-22 11:00:00,1.471,1.477,1.459,1.462,335201.7
2024-12-22 12:00:00,1.463,1.489,1.456,1.469,560923.2
2024-12-22 13:00:00,1.469,1.486,1.458,1.472,745331.3
2024-12-22 14:00:00,1.473,1.478,1.425,1.428,1181570.4
2024-12-22 15:00:00,1.428,1.456,1.428,1.446,767317.3
2024-12-22 16:00:00,1.446,1.468,1.429,1.454,750986.9
2024-12-22 17:00:00,1.455,1.46,1.445,1.454,419116.4
2024-12-22 18:00:00,1.455,1.471,1.449,1.456,451293.2
2024-12-22 19:00:00,1.456,1.458,1.409,1.413,891703.8
2024-12-22 20:00:00,1.414,1.432,1.386,1.432,1419606.4
2024-12-22 21:00:00,1.432,1.45,1.424,1.435,449471.8
2024-12-22 22:00:00,1.435,1.441,1.403,1.44,740730.1
2024-12-22 23:00:00,1.44,1.454,1.425,1.433,406647.5
2024-12-23 00:00:00,1.434,1.438,1.412,1.419,537163.4
2024-12-23 01:00:00,1.419,1.444,1.395,1.42,625196.8
2024-12-23 02:00:00,1.421,1.436,1.405,1.433,526745.9
2024-12-23 03:00:00,1.433,1.49,1.425,1.484,760296.0
2024-12-23 04:00:00,1.485,1.495,1.469,1.476,750113.1
2024-12-23 05:00:00,1.475,1.483,1.458,1.465,424646.3
2024-12-23 06:00:00,1.466,1.471,1.429,1.434,579889.3
2024-12-23 07:00:00,1.434,1.458,1.429,1.452,468034.9
2024-12-23 08:00:00,1.452,1.463,1.445,1.46,329412.8
2024-12-23 09:00:00,1.46,1.482,1.459,1.466,503661.6
2024-12-23 10:00:00,1.465,1.477,1.457,1.47,548384.2
2024-12-23 11:00:00,1.47,1.474,1.452,1.457,259956.6
2024-12-23 12:00:00,1.457,1.481,1.457,1.475,450522.3
2024-12-23 13:00:00,1.474,1.477,1.439,1.448,931239.2
2024-12-23 14:00:00,1.448,1.47,1.427,1.443,653520.7
2024-12-23 15:00:00,1.442,1.449,1.43,1.431,804685.2
2024-12-23 16:00:00,1.431,1.48,1.428,1.475,746783.6
2024-12-23 17:00:00,1.474,1.488,1.463,1.469,586575.1
2024-12-23 18:00:00,1.469,1.477,1.451,1.453,364445.0
2024-12-23 19:00:00,1.452,1.495,1.452,1.484,498077.0
2024-12-23 20:00:00,1.484,1.561,1.484,1.556,998518.0
2024-12-23 21:00:00,1.556,1.591,1.546,1.549,1245431.6
2024-12-23 22:00:00,1.549,1.58,1.549,1.576,583091.0
2024-12-23 23:00:00,1.576,1.578,1.552,1.56,365894.2
2024-12-24 00:00:00,1.56,1.566,1.543,1.559,376885.5
2024-12-24 01:00:00,1.559,1.562,1.524,1.526,312342.9
2024-12-24 02:00:00,1.526,1.536,1.511,1.527,255586.6
2024-12-24 03:00:00,1.527,1.55,1.527,1.55,269331.8
2024-12-24 04:00:00,1.549,1.557,1.538,1.557,247051.7
2024-12-24 05:00:00,1.558,1.579,1.553,1.576,267863.6
2024-12-24 06:00:00,1.576,1.579,1.558,1.56,240213.1
2024-12-24 07:00:00,1.561,1.572,1.551,1.557,482453.6
2024-12-24 08:00:00,1.557,1.584,1.551,1.581,463273.1
2024-12-24 09:00:00,1.581,1.583,1.547,1.554,644741.0
2024-12-24 10:00:00,1.555,1.558,1.537,1.542,264725.1
2024-12-24 11:00:00,1.542,1.56,1.538,1.558,314958.3
2024-12-24 12:00:00,1.557,1.56,1.542,1.553,286244.4
2024-12-24 13:00:00,1.553,1.613,1.547,1.611,721884.0
2024-12-24 14:00:00,1.611,1.623,1.602,1.619,1040949.1
2024-12-24 15:00:00,1.619,1.646,1.608,1.631,745965.8
2024-12-24 16:00:00,1.631,1.671,1.63,1.645,865716.2
2024-12-24 17:00:00,1.645,1.655,1.627,1.632,372693.8
2024-12-24 18:00:00,1.631,1.648,1.621,1.623,363943.8
2024-12-24 19:00:00,1.623,1.627,1.603,1.603,315124.6
2024-12-24 20:00:00,1.603,1.607,1.585,1.591,385509.9
2024-12-24 21:00:00,1.59,1.618,1.59,1.615,292144.6
2024-12-24 22:00:00,1.615,1.622,1.604,1.617,195989.2
2024-12-24 23:00:00,1.617,1.628,1.613,1.622,154618.8
2024-12-25 00:00:00,1.622,1.622,1.604,1.613,260905.8
2024-12-25 01:00:00,1.613,1.625,1.608,1.615,202980.3
2024-12-25 02:00:00,1.615,1.617,1.602,1.612,378809.7
2024-12-25 03:00:00,1.611,1.619,1.591,1.595,241956.4
2024-12-25 04:00:00,1.595,1.61,1.591,1.602,255178.2
2024-12-25 05:00:00,1.603,1.613,1.6,1.607,164896.1
2024-12-25 06:00:00,1.607,1.613,1.586,1.587,266581.9
2024-12-25 07:00:00,1.588,1.606,1.58,1.584,259857.1
2024-12-25 08:00:00,1.584,1.597,1.58,1.586,266921.9
2024-12-25 09:00:00,1.585,1.59,1.578,1.583,193840.1
2024-12-25 10:00:00,1.583,1.621,1.579,1.587,492891.4
2024-12-25 11:00:00,1.587,1.6,1.564,1.568,309087.9
2024-12-25 12:00:00,1.568,1.587,1.562,1.579,493553.7
2024-12-25 13:00:00,1.579,1.592,1.575,1.583,289316.3
2024-12-25 14:00:00,1.582,1.596,1.569,1.573,448288.2
2024-12-25 15:00:00,1.574,1.577,1.552,1.56,267842.9
2024-12-25 16:00:00,1.56,1.568,1.54,1.554,383356.5
2024-12-25 17:00:00,1.553,1.563,1.544,1.563,299160.0
2024-12-25 18:00:00,1.562,1.57,1.557,1.566,280287.8
2024-12-25 19:00:00,1.565,1.583,1.564,1.577,198866.3
2024-12-25 20:00:00,1.577,1.588,1.557,1.56,271677.5
2024-12-25 21:00:00,1.56,1.571,1.548,1.562,258540.4
2024-12-25 22:00:00,1.562,1.57,1.552,1.56,195696.9
2024-12-25 23:00:00,1.561,1.578,1.56,1.576,153340.8
2024-12-26 00:00:00,1.577,1.595,1.559,1.564,314770.7
2024-12-26 01:00:00,1.564,1.576,1.551,1.557,248435.1
2024-12-26 02:00:00,1.556,1.567,1.539,1.541,271657.0
2024-12-26 03:00:00,1.541,1.548,1.534,1.54,290076.3
2024-12-26 04:00:00,1.539,1.539,1.515,1.527,635355.6
2024-12-26 05:00:00,1.527,1.531,1.518,1.524,218429.8
2024-12-26 06:00:00,1.523,1.529,1.512,1.527,327417.2
2024-12-26 07:00:00,1.528,1.529,1.498,1.513,507851.0
2024-12-26 08:00:00,1.514,1.517,1.467,1.484,1152891.6
2024-12-26 09:00:00,1.484,1.492,1.481,1.486,321758.8
2024-12-26 10:00:00,1.485,1.505,1.477,1.496,332325.0
2024-12-26 11:00:00,1.496,1.516,1.495,1.505,257286.0
2024-12-26 12:00:00,1.505,1.509,1.495,1.498,213161.3
2024-12-26 13:00:00,1.498,1.499,1.479,1.495,425212.1
2024-12-26 14:00:00,1.494,1.514,1.484,1.495,659197.5
2024-12-26 15:00:00,1.495,1.511,1.488,1.496,460378.7
2024-12-26 16:00:00,1.496,1.515,1.493,1.508,364674.3
2024-12-26 17:00:00,1.508,1.509,1.467,1.482,519860.3
2024-12-26 18:00:00,1.482,1.491,1.471,1.486,362892.5
2024-12-26 19:00:00,1.486,1.488,1.471,1.485,192322.8
2024-12-26 20:00:00,1.484,1.486,1.461,1.468,277877.2
2024-12-26 21:00:00,1.468,1.485,1.454,1.481,328441.5
2024-12-26 22:00:00,1.482,1.494,1.48,1.49,233748.9
2024-12-26 23:00:00,1.489,1.489,1.468,1.483,226149.7
2024-12-27 00:00:00,1.484,1.491,1.469,1.487,278127.0
2024-12-27 01:00:00,1.487,1.502,1.479,1.494,354682.0
2024-12-27 02:00:00,1.494,1.51,1.482,1.485,354628.2
2024-12-27 03:00:00,1.486,1.496,1.479,1.489,308164.9
2024-12-27 04:00:00,1.489,1.498,1.471,1.474,246393.3
2024-12-27 05:00:00,1.475,1.488,1.462,1.488,443588.5
2024-12-27 06:00:00,1.488,1.51,1.483,1.508,406323.6
2024-12-27 07:00:00,1.508,1.511,1.46,1.476,605314.7
2024-12-27 08:00:00,1.476,1.519,1.476,1.499,690589.3
2024-12-27 09:00:00,1.499,1.574,1.498,1.559,1159623.7
2024-12-27 10:00:00,1.559,1.563,1.525,1.549,717057.3
2024-12-27 11:00:00,1.549,1.564,1.547,1.563,491006.0
2024-12-27 12:00:00,1.564,1.569,1.55,1.556,495516.6
2024-12-27 13:00:00,1.557,1.56,1.535,1.544,513150.2
2024-12-27 14:00:00,1.543,1.543,1.501,1.514,616892.8
2024-12-27 15:00:00,1.514,1.515,1.482,1.496,887777.4
2024-12-27 16:00:00,1.496,1.503,1.475,1.491,787507.1
2024-12-27 17:00:00,1.492,1.538,1.479,1.535,524022.7
2024-12-27 18:00:00,1.536,1.538,1.517,1.525,347919.9
2024-12-27 19:00:00,1.525,1.525,1.509,1.517,256289.2
2024-12-27 20:00:00,1.517,1.519,1.502,1.514,441567.2
2024-12-27 21:00:00,1.515,1.516,1.491,1.491,204009.0
2024-12-27 22:00:00,1.492,1.504,1.48,1.488,333506.1
2024-12-27 23:00:00,1.487,1.494,1.477,1.492,315691.1
2024-12-28 00:00:00,1.492,1.498,1.482,1.49,325636.1
2024-12-28 01:00:00,1.49,1.495,1.467,1.476,301444.6
2024-12-28 02:00:00,1.476,1.489,1.469,1.469,282893.9
2024-12-28 03:00:00,1.468,1.477,1.466,1.471,286485.6
2024-12-28 04:00:00,1.471,1.473,1.44,1.446,740409.5
2024-12-28 05:00:00,1.447,1.475,1.447,1.465,413069.6
2024-12-28 06:00:00,1.465,1.47,1.444,1.448,334431.6
2024-12-28 07:00:00,1.449,1.462,1.443,1.447,410555.4
2024-12-28 08:00:00,1.446,1.466,1.445,1.463,232519.6
2024-12-28 09:00:00,1.462,1.472,1.46,1.468,200841.7
2024-12-28 10:00:00,1.469,1.469,1.456,1.457,213722.3
2024-12-28 11:00:00,1.457,1.472,1.457,1.471,189653.9
2024-12-28 12:00:00,1.471,1.472,1.458,1.461,202694.0
2024-12-28 13:00:00,1.461,1.505,1.461,1.498,725477.3
2024-12-28 14:00:00,1.498,1.532,1.495,1.508,605054.7
2024-12-28 15:00:00,1.508,1.529,1.505,1.51,430960.6
2024-12-28 16:00:00,1.51,1.543,1.501,1.54,321397.8
2024-12-28 17:00:00,1.54,1.551,1.532,1.538,387853.7
2024-12-28 18:00:00,1.538,1.541,1.527,1.533,264215.4
2024-12-28 19:00:00,1.532,1.543,1.529,1.54,224670.9
2024-12-28 20:00:00,1.54,1.543,1.531,1.539,162247.1
2024-12-28 21:00:00,1.539,1.547,1.531,1.547,127812.0
2024-12-28 22:00:00,1.547,1.563,1.545,1.554,180494.0
2024-12-28 23:00:00,1.553,1.554,1.539,1.541,270146.8
2024-12-29 00:00:00,1.542,1.544,1.529,1.535,251793.4
2024-12-29 01:00:00,1.535,1.544,1.52,1.522,215115.2
2024-12-29 02:00:00,1.523,1.543,1.522,1.535,152419.2
2024-12-29 03:00:00,1.535,1.543,1.528,1.543,316866.5
2024-12-29 04:00:00,1.544,1.549,1.527,1.528,126526.7
2024-12-29 05:00:00,1.529,1.533,1.524,1.527,98053.8
2024-12-29 06:00:00,1.526,1.535,1.516,1.534,207971.0
2024-12-29 07:00:00,1.534,1.54,1.526,1.539,204008.1
2024-12-29 08:00:00,1.539,1.542,1.522,1.524,135513.0
2024-12-29 09:00:00,1.525,1.527,1.517,1.523,132825.5
2024-12-29 10:00:00,1.523,1.526,1.518,1.519,147420.8
2024-12-29 11:00:00,1.52,1.521,1.502,1.502,210627.9
2024-12-29 12:00:00,1.503,1.509,1.488,1.49,382642.9
2024-12-29 13:00:00,1.49,1.504,1.486,1.501,190044.1
2024-12-29 14:00:00,1.502,1.514,1.479,1.489,445731.3
2024-12-29 15:00:00,1.489,1.499,1.48,1.494,271775.2
2024-12-29 16:00:00,1.494,1.496,1.475,1.476,418717.7
2024-12-29 17:00:00,1.476,1.481,1.469,1.475,254917.9
2024-12-29 18:00:00,1.474,1.478,1.468,1.476,181896.8
2024-12-29 19:00:00,1.476,1.48,1.472,1.475,104090.5
2024-12-29 20:00:00,1.474,1.475,1.455,1.475,270374.9
2024-12-29 21:00:00,1.474,1.479,1.459,1.463,207807.1
2024-12-29 22:00:00,1.462,1.466,1.445,1.456,300888.5
2024-12-29 23:00:00,1.457,1.464,1.448,1.459,214143.0
2024-12-30 00:00:00,1.46,1.477,1.45,1.471,254589.1
2024-12-30 01:00:00,1.472,1.51,1.468,1.495,358860.8
2024-12-30 02:00:00,1.496,1.502,1.48,1.493,289987.7
2024-12-30 03:00:00,1.494,1.505,1.481,1.483,241080.2
2024-12-30 04:00:00,1.483,1.495,1.467,1.467,248103.5
2024-12-30 05:00:00,1.466,1.479,1.463,1.477,209685.2
2024-12-30 06:00:00,1.478,1.503,1.477,1.492,390728.1
2024-12-30 07:00:00,1.493,1.496,1.47,1.483,251011.1
2024-12-30 08:00:00,1.483,1.499,1.474,1.481,323827.2
2024-12-30 09:00:00,1.481,1.482,1.466,1.469,386886.1
2024-12-30 10:00:00,1.468,1.471,1.452,1.454,354996.4
2024-12-30 11:00:00,1.455,1.459,1.438,1.455,502858.7
2024-12-30 12:00:00,1.454,1.48,1.452,1.459,409179.0
2024-12-30 13:00:00,1.46,1.467,1.41,1.413,748530.6
2024-12-30 14:00:00,1.413,1.429,1.401,1.404,852198.2
2024-12-30 15:00:00,1.406,1.421,1.4,1.408,1012863.3
2024-12-30 16:00:00,1.407,1.416,1.384,1.395,705422.2
2024-12-30 17:00:00,1.395,1.447,1.394,1.44,668229.3
2024-12-30 18:00:00,1.44,1.479,1.439,1.479,556351.6
2024-12-30 19:00:00,1.48,1.483,1.466,1.471,368132.0
2024-12-30 20:00:00,1.471,1.491,1.471,1.475,362068.4
2024-12-30 21:00:00,1.475,1.475,1.419,1.423,822135.6
2024-12-30 22:00:00,1.423,1.438,1.421,1.428,149752.7
2024-12-30 23:00:00,1.426,1.432,1.419,1.431,117662.6
2024-12-31 00:00:00,1.431,1.433,1.408,1.412,326564.3
2024-12-31 01:00:00,1.413,1.417,1.397,1.402,406580.9
2024-12-31 02:00:00,1.402,1.41,1.392,1.404,280224.1
2024-12-31 03:00:00,1.404,1.405,1.388,1.399,261185.6
2024-12-31 04:00:00,1.399,1.416,1.389,1.391,290155.6
2024-12-31 05:00:00,1.392,1.409,1.39,1.406,162343.6
2024-12-31 06:00:00,1.406,1.416,1.39,1.397,538193.6
2024-12-31 07:00:00,1.397,1.405,1.392,1.398,215835.8
2024-12-31 08:00:00,1.399,1.44,1.395,1.421,656973.3
2024-12-31 09:00:00,1.421,1.433,1.414,1.426,309643.1
2024-12-31 10:00:00,1.426,1.432,1.413,1.417,335611.3
2024-12-31 11:00:00,1.417,1.43,1.417,1.425,281677.9
2024-12-31 12:00:00,1.426,1.432,1.412,1.413,401292.3
2024-12-31 13:00:00,1.413,1.453,1.411,1.447,622880.2
2024-12-31 14:00:00,1.449,1.466,1.444,1.447,644298.7
2024-12-31 15:00:00,1.448,1.452,1.435,1.443,373269.2
2024-12-31 16:00:00,1.444,1.449,1.431,1.442,407855.0
2024-12-31 17:00:00,1.441,1.444,1.395,1.416,618872.1
2024-12-31 18:00:00,1.416,1.424,1.409,1.411,213158.4
2024-12-31 19:00:00,1.41,1.412,1.401,1.406,240847.7
2024-12-31 20:00:00,1.405,1.411,1.391,1.397,367965.2
2024-12-31 21:00:00,1.398,1.408,1.395,1.405,180985.6
2024-12-31 22:00:00,1.405,1.405,1.372,1.38,523131.3
2024-12-31 23:00:00,1.38,1.392,1.379,1.386,346594.5
2025-01-01 00:00:00,1.386,1.411,1.382,1.409,526410.7
2025-01-01 01:00:00,1.41,1.412,1.39,1.393,147323.3
2025-01-01 02:00:00,1.393,1.41,1.393,1.408,127393.1
2025-01-01 03:00:00,1.408,1.41,1.395,1.399,122181.2
2025-01-01 04:00:00,1.399,1.401,1.392,1.394,159779.8
2025-01-01 05:00:00,1.394,1.403,1.394,1.396,80550.9
2025-01-01 06:00:00,1.396,1.399,1.39,1.397,105314.8
2025-01-01 07:00:00,1.397,1.406,1.395,1.402,115938.0
2025-01-01 08:00:00,1.403,1.418,1.396,1.396,565384.5
2025-01-01 09:00:00,1.397,1.4,1.378,1.395,451802.4
2025-01-01 10:00:00,1.397,1.414,1.397,1.408,376311.2
2025-01-01 11:00:00,1.409,1.433,1.404,1.425,308847.9
2025-01-01 12:00:00,1.425,1.441,1.415,1.438,286294.3
2025-01-01 13:00:00,1.437,1.451,1.424,1.431,423703.7
2025-01-01 14:00:00,1.431,1.446,1.423,1.443,286770.2
2025-01-01 15:00:00,1.444,1.46,1.433,1.459,299486.9
2025-01-01 16:00:00,1.459,1.466,1.44,1.444,413708.2
2025-01-01 17:00:00,1.444,1.452,1.431,1.451,310874.4
2025-01-01 18:00:00,1.451,1.468,1.441,1.467,294343.2
2025-01-01 19:00:00,1.467,1.491,1.463,1.482,323383.3
2025-01-01 20:00:00,1.483,1.502,1.483,1.499,420088.7
2025-01-01 21:00:00,1.5,1.509,1.492,1.499,307618.5
2025-01-01 22:00:00,1.5,1.502,1.488,1.499,220854.3
2025-01-01 23:00:00,1.5,1.501,1.489,1.493,247446.3
2025-01-02 00:00:00,1.493,1.518,1.483,1.51,513036.9
2025-01-02 01:00:00,1.511,1.525,1.509,1.518,352391.0
2025-01-02 02:00:00,1.518,1.545,1.517,1.545,527708.9
2025-01-02 03:00:00,1.544,1.566,1.533,1.564,491764.6
2025-01-02 04:00:00,1.565,1.599,1.562,1.589,1062925.4
2025-01-02 05:00:00,1.59,1.594,1.572,1.584,492625.2
2025-01-02 06:00:00,1.585,1.601,1.566,1.573,680040.5
2025-01-02 07:00:00,1.574,1.611,1.569,1.606,983613.5
2025-01-02 08:00:00,1.606,1.626,1.588,1.6,835845.6
2025-01-02 09:00:00,1.599,1.635,1.592,1.61,1371299.5
2025-01-02 10:00:00,1.61,1.613,1.595,1.602,740766.6
2025-01-02 11:00:00,1.602,1.606,1.586,1.597,516887.1
2025-01-02 12:00:00,1.597,1.604,1.586,1.59,357711.3
2025-01-02 13:00:00,1.591,1.594,1.573,1.578,465598.4
2025-01-02 14:00:00,1.578,1.602,1.562,1.589,1007309.9
2025-01-02 15:00:00,1.59,1.593,1.569,1.573,493517.3
2025-01-02 16:00:00,1.574,1.585,1.567,1.577,265864.8
2025-01-02 17:00:00,1.578,1.58,1.551,1.561,345203.6
2025-01-02 18:00:00,1.562,1.566,1.555,1.562,249153.1
2025-01-02 19:00:00,1.562,1.564,1.552,1.556,219702.0
2025-01-02 20:00:00,1.557,1.567,1.551,1.558,188973.3
2025-01-02 21:00:00,1.559,1.562,1.552,1.556,128244.9
2025-01-02 22:00:00,1.556,1.556,1.535,1.552,222802.0
2025-01-02 23:00:00,1.551,1.567,1.549,1.559,173996.2
2025-01-03 00:00:00,1.56,1.564,1.544,1.546,202253.6
2025-01-03 01:00:00,1.546,1.56,1.539,1.56,232464.1
2025-01-03 02:00:00,1.56,1.578,1.554,1.559,403277.0
2025-01-03 03:00:00,1.559,1.573,1.554,1.57,240754.9
2025-01-03 04:00:00,1.57,1.572,1.557,1.557,232743.5
2025-01-03 05:00:00,1.558,1.562,1.549,1.557,326478.3
2025-01-03 06:00:00,1.557,1.577,1.557,1.566,303882.3
2025-01-03 07:00:00,1.566,1.566,1.546,1.553,452649.3
2025-01-03 08:00:00,1.553,1.57,1.552,1.568,182214.4
2025-01-03 09:00:00,1.568,1.598,1.568,1.581,416376.0
2025-01-03 10:00:00,1.58,1.588,1.569,1.577,530672.3
2025-01-03 11:00:00,1.577,1.609,1.576,1.605,373199.4
2025-01-03 12:00:00,1.605,1.619,1.6,1.616,452045.8
2025-01-03 13:00:00,1.615,1.627,1.607,1.612,893732.2
2025-01-03 14:00:00,1.612,1.656,1.611,1.652,579512.7
2025-01-03 15:00:00,1.651,1.678,1.637,1.678,809335.5
2025-01-03 16:00:00,1.678,1.686,1.65,1.654,815808.6
2025-01-03 17:00:00,1.654,1.664,1.647,1.652,294787.9
2025-01-03 18:00:00,1.652,1.663,1.648,1.655,375559.7
2025-01-03 19:00:00,1.656,1.659,1.648,1.653,294239.2
2025-01-03 20:00:00,1.653,1.663,1.638,1.662,211031.0
2025-01-03 21:00:00,1.661,1.674,1.656,1.664,233116.2
2025-01-03 22:00:00,1.665,1.675,1.662,1.67,125612.5
2025-01-03 23:00:00,1.671,1.672,1.661,1.663,145295.9
2025-01-04 00:00:00,1.663,1.669,1.641,1.646,294097.1
2025-01-04 01:00:00,1.646,1.663,1.636,1.661,525540.3
2025-01-04 02:00:00,1.661,1.672,1.651,1.671,222820.7
2025-01-04 03:00:00,1.672,1.682,1.662,1.676,238117.5
2025-01-04 04:00:00,1.676,1.677,1.651,1.657,376781.0
2025-01-04 05:00:00,1.659,1.661,1.648,1.652,131004.3
2025-01-04 06:00:00,1.653,1.662,1.652,1.659,64830.2
2025-01-04 07:00:00,1.66,1.684,1.656,1.682,238890.8
2025-01-04 08:00:00,1.682,1.682,1.642,1.643,232924.4
2025-01-04 09:00:00,1.643,1.664,1.643,1.663,193256.4
2025-01-04 10:00:00,1.664,1.668,1.642,1.66,284515.1
2025-01-04 11:00:00,1.659,1.668,1.648,1.667,231991.4
2025-01-04 12:00:00,1.666,1.707,1.658,1.703,419432.3
2025-01-04 13:00:00,1.703,1.712,1.688,1.69,406600.0
2025-01-04 14:00:00,1.69,1.691,1.671,1.68,340727.5
2025-01-04 15:00:00,1.679,1.68,1.62,1.626,771666.5
2025-01-04 16:00:00,1.627,1.646,1.626,1.638,347406.0
2025-01-04 17:00:00,1.638,1.655,1.636,1.655,153448.1
2025-01-04 18:00:00,1.656,1.659,1.635,1.642,331516.2
2025-01-04 19:00:00,1.643,1.65,1.637,1.644,178278.9
2025-01-04 20:00:00,1.644,1.659,1.641,1.651,171819.0
2025-01-04 21:00:00,1.651,1.659,1.641,1.643,164505.5
2025-01-04 22:00:00,1.644,1.646,1.633,1.641,115054.7
2025-01-04 23:00:00,1.641,1.649,1.637,1.645,167033.5
2025-01-05 00:00:00,1.645,1.645,1.631,1.633,207659.2
2025-01-05 01:00:00,1.633,1.636,1.616,1.627,265926.3
2025-01-05 02:00:00,1.627,1.638,1.622,1.637,152964.4
2025-01-05 03:00:00,1.636,1.638,1.626,1.637,116718.8
2025-01-05 04:00:00,1.638,1.645,1.638,1.64,134932.4
2025-01-05 05:00:00,1.64,1.641,1.627,1.631,85727.2
2025-01-05 06:00:00,1.631,1.639,1.626,1.638,167672.8
2025-01-05 07:00:00,1.638,1.652,1.637,1.647,182978.3
2025-01-05 08:00:00,1.647,1.649,1.622,1.641,367596.9
2025-01-05 09:00:00,1.642,1.644,1.611,1.613,235636.6
2025-01-05 10:00:00,1.614,1.638,1.607,1.635,285905.8
2025-01-05 11:00:00,1.634,1.643,1.63,1.636,149527.4
2025-01-05 12:00:00,1.638,1.649,1.623,1.641,213452.9
2025-01-05 13:00:00,1.641,1.651,1.627,1.629,216766.2
2025-01-05 14:00:00,1.629,1.634,1.604,1.628,401976.1
2025-01-05 15:00:00,1.628,1.642,1.624,1.634,240677.3
2025-01-05 16:00:00,1.635,1.645,1.614,1.623,337702.5
2025-01-05 17:00:00,1.624,1.639,1.616,1.618,235222.6
2025-01-05 18:00:00,1.619,1.636,1.61,1.634,255733.9
2025-01-05 19:00:00,1.634,1.651,1.629,1.651,271666.1
2025-01-05 20:00:00,1.652,1.666,1.644,1.659,294629.6
2025-01-05 21:00:00,1.659,1.691,1.651,1.687,507955.4
2025-01-05 22:00:00,1.688,1.704,1.676,1.699,404681.0
2025-01-05 23:00:00,1.699,1.707,1.685,1.688,342223.0
2025-01-06 00:00:00,1.689,1.692,1.645,1.647,590069.7
2025-01-06 01:00:00,1.646,1.677,1.635,1.664,307585.5
2025-01-06 02:00:00,1.665,1.701,1.662,1.686,469118.2
2025-01-06 03:00:00,1.686,1.692,1.67,1.682,257176.3
2025-01-06 04:00:00,1.683,1.692,1.66,1.669,209308.6
2025-01-06 05:00:00,1.669,1.675,1.653,1.654,360159.2
2025-01-06 06:00:00,1.656,1.665,1.646,1.654,468123.3
2025-01-06 07:00:00,1.655,1.667,1.64,1.649,834548.4
2025-01-06 08:00:00,1.65,1.661,1.633,1.636,404580.5
2025-01-06 09:00:00,1.636,1.651,1.636,1.639,306470.2
2025-01-06 10:00:00,1.638,1.642,1.625,1.634,294185.8
2025-01-06 11:00:00,1.635,1.668,1.631,1.667,288446.7
2025-01-06 12:00:00,1.668,1.669,1.646,1.648,333853.2
2025-01-06 13:00:00,1.649,1.685,1.634,1.681,564287.4
2025-01-06 14:00:00,1.68,1.701,1.647,1.687,1015949.0
2025-01-06 15:00:00,1.689,1.751,1.682,1.734,2552492.5
2025-01-06 16:00:00,1.735,1.763,1.724,1.737,1263092.6
2025-01-06 17:00:00,1.736,1.736,1.7,1.713,758596.9
2025-01-06 18:00:00,1.713,1.721,1.704,1.711,239071.0
2025-01-06 19:00:00,1.711,1.716,1.706,1.711,208828.1
2025-01-06 20:00:00,1.71,1.721,1.701,1.709,308723.6
2025-01-06 21:00:00,1.709,1.71,1.686,1.687,366597.3
2025-01-06 22:00:00,1.687,1.705,1.682,1.701,198133.4
2025-01-06 23:00:00,1.701,1.704,1.686,1.7,264904.4
2025-01-07 00:00:00,1.699,1.708,1.686,1.687,211556.0
2025-01-07 01:00:00,1.688,1.69,1.673,1.681,238699.7
2025-01-07 02:00:00,1.68,1.683,1.643,1.645,725265.6
2025-01-07 03:00:00,1.646,1.666,1.643,1.66,347837.5
2025-01-07 04:00:00,1.66,1.665,1.654,1.657,132027.2
2025-01-07 05:00:00,1.657,1.664,1.651,1.663,155183.0
2025-01-07 06:00:00,1.662,1.677,1.654,1.675,193274.2
2025-01-07 07:00:00,1.675,1.68,1.662,1.671,168456.1
2025-01-07 08:00:00,1.671,1.69,1.669,1.689,306591.1
2025-01-07 09:00:00,1.69,1.695,1.663,1.678,330303.1
2025-01-07 10:00:00,1.677,1.679,1.664,1.667,188899.9
2025-01-07 11:00:00,1.667,1.668,1.639,1.651,779366.1
2025-01-07 12:00:00,1.651,1.659,1.641,1.654,319378.1
2025-01-07 13:00:00,1.655,1.686,1.654,1.669,510323.6
2025-01-07 14:00:00,1.67,1.673,1.62,1.635,636361.3
2025-01-07 15:00:00,1.635,1.65,1.55,1.581,4718974.8
2025-01-07 16:00:00,1.581,1.593,1.565,1.572,1141280.7
2025-01-07 17:00:00,1.573,1.576,1.546,1.562,1876416.5
2025-01-07 18:00:00,1.56,1.57,1.534,1.538,826721.4
2025-01-07 19:00:00,1.539,1.544,1.506,1.516,553715.9
2025-01-07 20:00:00,1.517,1.531,1.502,1.52,572989.6
2025-01-07 21:00:00,1.52,1.534,1.501,1.501,483882.8
2025-01-07 22:00:00,1.501,1.512,1.493,1.509,453072.8
2025-01-07 23:00:00,1.509,1.509,1.478,1.48,468515.7
2025-01-08 00:00:00,1.48,1.505,1.479,1.496,503382.5
2025-01-08 01:00:00,1.495,1.497,1.46,1.467,652985.1
2025-01-08 02:00:00,1.467,1.48,1.45,1.45,635452.4
2025-01-08 03:00:00,1.45,1.453,1.429,1.439,822631.0
2025-01-08 04:00:00,1.44,1.444,1.414,1.42,805228.5
2025-01-08 05:00:00,1.42,1.438,1.415,1.418,744627.7
2025-01-08 06:00:00,1.419,1.428,1.378,1.379,1340620.4
2025-01-08 07:00:00,1.378,1.406,1.377,1.405,675834.2
2025-01-08 08:00:00,1.404,1.423,1.397,1.41,1251109.2
2025-01-08 09:00:00,1.408,1.412,1.391,1.392,568474.9
2025-01-08 10:00:00,1.392,1.4,1.386,1.387,567715.0
2025-01-08 11:00:00,1.388,1.392,1.361,1.376,927005.7
2025-01-08 12:00:00,1.376,1.387,1.354,1.355,1051827.9
2025-01-08 13:00:00,1.355,1.387,1.354,1.37,956426.5
2025-01-08 14:00:00,1.37,1.386,1.364,1.376,899620.8
2025-01-08 15:00:00,1.375,1.395,1.356,1.368,1134162.2
2025-01-08 16:00:00,1.369,1.376,1.336,1.337,1227951.8
2025-01-08 17:00:00,1.337,1.347,1.265,1.323,4031944.9
2025-01-08 18:00:00,1.322,1.356,1.309,1.327,1546181.3
2025-01-08 19:00:00,1.327,1.341,1.317,1.317,1037329.0
2025-01-08 20:00:00,1.318,1.334,1.313,1.33,588119.5
2025-01-08 21:00:00,1.33,1.338,1.315,1.33,459933.0
2025-01-08 22:00:00,1.329,1.362,1.328,1.355,359387.9
2025-01-08 23:00:00,1.355,1.366,1.343,1.36,500576.5
2025-01-09 00:00:00,1.361,1.386,1.357,1.386,766368.5
2025-01-09 01:00:00,1.385,1.397,1.38,1.381,370349.0
2025-01-09 02:00:00,1.382,1.39,1.356,1.385,610598.5
2025-01-09 03:00:00,1.385,1.387,1.352,1.357,539805.5
2025-01-09 04:00:00,1.357,1.366,1.349,1.363,362003.3
2025-01-09 05:00:00,1.363,1.363,1.346,1.349,243262.0
2025-01-09 06:00:00,1.349,1.354,1.339,1.341,346718.4
2025-01-09 07:00:00,1.341,1.351,1.312,1.313,866556.0
2025-01-09 08:00:00,1.313,1.343,1.308,1.334,890170.8
2025-01-09 09:00:00,1.333,1.357,1.332,1.346,423297.2
2025-01-09 10:00:00,1.347,1.349,1.319,1.341,509719.9
2025-01-09 11:00:00,1.34,1.364,1.332,1.345,481908.0
2025-01-09 12:00:00,1.345,1.361,1.338,1.347,307139.0
2025-01-09 13:00:00,1.347,1.358,1.301,1.303,979681.2
2025-01-09 14:00:00,1.303,1.328,1.293,1.324,1433296.5
2025-01-09 15:00:00,1.323,1.385,1.316,1.373,1049266.9
2025-01-09 16:00:00,1.373,1.389,1.349,1.371,865702.1
2025-01-09 17:00:00,1.372,1.374,1.331,1.341,774413.9
2025-01-09 18:00:00,1.341,1.353,1.335,1.345,517527.9
2025-01-09 19:00:00,1.344,1.347,1.312,1.317,646456.7
2025-01-09 20:00:00,1.317,1.34,1.3,1.332,1419959.7
2025-01-09 21:00:00,1.331,1.342,1.313,1.316,522807.8
2025-01-09 22:00:00,1.316,1.355,1.315,1.337,259994.6
2025-01-09 23:00:00,1.337,1.344,1.329,1.341,134886.0
2025-01-10 00:00:00,1.343,1.358,1.343,1.35,178168.5
2025-01-10 01:00:00,1.351,1.36,1.341,1.355,277609.4
2025-01-10 02:00:00,1.355,1.367,1.349,1.361,176218.1
2025-01-10 03:00:00,1.361,1.371,1.354,1.371,250110.4
2025-01-10 04:00:00,1.371,1.383,1.363,1.366,341376.1
2025-01-10 05:00:00,1.366,1.398,1.361,1.389,502539.6
2025-01-10 06:00:00,1.389,1.406,1.379,1.403,477673.5
2025-01-10 07:00:00,1.404,1.424,1.392,1.41,788679.0
2025-01-10 08:00:00,1.41,1.419,1.388,1.4,359776.7
2025-01-10 09:00:00,1.4,1.407,1.392,1.402,436366.7
2025-01-10 10:00:00,1.403,1.407,1.377,1.386,575064.0
2025-01-10 11:00:00,1.386,1.388,1.356,1.368,843546.3
2025-01-10 12:00:00,1.369,1.38,1.361,1.378,496498.6
2025-01-10 13:00:00,1.378,1.384,1.314,1.336,3541590.5
2025-01-10 14:00:00,1.336,1.365,1.332,1.342,812412.3
2025-01-10 15:00:00,1.341,1.361,1.316,1.344,733010.7
2025-01-10 16:00:00,1.344,1.347,1.329,1.338,500105.1
2025-01-10 17:00:00,1.339,1.399,1.334,1.395,671638.9
2025-01-10 18:00:00,1.394,1.395,1.371,1.377,649147.6
2025-01-10 19:00:00,1.378,1.392,1.368,1.389,294667.8
2025-01-10 20:00:00,1.389,1.389,1.368,1.376,179586.4
2025-01-10 21:00:00,1.378,1.385,1.374,1.377,82874.8
2025-01-10 22:00:00,1.378,1.385,1.365,1.381,209531.3
2025-01-10 23:00:00,1.381,1.39,1.378,1.379,183369.9
2025-01-11 00:00:00,1.379,1.389,1.375,1.389,171821.8
2025-01-11 01:00:00,1.389,1.396,1.366,1.371,536373.6
2025-01-11 02:00:00,1.372,1.379,1.368,1.373,227002.6
2025-01-11 03:00:00,1.372,1.372,1.361,1.365,201584.2
2025-01-11 04:00:00,1.366,1.383,1.366,1.375,204672.1
2025-01-11 05:00:00,1.375,1.384,1.371,1.382,183985.6
2025-01-11 06:00:00,1.383,1.386,1.371,1.371,132367.3
2025-01-11 07:00:00,1.372,1.378,1.364,1.371,91013.8
2025-01-11 08:00:00,1.373,1.376,1.354,1.357,241603.3
2025-01-11 09:00:00,1.357,1.366,1.356,1.366,213310.4
2025-01-11 10:00:00,1.366,1.376,1.363,1.374,197448.1
2025-01-11 11:00:00,1.375,1.379,1.368,1.369,264772.4
2025-01-11 12:00:00,1.369,1.373,1.361,1.363,136431.7
2025-01-11 13:00:00,1.364,1.367,1.352,1.357,124687.0
2025-01-11 14:00:00,1.357,1.366,1.347,1.364,179578.4
2025-01-11 15:00:00,1.364,1.364,1.351,1.353,259851.2
2025-01-11 16:00:00,1.354,1.362,1.349,1.36,168082.1
2025-01-11 17:00:00,1.36,1.36,1.348,1.351,124413.7
2025-01-11 18:00:00,1.352,1.358,1.35,1.356,120759.6
2025-01-11 19:00:00,1.356,1.359,1.349,1.354,115885.3
2025-01-11 20:00:00,1.355,1.386,1.35,1.383,274207.5
2025-01-11 21:00:00,1.383,1.403,1.382,1.399,301563.4
2025-01-11 22:00:00,1.399,1.401,1.374,1.375,244098.6
2025-01-11 23:00:00,1.376,1.383,1.372,1.376,306361.2
2025-01-12 00:00:00,1.376,1.379,1.369,1.374,168635.1
2025-01-12 01:00:00,1.374,1.379,1.367,1.378,86658.5
2025-01-12 02:00:00,1.379,1.38,1.368,1.372,68260.4
2025-01-12 03:00:00,1.374,1.376,1.359,1.368,106767.6
2025-01-12 04:00:00,1.367,1.37,1.36,1.364,161500.4
2025-01-12 05:00:00,1.364,1.367,1.359,1.362,81594.7
2025-01-12 06:00:00,1.362,1.365,1.35,1.35,133587.4
2025-01-12 07:00:00,1.35,1.362,1.346,1.361,204330.0
2025-01-12 08:00:00,1.361,1.363,1.345,1.347,274674.1
2025-01-12 09:00:00,1.348,1.354,1.336,1.338,300575.7
2025-01-12 10:00:00,1.339,1.344,1.331,1.344,121325.2
2025-01-12 11:00:00,1.343,1.357,1.341,1.353,160670.9
2025-01-12 12:00:00,1.352,1.36,1.344,1.348,135895.0
2025-01-12 13:00:00,1.347,1.359,1.346,1.357,189064.6
2025-01-12 14:00:00,1.358,1.369,1.354,1.357,174017.5
2025-01-12 15:00:00,1.358,1.375,1.351,1.371,274551.3
2025-01-12 16:00:00,1.371,1.377,1.357,1.365,170466.8
2025-01-12 17:00:00,1.365,1.371,1.359,1.369,116820.3
2025-01-12 18:00:00,1.37,1.375,1.354,1.363,246060.1
2025-01-12 19:00:00,1.363,1.365,1.354,1.355,91288.9
2025-01-12 20:00:00,1.356,1.362,1.347,1.351,119982.9
2025-01-12 21:00:00,1.351,1.353,1.334,1.336,199736.4
2025-01-12 22:00:00,1.336,1.337,1.321,1.331,390929.7
2025-01-12 23:00:00,1.331,1.343,1.33,1.342,180701.5
2025-01-13 00:00:00,1.343,1.379,1.337,1.37,362028.7
2025-01-13 01:00:00,1.369,1.372,1.336,1.339,335095.1
2025-01-13 02:00:00,1.339,1.343,1.307,1.32,921825.8
2025-01-13 03:00:00,1.32,1.331,1.299,1.306,430839.1
2025-01-13 04:00:00,1.304,1.335,1.3,1.321,388964.8
2025-01-13 05:00:00,1.32,1.322,1.292,1.295,497820.7
2025-01-13 06:00:00,1.297,1.301,1.253,1.264,1796877.1
2025-01-13 07:00:00,1.264,1.286,1.261,1.274,783058.3
2025-01-13 08:00:00,1.275,1.276,1.244,1.251,863997.9
2025-01-13 09:00:00,1.251,1.257,1.223,1.236,1284036.7
2025-01-13 10:00:00,1.237,1.237,1.201,1.212,1447262.0
2025-01-13 11:00:00,1.211,1.212,1.176,1.179,1408866.1
2025-01-13 12:00:00,1.179,1.208,1.175,1.203,1196339.2
2025-01-13 13:00:00,1.204,1.232,1.197,1.203,1039025.9
2025-01-13 14:00:00,1.204,1.238,1.158,1.221,2837691.4
2025-01-13 15:00:00,1.223,1.247,1.218,1.228,945381.0
2025-01-13 16:00:00,1.228,1.239,1.209,1.212,729008.5
2025-01-13 17:00:00,1.211,1.223,1.198,1.201,540291.4
2025-01-13 18:00:00,1.2,1.219,1.177,1.213,1540970.4
2025-01-13 19:00:00,1.214,1.23,1.201,1.213,1125085.1
2025-01-13 20:00:00,1.214,1.254,1.202,1.247,571358.3
2025-01-13 21:00:00,1.248,1.262,1.236,1.26,562106.5
2025-01-13 22:00:00,1.26,1.286,1.26,1.276,496370.4
2025-01-13 23:00:00,1.277,1.28,1.27,1.274,320797.1
2025-01-14 00:00:00,1.275,1.285,1.262,1.268,364894.8
2025-01-14 01:00:00,1.269,1.289,1.269,1.273,333535.7
2025-01-14 02:00:00,1.272,1.295,1.27,1.28,321779.1
2025-01-14 03:00:00,1.281,1.292,1.277,1.277,254394.5
2025-01-14 04:00:00,1.278,1.292,1.275,1.291,349872.6
2025-01-14 05:00:00,1.291,1.302,1.276,1.28,356121.4
2025-01-14 06:00:00,1.281,1.294,1.276,1.288,259010.2
2025-01-14 07:00:00,1.289,1.295,1.273,1.275,222085.5
2025-01-14 08:00:00,1.274,1.291,1.274,1.277,283900.0
2025-01-14 09:00:00,1.278,1.318,1.276,1.308,829978.9
2025-01-14 10:00:00,1.307,1.309,1.287,1.292,422284.6
2025-01-14 11:00:00,1.293,1.293,1.273,1.28,286637.0
2025-01-14 12:00:00,1.28,1.286,1.267,1.273,449194.6
2025-01-14 13:00:00,1.273,1.301,1.267,1.289,1433843.9
2025-01-14 14:00:00,1.29,1.3,1.279,1.286,445813.9
2025-01-14 15:00:00,1.287,1.296,1.28,1.28,428493.4
2025-01-14 16:00:00,1.279,1.287,1.267,1.282,373234.9
2025-01-14 17:00:00,1.281,1.293,1.277,1.284,222382.1
2025-01-14 18:00:00,1.285,1.3,1.285,1.297,471143.5
2025-01-14 19:00:00,1.297,1.305,1.29,1.296,286710.1
2025-01-14 20:00:00,1.296,1.318,1.286,1.314,627152.6
2025-01-14 21:00:00,1.315,1.328,1.311,1.313,333987.4
2025-01-14 22:00:00,1.313,1.336,1.307,1.333,526377.7
2025-01-14 23:00:00,1.332,1.349,1.33,1.339,402349.3
2025-01-15 00:00:00,1.339,1.349,1.324,1.337,451080.1
2025-01-15 01:00:00,1.336,1.337,1.316,1.32,420633.7
2025-01-15 02:00:00,1.322,1.333,1.308,1.308,276815.4
2025-01-15 03:00:00,1.307,1.322,1.302,1.321,290640.5
2025-01-15 04:00:00,1.321,1.329,1.306,1.316,375046.5
2025-01-15 05:00:00,1.315,1.324,1.306,1.32,201903.4
2025-01-15 06:00:00,1.321,1.321,1.303,1.314,307451.4
2025-01-15 07:00:00,1.314,1.332,1.314,1.317,271272.1
2025-01-15 08:00:00,1.317,1.333,1.311,1.312,507039.2
2025-01-15 09:00:00,1.311,1.313,1.285,1.287,657933.5
2025-01-15 10:00:00,1.287,1.298,1.286,1.289,251285.6
2025-01-15 11:00:00,1.289,1.289,1.272,1.288,327678.9
2025-01-15 12:00:00,1.289,1.294,1.274,1.284,423488.4
2025-01-15 13:00:00,1.284,1.373,1.284,1.373,2310844.9
2025-01-15 14:00:00,1.372,1.391,1.358,1.382,1286982.7
2025-01-15 15:00:00,1.383,1.4,1.374,1.383,996672.4
2025-01-15 16:00:00,1.384,1.412,1.384,1.392,693978.7
2025-01-15 17:00:00,1.391,1.409,1.383,1.384,442293.7
2025-01-15 18:00:00,1.385,1.434,1.385,1.433,496419.6
2025-01-15 19:00:00,1.433,1.46,1.427,1.458,995252.9
2025-01-15 20:00:00,1.458,1.485,1.446,1.447,1076838.2
2025-01-15 21:00:00,1.448,1.46,1.442,1.444,418860.6
2025-01-15 22:00:00,1.444,1.461,1.437,1.458,225717.6
2025-01-15 23:00:00,1.459,1.461,1.45,1.458,254753.3
2025-01-16 00:00:00,1.457,1.466,1.421,1.426,366250.1
2025-01-16 01:00:00,1.427,1.438,1.424,1.431,165304.5
2025-01-16 02:00:00,1.43,1.43,1.421,1.424,213442.3
2025-01-16 03:00:00,1.424,1.428,1.408,1.417,307078.1
2025-01-16 04:00:00,1.418,1.422,1.406,1.411,455983.0
2025-01-16 05:00:00,1.412,1.421,1.403,1.41,511943.0
2025-01-16 06:00:00,1.41,1.427,1.406,1.424,214793.9
2025-01-16 07:00:00,1.424,1.425,1.414,1.416,356041.0
2025-01-16 08:00:00,1.417,1.419,1.376,1.382,848568.6
2025-01-16 09:00:00,1.382,1.394,1.376,1.392,314873.4
2025-01-16 10:00:00,1.393,1.393,1.377,1.386,194835.2
2025-01-16 11:00:00,1.386,1.406,1.376,1.405,547834.9
2025-01-16 12:00:00,1.404,1.434,1.396,1.426,700600.0
2025-01-16 13:00:00,1.427,1.428,1.396,1.408,832254.4
2025-01-16 14:00:00,1.408,1.416,1.216,1.373,1986714.5
2025-01-16 15:00:00,1.373,1.403,1.367,1.403,477231.2
2025-01-16 16:00:00,1.403,1.422,1.399,1.41,465201.6
2025-01-16 17:00:00,1.409,1.432,1.399,1.422,484907.5
2025-01-16 18:00:00,1.422,1.43,1.407,1.414,502451.6
2025-01-16 19:00:00,1.413,1.424,1.41,1.423,457066.7
2025-01-16 20:00:00,1.423,1.428,1.406,1.415,312574.9
2025-01-16 21:00:00,1.416,1.417,1.396,1.399,345037.3
2025-01-16 22:00:00,1.399,1.402,1.375,1.378,256744.3
2025-01-16 23:00:00,1.378,1.385,1.368,1.381,289541.6
2025-01-17 00:00:00,1.382,1.394,1.382,1.393,170307.7
2025-01-17 01:00:00,1.393,1.428,1.393,1.423,535495.9
2025-01-17 02:00:00,1.423,1.429,1.412,1.42,348265.9
2025-01-17 03:00:00,1.42,1.422,1.412,1.417,147885.7
2025-01-17 04:00:00,1.417,1.437,1.409,1.436,524237.2
2025-01-17 05:00:00,1.437,1.439,1.422,1.438,490277.7
2025-01-17 06:00:00,1.438,1.454,1.437,1.443,251356.5
2025-01-17 07:00:00,1.443,1.448,1.432,1.438,364220.1
2025-01-17 08:00:00,1.438,1.457,1.436,1.452,438417.8
2025-01-17 09:00:00,1.453,1.466,1.447,1.456,414614.0
2025-01-17 10:00:00,1.457,1.47,1.454,1.466,343112.2
2025-01-17 11:00:00,1.466,1.476,1.456,1.468,296025.6
2025-01-17 12:00:00,1.468,1.479,1.454,1.456,435146.6
2025-01-17 13:00:00,1.456,1.478,1.455,1.457,503138.8
2025-01-17 14:00:00,1.459,1.475,1.457,1.468,557599.2
2025-01-17 15:00:00,1.469,1.479,1.455,1.465,482159.6
2025-01-17 16:00:00,1.466,1.486,1.461,1.472,427201.6
2025-01-17 17:00:00,1.472,1.472,1.446,1.449,402328.0
2025-01-17 18:00:00,1.448,1.458,1.443,1.447,307629.5
2025-01-17 19:00:00,1.448,1.462,1.448,1.456,125136.0
2025-01-17 20:00:00,1.456,1.509,1.454,1.504,509116.8
2025-01-17 21:00:00,1.503,1.515,1.481,1.496,478401.8
2025-01-17 22:00:00,1.497,1.508,1.494,1.5,208242.6
2025-01-17 23:00:00,1.498,1.504,1.493,1.495,113592.9
2025-01-18 00:00:00,1.495,1.534,1.495,1.527,484892.7
2025-01-18 01:00:00,1.527,1.527,1.496,1.501,381646.7
2025-01-18 02:00:00,1.501,1.507,1.483,1.488,232694.1
2025-01-18 03:00:00,1.488,1.491,1.434,1.439,1007190.1
2025-01-18 04:00:00,1.438,1.45,1.419,1.428,537376.8
2025-01-18 05:00:00,1.428,1.433,1.367,1.369,1043642.9
2025-01-18 06:00:00,1.368,1.402,1.368,1.395,513749.4
2025-01-18 07:00:00,1.394,1.394,1.371,1.374,338808.8
2025-01-18 08:00:00,1.373,1.394,1.351,1.391,727756.2
2025-01-18 09:00:00,1.392,1.394,1.364,1.377,421244.1
2025-01-18 10:00:00,1.376,1.383,1.363,1.377,616440.4
2025-01-18 11:00:00,1.377,1.41,1.365,1.402,725195.7
2025-01-18 12:00:00,1.401,1.403,1.378,1.385,314990.6
2025-01-18 13:00:00,1.385,1.411,1.378,1.411,394571.7
2025-01-18 14:00:00,1.41,1.411,1.377,1.379,343652.7
2025-01-18 15:00:00,1.379,1.398,1.37,1.376,437727.6
2025-01-18 16:00:00,1.377,1.389,1.355,1.356,1040693.8
2025-01-18 17:00:00,1.356,1.375,1.355,1.357,374681.2
2025-01-18 18:00:00,1.357,1.366,1.344,1.348,422873.8
2025-01-18 19:00:00,1.349,1.37,1.349,1.367,317097.9
2025-01-18 20:00:00,1.367,1.369,1.341,1.347,289631.6
2025-01-18 21:00:00,1.347,1.358,1.344,1.345,203821.8
2025-01-18 22:00:00,1.344,1.359,1.342,1.351,149578.0
2025-01-18 23:00:00,1.352,1.379,1.35,1.373,350587.3
2025-01-19 00:00:00,1.374,1.397,1.367,1.387,489506.0
2025-01-19 01:00:00,1.388,1.411,1.386,1.408,517368.3
2025-01-19 02:00:00,1.408,1.419,1.399,1.402,341418.1
2025-01-19 03:00:00,1.402,1.409,1.384,1.387,295625.2
2025-01-19 04:00:00,1.387,1.387,1.361,1.364,649634.3
2025-01-19 05:00:00,1.363,1.367,1.348,1.363,331487.9
2025-01-19 06:00:00,1.362,1.363,1.336,1.337,519854.8
2025-01-19 07:00:00,1.337,1.345,1.318,1.331,468777.9
2025-01-19 08:00:00,1.33,1.33,1.277,1.281,1288334.2
2025-01-19 09:00:00,1.279,1.299,1.251,1.298,3376965.0
2025-01-19 10:00:00,1.297,1.297,1.268,1.272,887033.4
2025-01-19 11:00:00,1.272,1.276,1.232,1.245,1499148.0
2025-01-19 12:00:00,1.246,1.283,1.244,1.279,1249785.7
2025-01-19 13:00:00,1.279,1.309,1.274,1.309,957576.8
2025-01-19 14:00:00,1.308,1.394,1.302,1.388,2925470.9
2025-01-19 15:00:00,1.387,1.414,1.364,1.372,1002137.3
2025-01-19 16:00:00,1.372,1.382,1.357,1.363,610382.1
2025-01-19 17:00:00,1.364,1.388,1.35,1.388,532619.1
2025-01-19 18:00:00,1.388,1.399,1.371,1.383,618789.4
2025-01-19 19:00:00,1.383,1.406,1.376,1.393,428098.4
2025-01-19 20:00:00,1.394,1.403,1.371,1.382,816034.1
2025-01-19 21:00:00,1.383,1.383,1.3,1.303,5719578.3
2025-01-19 22:00:00,1.303,1.335,1.234,1.28,3002175.1
2025-01-19 23:00:00,1.279,1.28,1.12,1.251,4372668.7
2025-01-20 00:00:00,1.251,1.252,1.156,1.164,6372194.2
2025-01-20 01:00:00,1.164,1.192,1.162,1.179,2533667.7
2025-01-20 02:00:00,1.179,1.22,1.167,1.171,1525539.8
2025-01-20 03:00:00,1.172,1.201,1.166,1.195,856283.0
2025-01-20 04:00:00,1.195,1.217,1.178,1.2,781580.8
2025-01-20 05:00:00,1.2,1.229,1.193,1.211,985107.4
2025-01-20 06:00:00,1.212,1.302,1.212,1.3,4007245.7
2025-01-20 07:00:00,1.3,1.374,1.292,1.314,7452469.7
2025-01-20 08:00:00,1.315,1.33,1.304,1.314,615665.6
2025-01-20 09:00:00,1.314,1.316,1.286,1.295,688084.7
2025-01-20 10:00:00,1.295,1.306,1.273,1.28,707085.6
2025-01-20 11:00:00,1.281,1.288,1.269,1.279,507461.2
2025-01-20 12:00:00,1.279,1.279,1.223,1.241,2195485.9
2025-01-20 13:00:00,1.241,1.256,1.232,1.244,800132.3
2025-01-20 14:00:00,1.244,1.254,1.237,1.248,619750.6
2025-01-20 15:00:00,1.247,1.249,1.218,1.224,843467.2
2025-01-20 16:00:00,1.225,1.246,1.199,1.245,967651.6
2025-01-20 17:00:00,1.245,1.246,1.145,1.182,7203549.4
2025-01-20 18:00:00,1.183,1.216,1.182,1.213,902750.2
2025-01-20 19:00:00,1.214,1.215,1.191,1.2,663410.4
2025-01-20 20:00:00,1.199,1.212,1.189,1.2,386063.4
2025-01-20 21:00:00,1.2,1.208,1.174,1.176,479041.0
2025-01-20 22:00:00,1.176,1.203,1.161,1.2,440470.4
2025-01-20 23:00:00,1.201,1.207,1.184,1.19,389136.8
2025-01-21 00:00:00,1.191,1.195,1.157,1.159,515152.8
2025-01-21 01:00:00,1.159,1.174,1.142,1.153,963706.2
2025-01-21 02:00:00,1.153,1.155,1.131,1.149,615045.1
2025-01-21 03:00:00,1.149,1.15,1.133,1.145,580864.2
2025-01-21 04:00:00,1.144,1.145,1.114,1.145,677143.1
2025-01-21 05:00:00,1.145,1.153,1.127,1.131,770513.5
2025-01-21 06:00:00,1.13,1.152,1.124,1.146,603523.8
2025-01-21 07:00:00,1.146,1.155,1.139,1.143,545066.0
2025-01-21 08:00:00,1.143,1.155,1.13,1.142,756012.9
2025-01-21 09:00:00,1.142,1.158,1.141,1.153,807381.1
2025-01-21 10:00:00,1.154,1.194,1.148,1.19,737729.9
2025-01-21 11:00:00,1.189,1.2,1.172,1.187,849237.8
2025-01-21 12:00:00,1.188,1.206,1.179,1.196,561957.0
2025-01-21 13:00:00,1.197,1.203,1.177,1.189,710801.4
2025-01-21 14:00:00,1.189,1.207,1.173,1.178,899205.7
2025-01-21 15:00:00,1.178,1.184,1.146,1.152,1663719.5
2025-01-21 16:00:00,1.152,1.183,1.143,1.151,2216930.4
2025-01-21 17:00:00,1.152,1.246,1.143,1.215,4505231.4
2025-01-21 18:00:00,1.216,1.242,1.209,1.22,2984835.8
2025-01-21 19:00:00,1.221,1.221,1.191,1.211,1236546.9
2025-01-21 20:00:00,1.211,1.213,1.188,1.198,576983.1
2025-01-21 21:00:00,1.198,1.225,1.196,1.222,594103.4
2025-01-21 22:00:00,1.222,1.262,1.206,1.236,1285337.3
2025-01-21 23:00:00,1.236,1.239,1.21,1.229,892698.8
2025-01-22 00:00:00,1.228,1.252,1.218,1.24,702139.7
2025-01-22 01:00:00,1.239,1.247,1.224,1.229,620391.0
2025-01-22 02:00:00,1.229,1.243,1.22,1.236,441493.6
2025-01-22 03:00:00,1.236,1.251,1.229,1.23,378271.8
2025-01-22 04:00:00,1.231,1.241,1.215,1.231,582493.9
2025-01-22 05:00:00,1.231,1.249,1.229,1.244,492865.6
2025-01-22 06:00:00,1.243,1.259,1.237,1.258,790513.1
2025-01-22 07:00:00,1.258,1.26,1.242,1.249,442136.4
2025-01-22 08:00:00,1.248,1.25,1.221,1.246,825424.7
2025-01-22 09:00:00,1.246,1.246,1.228,1.231,416664.9
2025-01-22 10:00:00,1.231,1.236,1.219,1.231,394788.9
2025-01-22 11:00:00,1.231,1.243,1.221,1.239,825482.2
2025-01-22 12:00:00,1.24,1.261,1.233,1.246,860083.3
2025-01-22 13:00:00,1.245,1.251,1.224,1.231,1081040.0
2025-01-22 14:00:00,1.232,1.253,1.223,1.237,961769.0
2025-01-22 15:00:00,1.239,1.272,1.224,1.269,1583992.5
2025-01-22 16:00:00,1.269,1.269,1.231,1.252,1665097.3
2025-01-22 17:00:00,1.252,1.263,1.236,1.25,841506.0
2025-01-22 18:00:00,1.25,1.26,1.222,1.226,660887.3
2025-01-22 19:00:00,1.227,1.255,1.225,1.242,768138.8
2025-01-22 20:00:00,1.242,1.256,1.234,1.235,435989.5
2025-01-22 21:00:00,1.235,1.244,1.224,1.238,657252.8
2025-01-22 22:00:00,1.237,1.243,1.217,1.217,338526.5
2025-01-22 23:00:00,1.217,1.225,1.208,1.22,551500.4
2025-01-23 00:00:00,1.22,1.226,1.21,1.213,370173.0
2025-01-23 01:00:00,1.212,1.217,1.184,1.184,587774.2
2025-01-23 02:00:00,1.184,1.191,1.174,1.187,873437.7
2025-01-23 03:00:00,1.186,1.195,1.176,1.181,291830.8
2025-01-23 04:00:00,1.181,1.187,1.164,1.167,527267.3
2025-01-23 05:00:00,1.168,1.188,1.168,1.186,247874.2
2025-01-23 06:00:00,1.185,1.187,1.169,1.171,355250.0
2025-01-23 07:00:00,1.173,1.195,1.168,1.192,425070.6
2025-01-23 08:00:00,1.193,1.217,1.188,1.196,849676.7
2025-01-23 09:00:00,1.196,1.206,1.188,1.19,445200.5
2025-01-23 10:00:00,1.19,1.195,1.171,1.178,652533.8
2025-01-23 11:00:00,1.178,1.196,1.177,1.186,440613.0
2025-01-23 12:00:00,1.187,1.189,1.173,1.178,491340.0
2025-01-23 13:00:00,1.178,1.196,1.161,1.191,633069.4
2025-01-23 14:00:00,1.191,1.227,1.177,1.212,1186318.1
2025-01-23 15:00:00,1.212,1.218,1.181,1.208,1309257.1
2025-01-23 16:00:00,1.209,1.245,1.205,1.214,1141885.8
2025-01-23 17:00:00,1.215,1.235,1.199,1.23,722046.7
2025-01-23 18:00:00,1.231,1.236,1.195,1.197,705283.8
2025-01-23 19:00:00,1.197,1.201,1.174,1.18,829100.6
2025-01-23 20:00:00,1.179,1.227,1.175,1.199,3804263.3
2025-01-23 21:00:00,1.198,1.204,1.172,1.179,574244.5
2025-01-23 22:00:00,1.179,1.212,1.176,1.211,403631.0
2025-01-23 23:00:00,1.211,1.231,1.206,1.225,574288.1
2025-01-24 00:00:00,1.225,1.238,1.197,1.199,648114.5
2025-01-24 01:00:00,1.198,1.211,1.184,1.189,415542.3
2025-01-24 02:00:00,1.19,1.198,1.173,1.175,519934.4
2025-01-24 03:00:00,1.176,1.218,1.176,1.208,1475402.7
2025-01-24 04:00:00,1.205,1.244,1.202,1.238,637427.2
2025-01-24 05:00:00,1.236,1.272,1.234,1.272,1174931.1
2025-01-24 06:00:00,1.272,1.274,1.256,1.262,737264.4
2025-01-24 07:00:00,1.262,1.278,1.262,1.274,641377.2
2025-01-24 08:00:00,1.274,1.297,1.27,1.289,1075981.5
2025-01-24 09:00:00,1.288,1.298,1.276,1.281,536027.1
2025-01-24 10:00:00,1.281,1.297,1.272,1.296,417947.4
2025-01-24 11:00:00,1.296,1.296,1.274,1.276,653772.6
2025-01-24 12:00:00,1.277,1.283,1.266,1.278,549190.2
2025-01-24 13:00:00,1.277,1.284,1.266,1.271,771293.2
2025-01-24 14:00:00,1.271,1.282,1.261,1.274,570488.7
2025-01-24 15:00:00,1.274,1.281,1.25,1.263,656635.1
2025-01-24 16:00:00,1.263,1.264,1.249,1.25,288583.1
2025-01-24 17:00:00,1.251,1.267,1.242,1.263,435268.0
2025-01-24 18:00:00,1.262,1.271,1.258,1.26,283848.1
2025-01-24 19:00:00,1.26,1.261,1.247,1.252,196067.0
2025-01-24 20:00:00,1.252,1.259,1.231,1.232,565232.3
2025-01-24 21:00:00,1.232,1.244,1.229,1.232,503444.1
2025-01-24 22:00:00,1.231,1.236,1.218,1.219,322327.8
2025-01-24 23:00:00,1.219,1.22,1.207,1.217,358989.9
2025-01-25 00:00:00,1.217,1.217,1.189,1.19,584710.7
2025-01-25 01:00:00,1.19,1.211,1.188,1.205,480005.1
2025-01-25 02:00:00,1.205,1.223,1.2,1.215,311758.5
2025-01-25 03:00:00,1.216,1.238,1.212,1.236,282608.4
2025-01-25 04:00:00,1.235,1.235,1.223,1.233,257768.1
2025-01-25 05:00:00,1.233,1.239,1.221,1.23,268021.0
2025-01-25 06:00:00,1.228,1.237,1.222,1.228,228545.1
2025-01-25 07:00:00,1.226,1.228,1.204,1.207,1013697.4
2025-01-25 08:00:00,1.207,1.219,1.203,1.208,427706.7
2025-01-25 09:00:00,1.209,1.212,1.204,1.208,346926.0
2025-01-25 10:00:00,1.208,1.223,1.198,1.219,364594.0
2025-01-25 11:00:00,1.219,1.239,1.214,1.237,448362.6
2025-01-25 12:00:00,1.237,1.237,1.219,1.231,376131.4
2025-01-25 13:00:00,1.231,1.26,1.229,1.249,570849.8
2025-01-25 14:00:00,1.249,1.255,1.236,1.253,281705.7
2025-01-25 15:00:00,1.254,1.274,1.254,1.27,532073.2
2025-01-25 16:00:00,1.271,1.283,1.253,1.261,665763.9
2025-01-25 17:00:00,1.262,1.264,1.246,1.258,438023.5
2025-01-25 18:00:00,1.259,1.262,1.245,1.253,260763.0
2025-01-25 19:00:00,1.253,1.254,1.24,1.244,175002.9
2025-01-25 20:00:00,1.244,1.256,1.24,1.241,217776.7
2025-01-25 21:00:00,1.241,1.247,1.236,1.245,271482.8
2025-01-25 22:00:00,1.245,1.253,1.243,1.245,174689.7
2025-01-25 23:00:00,1.245,1.247,1.231,1.235,152078.3
2025-01-26 00:00:00,1.235,1.25,1.227,1.244,247196.5
2025-01-26 01:00:00,1.244,1.252,1.233,1.236,185723.0
2025-01-26 02:00:00,1.236,1.236,1.222,1.227,263348.1
2025-01-26 03:00:00,1.228,1.241,1.226,1.23,290175.7
2025-01-26 04:00:00,1.23,1.242,1.224,1.238,420047.2
2025-01-26 05:00:00,1.238,1.238,1.225,1.23,205532.1
2025-01-26 06:00:00,1.231,1.232,1.222,1.228,205804.6
2025-01-26 07:00:00,1.229,1.234,1.224,1.231,223263.0
2025-01-26 08:00:00,1.231,1.238,1.223,1.228,181278.6
2025-01-26 09:00:00,1.229,1.229,1.214,1.221,323909.2
2025-01-26 10:00:00,1.221,1.241,1.22,1.241,345109.1
2025-01-26 11:00:00,1.241,1.266,1.238,1.264,452654.9
2025-01-26 12:00:00,1.263,1.263,1.248,1.255,422413.4
2025-01-26 13:00:00,1.255,1.258,1.248,1.25,328876.6
2025-01-26 14:00:00,1.251,1.263,1.247,1.258,317916.1
2025-01-26 15:00:00,1.258,1.267,1.257,1.26,390230.4
2025-01-26 16:00:00,1.259,1.271,1.253,1.268,316486.7
2025-01-26 17:00:00,1.269,1.29,1.267,1.288,531692.4
2025-01-26 18:00:00,1.288,1.288,1.277,1.282,246850.8
2025-01-26 19:00:00,1.282,1.286,1.276,1.279,218594.8
2025-01-26 20:00:00,1.279,1.282,1.259,1.261,322597.5
2025-01-26 21:00:00,1.261,1.261,1.233,1.233,398078.0
2025-01-26 22:00:00,1.233,1.248,1.225,1.238,321583.2
2025-01-26 23:00:00,1.238,1.238,1.204,1.207,823276.9
2025-01-27 00:00:00,1.207,1.211,1.178,1.183,1076410.6
2025-01-27 01:00:00,1.184,1.189,1.16,1.162,939114.0
2025-01-27 02:00:00,1.161,1.165,1.129,1.132,1724667.3
2025-01-27 03:00:00,1.131,1.155,1.127,1.151,654605.4
2025-01-27 04:00:00,1.151,1.151,1.126,1.127,803686.8
2025-01-27 05:00:00,1.128,1.132,1.1,1.115,1119455.6
2025-01-27 06:00:00,1.115,1.123,1.094,1.103,1330916.3
2025-01-27 07:00:00,1.103,1.11,1.053,1.094,3095835.2
2025-01-27 08:00:00,1.094,1.095,1.069,1.089,1193755.7
2025-01-27 09:00:00,1.089,1.112,1.084,1.11,1664468.0
2025-01-27 10:00:00,1.11,1.11,1.081,1.084,1197243.8
2025-01-27 11:00:00,1.083,1.115,1.083,1.095,858508.5
2025-01-27 12:00:00,1.096,1.134,1.088,1.128,1392711.0
2025-01-27 13:00:00,1.127,1.151,1.115,1.119,1631423.7
2025-01-27 14:00:00,1.118,1.153,1.114,1.149,1696885.6
2025-01-27 15:00:00,1.148,1.159,1.127,1.144,1585708.5
2025-01-27 16:00:00,1.144,1.147,1.116,1.123,1458487.0
2025-01-27 17:00:00,1.123,1.132,1.108,1.11,1058945.0
2025-01-27 18:00:00,1.11,1.121,1.09,1.096,1287386.7
2025-01-27 19:00:00,1.096,1.112,1.095,1.1,742954.5
2025-01-27 20:00:00,1.101,1.146,1.101,1.14,1243008.9
2025-01-27 21:00:00,1.139,1.163,1.132,1.137,1181912.2
2025-01-27 22:00:00,1.138,1.145,1.126,1.139,574189.7
2025-01-27 23:00:00,1.14,1.147,1.13,1.146,515940.7
2025-01-28 00:00:00,1.147,1.162,1.138,1.141,628132.6
2025-01-28 01:00:00,1.141,1.142,1.126,1.134,289094.5
2025-01-28 02:00:00,1.135,1.145,1.132,1.138,428107.3
2025-01-28 03:00:00,1.139,1.157,1.129,1.153,778663.5
2025-01-28 04:00:00,1.153,1.17,1.153,1.158,532921.9
2025-01-28 05:00:00,1.159,1.167,1.155,1.157,327763.9
2025-01-28 06:00:00,1.158,1.161,1.149,1.154,366491.4
2025-01-28 07:00:00,1.153,1.155,1.141,1.144,370825.7
2025-01-28 08:00:00,1.145,1.151,1.136,1.141,360491.9
2025-01-28 09:00:00,1.142,1.143,1.127,1.134,418369.6
2025-01-28 10:00:00,1.135,1.139,1.127,1.128,261613.7
2025-01-28 11:00:00,1.128,1.135,1.123,1.131,378615.2
2025-01-28 12:00:00,1.132,1.138,1.117,1.118,653581.2
2025-01-28 13:00:00,1.119,1.135,1.119,1.124,455392.5
2025-01-28 14:00:00,1.124,1.13,1.11,1.124,576873.3
2025-01-28 15:00:00,1.124,1.144,1.123,1.129,618454.3
2025-01-28 16:00:00,1.129,1.129,1.1,1.106,640106.0
2025-01-28 17:00:00,1.107,1.122,1.106,1.117,679882.8
2025-01-28 18:00:00,1.117,1.123,1.099,1.103,509715.6
2025-01-28 19:00:00,1.102,1.105,1.09,1.102,667994.1
2025-01-28 20:00:00,1.101,1.107,1.074,1.076,910825.7
2025-01-28 21:00:00,1.076,1.09,1.05,1.051,883228.2
2025-01-28 22:00:00,1.051,1.06,1.032,1.045,757091.0
2025-01-28 23:00:00,1.044,1.051,1.03,1.04,461551.6
2025-01-29 00:00:00,1.04,1.042,1.021,1.03,858106.6
2025-01-29 01:00:00,1.031,1.066,1.03,1.051,843797.4
2025-01-29 02:00:00,1.05,1.074,1.048,1.05,606926.1
2025-01-29 03:00:00,1.05,1.06,1.041,1.055,637949.6
2025-01-29 04:00:00,1.056,1.065,1.053,1.058,483363.7
2025-01-29 05:00:00,1.057,1.068,1.054,1.067,729225.6
2025-01-29 06:00:00,1.068,1.082,1.065,1.078,581080.9
2025-01-29 07:00:00,1.078,1.09,1.071,1.087,315408.0
2025-01-29 08:00:00,1.087,1.096,1.072,1.074,518977.6
2025-01-29 09:00:00,1.074,1.074,1.056,1.058,628655.0
2025-01-29 10:00:00,1.059,1.068,1.051,1.059,392781.4
2025-01-29 11:00:00,1.06,1.068,1.054,1.062,356505.2
2025-01-29 12:00:00,1.062,1.07,1.05,1.052,693658.7
2025-01-29 13:00:00,1.051,1.053,1.034,1.039,869238.1
2025-01-29 14:00:00,1.039,1.049,1.036,1.047,859309.6
2025-01-29 15:00:00,1.048,1.062,1.044,1.051,575269.3
2025-01-29 16:00:00,1.05,1.051,1.038,1.043,411052.7
2025-01-29 17:00:00,1.044,1.073,1.043,1.062,457807.6
2025-01-29 18:00:00,1.063,1.091,1.052,1.081,530158.5
2025-01-29 19:00:00,1.081,1.113,1.039,1.095,4136685.4
2025-01-29 20:00:00,1.094,1.134,1.08,1.117,2275888.0
2025-01-29 21:00:00,1.117,1.132,1.102,1.113,839464.3
2025-01-29 22:00:00,1.114,1.114,1.093,1.093,396494.0
2025-01-29 23:00:00,1.092,1.098,1.076,1.081,400734.0
2025-01-30 00:00:00,1.082,1.089,1.068,1.088,683985.6
2025-01-30 01:00:00,1.088,1.102,1.083,1.091,620186.1
2025-01-30 02:00:00,1.091,1.095,1.081,1.094,485528.0
2025-01-30 03:00:00,1.095,1.12,1.092,1.117,458664.5
2025-01-30 04:00:00,1.117,1.129,1.111,1.126,517104.3
2025-01-30 05:00:00,1.127,1.127,1.111,1.121,288803.8
2025-01-30 06:00:00,1.121,1.128,1.11,1.112,488204.3
2025-01-30 07:00:00,1.113,1.119,1.102,1.116,373924.2
2025-01-30 08:00:00,1.117,1.121,1.105,1.119,506018.5
2025-01-30 09:00:00,1.119,1.131,1.115,1.124,603251.3
2025-01-30 10:00:00,1.124,1.127,1.115,1.127,382139.3
2025-01-30 11:00:00,1.127,1.127,1.112,1.123,658124.6
2025-01-30 12:00:00,1.123,1.124,1.112,1.116,375261.2
2025-01-30 13:00:00,1.116,1.135,1.11,1.13,780006.9
2025-01-30 14:00:00,1.13,1.148,1.126,1.144,1011939.5
2025-01-30 15:00:00,1.145,1.152,1.138,1.139,956935.5
2025-01-30 16:00:00,1.14,1.15,1.137,1.149,711208.6
2025-01-30 17:00:00,1.149,1.159,1.143,1.147,620869.6
2025-01-30 18:00:00,1.146,1.155,1.137,1.15,676005.9
2025-01-30 19:00:00,1.15,1.166,1.139,1.159,1169086.3
2025-01-30 20:00:00,1.16,1.162,1.141,1.144,468724.0
2025-01-30 21:00:00,1.145,1.151,1.14,1.142,283379.4
2025-01-30 22:00:00,1.142,1.154,1.136,1.148,291225.6
2025-01-30 23:00:00,1.148,1.157,1.14,1.141,257019.1
2025-01-31 00:00:00,1.141,1.154,1.136,1.152,444092.8
2025-01-31 01:00:00,1.151,1.154,1.143,1.153,524039.2
2025-01-31 02:00:00,1.153,1.158,1.138,1.138,282789.6
2025-01-31 03:00:00,1.137,1.138,1.123,1.134,587409.3
2025-01-31 04:00:00,1.134,1.134,1.12,1.124,295990.5
2025-01-31 05:00:00,1.124,1.138,1.121,1.135,198499.5
2025-01-31 06:00:00,1.134,1.153,1.13,1.152,375948.9
2025-01-31 07:00:00,1.153,1.168,1.148,1.151,371958.4
2025-01-31 08:00:00,1.151,1.156,1.128,1.129,504342.3
2025-01-31 09:00:00,1.129,1.152,1.127,1.149,343296.8
2025-01-31 10:00:00,1.148,1.155,1.136,1.154,451264.3
2025-01-31 11:00:00,1.154,1.191,1.154,1.187,746689.7
2025-01-31 12:00:00,1.187,1.198,1.182,1.186,680497.3
2025-01-31 13:00:00,1.186,1.198,1.179,1.188,556192.5
2025-01-31 14:00:00,1.189,1.201,1.183,1.192,743223.0
2025-01-31 15:00:00,1.193,1.23,1.192,1.224,1425371.7
2025-01-31 16:00:00,1.224,1.231,1.203,1.208,717041.3
2025-01-31 17:00:00,1.209,1.21,1.193,1.195,342890.6
2025-01-31 18:00:00,1.194,1.202,1.164,1.186,1775008.3
2025-01-31 19:00:00,1.186,1.211,1.184,1.203,824010.6
2025-01-31 20:00:00,1.202,1.206,1.178,1.195,765010.4
2025-01-31 21:00:00,1.196,1.196,1.17,1.188,591418.7
2025-01-31 22:00:00,1.188,1.19,1.167,1.174,362590.6
2025-01-31 23:00:00,1.173,1.178,1.163,1.173,397022.4
2025-02-01 00:00:00,1.173,1.185,1.165,1.182,284000.7
2025-02-01 01:00:00,1.182,1.201,1.181,1.187,440024.3
2025-02-01 02:00:00,1.188,1.198,1.182,1.188,280446.4
2025-02-01 03:00:00,1.189,1.19,1.169,1.175,314846.8
2025-02-01 04:00:00,1.175,1.19,1.172,1.178,327057.3
2025-02-01 05:00:00,1.179,1.195,1.178,1.192,325434.2
2025-02-01 06:00:00,1.192,1.192,1.17,1.179,267221.8
2025-02-01 07:00:00,1.178,1.179,1.166,1.169,298764.6
2025-02-01 08:00:00,1.169,1.174,1.14,1.148,653028.3
2025-02-01 09:00:00,1.149,1.149,1.115,1.117,1015585.9
2025-02-01 10:00:00,1.117,1.136,1.117,1.125,605888.3
2025-02-01 11:00:00,1.124,1.14,1.121,1.138,365812.2
2025-02-01 12:00:00,1.139,1.148,1.134,1.139,387666.7
2025-02-01 13:00:00,1.139,1.141,1.118,1.119,364083.6
2025-02-01 14:00:00,1.119,1.128,1.111,1.112,663773.6
2025-02-01 15:00:00,1.112,1.114,1.097,1.11,704106.9
2025-02-01 16:00:00,1.11,1.121,1.101,1.103,557622.6
2025-02-01 17:00:00,1.103,1.116,1.101,1.108,573858.8
2025-02-01 18:00:00,1.108,1.11,1.085,1.089,840539.7
2025-02-01 19:00:00,1.089,1.089,1.069,1.074,852336.7
2025-02-01 20:00:00,1.074,1.079,1.053,1.072,1136751.6
2025-02-01 21:00:00,1.071,1.083,1.064,1.066,713256.5
2025-02-01 22:00:00,1.066,1.07,1.044,1.052,612713.0
2025-02-01 23:00:00,1.052,1.054,1.027,1.04,1275658.6
2025-02-02 00:00:00,1.039,1.061,1.032,1.051,699936.5
2025-02-02 01:00:00,1.052,1.061,1.041,1.044,862331.0
2025-02-02 02:00:00,1.045,1.049,1.03,1.031,796006.1
2025-02-02 03:00:00,1.031,1.037,0.996,1.005,2006670.5
2025-02-02 04:00:00,1.004,1.024,1.002,1.011,1088039.8
2025-02-02 05:00:00,1.012,1.041,1.011,1.04,876761.7
2025-02-02 06:00:00,1.04,1.049,1.032,1.034,730241.9
2025-02-02 07:00:00,1.035,1.046,1.031,1.04,517147.5
2025-02-02 08:00:00,1.04,1.068,1.033,1.056,379860.4
2025-02-02 09:00:00,1.055,1.07,1.051,1.065,645564.7
2025-02-02 10:00:00,1.066,1.066,1.046,1.053,450758.8
2025-02-02 11:00:00,1.052,1.057,1.012,1.016,1234579.3
2025-02-02 12:00:00,1.016,1.032,1.006,1.006,815845.2
2025-02-02 13:00:00,1.007,1.039,1.007,1.037,901756.1
2025-02-02 14:00:00,1.038,1.051,1.032,1.037,981935.5
2025-02-02 15:00:00,1.036,1.036,1.012,1.022,782338.5
2025-02-02 16:00:00,1.021,1.021,0.965,0.977,2573849.5
2025-02-02 17:00:00,0.978,0.986,0.92,0.931,4285024.4
2025-02-02 18:00:00,0.932,0.945,0.888,0.893,4539222.7
2025-02-02 19:00:00,0.894,0.93,0.874,0.919,4310603.2
2025-02-02 20:00:00,0.918,0.938,0.903,0.907,1542717.7
2025-02-02 21:00:00,0.906,0.911,0.889,0.894,1503304.6
2025-02-02 22:00:00,0.895,0.915,0.819,0.874,2776753.1
2025-02-02 23:00:00,0.874,0.878,0.832,0.876,5048739.3
2025-02-03 00:00:00,0.876,0.876,0.79,0.819,7443395.3
2025-02-03 01:00:00,0.819,0.829,0.65,0.705,15977744.1
2025-02-03 02:00:00,0.706,0.713,0.593,0.668,15533551.1
2025-02-03 03:00:00,0.668,0.71,0.666,0.701,5698554.6
2025-02-03 04:00:00,0.702,0.71,0.667,0.668,3033963.8
2025-02-03 05:00:00,0.668,0.711,0.667,0.708,2932650.3
2025-02-03 06:00:00,0.708,0.748,0.706,0.745,3712827.4
2025-02-03 07:00:00,0.746,0.777,0.742,0.774,2707546.8
2025-02-03 08:00:00,0.774,0.777,0.739,0.761,2957425.8
2025-02-03 09:00:00,0.761,0.784,0.759,0.764,2571215.6
2025-02-03 10:00:00,0.764,0.793,0.76,0.786,2156345.3
2025-02-03 11:00:00,0.786,0.786,0.751,0.755,1844747.3
2025-02-03 12:00:00,0.755,0.773,0.74,0.743,2569806.0
2025-02-03 13:00:00,0.743,0.749,0.726,0.741,2643797.6
2025-02-03 14:00:00,0.741,0.777,0.716,0.771,12676597.2
2025-02-03 15:00:00,0.77,0.818,0.76,0.808,6962298.0
2025-02-03 16:00:00,0.807,0.819,0.786,0.803,5505519.1
2025-02-03 17:00:00,0.804,0.816,0.793,0.811,2826724.6
2025-02-03 18:00:00,0.81,0.821,0.792,0.82,2900236.4
2025-02-03 19:00:00,0.82,0.846,0.815,0.837,1946341.0
2025-02-03 20:00:00,0.837,0.838,0.816,0.824,808171.1
2025-02-03 21:00:00,0.824,0.865,0.824,0.863,857432.4
2025-02-03 22:00:00,0.864,0.881,0.857,0.87,993600.2
2025-02-03 23:00:00,0.87,0.872,0.844,0.855,774221.1
2025-02-04 00:00:00,0.854,0.859,0.83,0.833,1470726.6
2025-02-04 01:00:00,0.833,0.838,0.823,0.831,1032588.4
2025-02-04 02:00:00,0.831,0.835,0.813,0.815,607837.1
2025-02-04 03:00:00,0.815,0.82,0.803,0.812,982073.9
2025-02-04 04:00:00,0.812,0.825,0.804,0.806,1766405.7
2025-02-04 05:00:00,0.806,0.808,0.751,0.76,4115991.8
2025-02-04 06:00:00,0.76,0.782,0.76,0.781,2684041.6
2025-02-04 07:00:00,0.781,0.781,0.745,0.751,1969200.3
2025-02-04 08:00:00,0.75,0.77,0.746,0.751,1760710.7
2025-02-04 09:00:00,0.751,0.763,0.749,0.751,1127528.2
2025-02-04 10:00:00,0.751,0.781,0.75,0.769,1453806.8
2025-02-04 11:00:00,0.768,0.793,0.767,0.781,1708158.2
2025-02-04 12:00:00,0.781,0.812,0.78,0.803,1567511.7
2025-02-04 13:00:00,0.803,0.811,0.777,0.782,2314778.0
2025-02-04 14:00:00,0.782,0.81,0.775,0.798,2392400.8
2025-02-04 15:00:00,0.798,0.802,0.77,0.792,1938971.5
2025-02-04 16:00:00,0.792,0.809,0.787,0.794,1240325.6
2025-02-04 17:00:00,0.794,0.81,0.789,0.798,814677.0
2025-02-04 18:00:00,0.798,0.832,0.797,0.818,2325257.8
2025-02-04 19:00:00,0.817,0.835,0.789,0.79,2111675.2
2025-02-04 20:00:00,0.79,0.802,0.78,0.791,3697548.9
2025-02-04 21:00:00,0.791,0.791,0.764,0.765,3006769.7
2025-02-04 22:00:00,0.765,0.787,0.763,0.782,1248884.2
2025-02-04 23:00:00,0.782,0.801,0.774,0.791,1564644.1
2025-02-05 00:00:00,0.791,0.793,0.781,0.782,1311966.7
2025-02-05 01:00:00,0.782,0.798,0.782,0.786,1054994.3
2025-02-05 02:00:00,0.786,0.807,0.785,0.801,1319440.5
2025-02-05 03:00:00,0.8,0.803,0.79,0.793,798957.5
2025-02-05 04:00:00,0.793,0.798,0.789,0.796,577834.0
2025-02-05 05:00:00,0.796,0.807,0.784,0.804,824904.2
2025-02-05 06:00:00,0.803,0.805,0.786,0.788,912274.7
2025-02-05 07:00:00,0.787,0.8,0.781,0.796,834087.7
2025-02-05 08:00:00,0.796,0.8,0.783,0.792,750520.4
2025-02-05 09:00:00,0.791,0.807,0.785,0.794,1024454.1
2025-02-05 10:00:00,0.794,0.805,0.794,0.796,683991.7
2025-02-05 11:00:00,0.796,0.818,0.796,0.811,924236.2
2025-02-05 12:00:00,0.811,0.815,0.796,0.799,954259.1
2025-02-05 13:00:00,0.799,0.812,0.797,0.808,822035.2
2025-02-05 14:00:00,0.808,0.817,0.797,0.8,1405864.6
2025-02-05 15:00:00,0.8,0.809,0.788,0.799,1179456.3
2025-02-05 16:00:00,0.799,0.805,0.772,0.787,2018192.3
2025-02-05 17:00:00,0.787,0.792,0.756,0.76,1949774.7
2025-02-05 18:00:00,0.76,0.768,0.753,0.758,1096255.2
2025-02-05 19:00:00,0.758,0.784,0.755,0.783,1427588.2
2025-02-05 20:00:00,0.784,0.787,0.761,0.77,873212.7
2025-02-05 21:00:00,0.77,0.772,0.76,0.763,788653.7
2025-02-05 22:00:00,0.764,0.767,0.746,0.75,725768.0
2025-02-05 23:00:00,0.75,0.766,0.75,0.765,902135.3
2025-02-06 00:00:00,0.765,0.773,0.757,0.759,946096.2
2025-02-06 01:00:00,0.759,0.775,0.753,0.762,857819.6
2025-02-06 02:00:00,0.763,0.773,0.761,0.766,840445.1
2025-02-06 03:00:00,0.766,0.772,0.76,0.767,534088.0
2025-02-06 04:00:00,0.767,0.773,0.76,0.771,952522.7
2025-02-06 05:00:00,0.771,0.773,0.761,0.765,565627.5
2025-02-06 06:00:00,0.765,0.78,0.76,0.778,923933.1
2025-02-06 07:00:00,0.777,0.779,0.763,0.768,901239.4
2025-02-06 08:00:00,0.769,0.771,0.757,0.759,1159418.2
2025-02-06 09:00:00,0.759,0.773,0.756,0.766,1518728.0
2025-02-06 10:00:00,0.766,0.77,0.753,0.759,1369338.8
2025-02-06 11:00:00,0.76,0.761,0.741,0.749,1284611.1
2025-02-06 12:00:00,0.749,0.752,0.735,0.741,1451914.6
2025-02-06 13:00:00,0.742,0.754,0.739,0.746,1835011.5
2025-02-06 14:00:00,0.747,0.749,0.719,0.724,2827399.0
2025-02-06 15:00:00,0.725,0.731,0.7,0.707,4975353.2
2025-02-06 16:00:00,0.707,0.717,0.703,0.709,3415390.8
2025-02-06 17:00:00,0.709,0.723,0.704,0.71,1531977.8
2025-02-06 18:00:00,0.711,0.711,0.701,0.701,1952142.6
2025-02-06 19:00:00,0.701,0.712,0.694,0.699,1642780.0
2025-02-06 20:00:00,0.698,0.716,0.697,0.713,1259937.4
2025-02-06 21:00:00,0.714,0.714,0.694,0.708,1422149.1
2025-02-06 22:00:00,0.709,0.709,0.69,0.705,893211.6
2025-02-06 23:00:00,0.704,0.709,0.69,0.698,999632.8
2025-02-07 00:00:00,0.699,0.721,0.697,0.71,1610810.8
2025-02-07 01:00:00,0.711,0.733,0.708,0.726,1166930.1
2025-02-07 02:00:00,0.725,0.732,0.724,0.73,951599.9
2025-02-07 03:00:00,0.729,0.735,0.718,0.724,946468.3
2025-02-07 04:00:00,0.725,0.729,0.72,0.721,516756.3
2025-02-07 05:00:00,0.72,0.722,0.711,0.714,585420.6
2025-02-07 06:00:00,0.714,0.715,0.699,0.709,1262404.5
2025-02-07 07:00:00,0.708,0.725,0.708,0.717,913282.9
2025-02-07 08:00:00,0.716,0.734,0.712,0.726,1199575.4
2025-02-07 09:00:00,0.726,0.747,0.725,0.746,1369108.0
2025-02-07 10:00:00,0.745,0.751,0.742,0.744,995012.5
2025-02-07 11:00:00,0.743,0.755,0.742,0.754,760975.3
2025-02-07 12:00:00,0.754,0.759,0.743,0.752,743392.6
2025-02-07 13:00:00,0.751,0.777,0.739,0.775,3424677.9
2025-02-07 14:00:00,0.774,0.795,0.769,0.786,3307058.1
2025-02-07 15:00:00,0.786,0.786,0.757,0.769,3572834.9
2025-02-07 16:00:00,0.769,0.77,0.75,0.751,1906885.8
2025-02-07 17:00:00,0.751,0.756,0.742,0.746,1886070.3
2025-02-07 18:00:00,0.746,0.763,0.743,0.755,865618.2
2025-02-07 19:00:00,0.755,0.755,0.738,0.739,1270925.0
2025-02-07 20:00:00,0.739,0.74,0.708,0.71,2335477.1
2025-02-07 21:00:00,0.71,0.723,0.708,0.71,1457952.3
2025-02-07 22:00:00,0.711,0.711,0.687,0.7,1688101.1
2025-02-07 23:00:00,0.699,0.721,0.697,0.718,698238.9
2025-02-08 00:00:00,0.718,0.733,0.709,0.729,1109100.3
2025-02-08 01:00:00,0.729,0.729,0.711,0.713,614401.7
2025-02-08 02:00:00,0.713,0.722,0.711,0.719,686848.4
2025-02-08 03:00:00,0.72,0.728,0.717,0.721,572845.7
2025-02-08 04:00:00,0.721,0.722,0.711,0.712,1029831.2
2025-02-08 05:00:00,0.713,0.714,0.706,0.71,896430.3
2025-02-08 06:00:00,0.71,0.72,0.707,0.712,1416871.4
2025-02-08 07:00:00,0.712,0.728,0.706,0.723,1883801.8
2025-02-08 08:00:00,0.723,0.726,0.709,0.709,1874300.3
2025-02-08 09:00:00,0.71,0.718,0.709,0.717,1455241.4
2025-02-08 10:00:00,0.717,0.721,0.709,0.711,1662354.5
2025-02-08 11:00:00,0.712,0.716,0.707,0.713,1500661.1
2025-02-08 12:00:00,0.714,0.718,0.708,0.711,1913071.4
2025-02-08 13:00:00,0.712,0.73,0.711,0.722,1531453.1
2025-02-08 14:00:00,0.721,0.731,0.716,0.729,1834669.4
2025-02-08 15:00:00,0.728,0.737,0.721,0.725,2122126.8
2025-02-08 16:00:00,0.725,0.735,0.714,0.73,1961994.8
2025-02-08 17:00:00,0.73,0.751,0.729,0.729,2286373.9
2025-02-08 18:00:00,0.73,0.732,0.677,0.706,12127867.3
2025-02-08 19:00:00,0.705,0.708,0.692,0.698,3619444.9
2025-02-08 20:00:00,0.697,0.704,0.683,0.689,2466055.1
2025-02-08 21:00:00,0.689,0.699,0.682,0.698,2577881.5
2025-02-08 22:00:00,0.698,0.702,0.679,0.681,1942657.7
2025-02-08 23:00:00,0.68,0.704,0.68,0.696,1353881.1
2025-02-09 00:00:00,0.695,0.696,0.682,0.691,1242625.1
2025-02-09 01:00:00,0.691,0.704,0.687,0.695,1604056.1
2025-02-09 02:00:00,0.695,0.699,0.686,0.687,1598540.9
2025-02-09 03:00:00,0.687,0.721,0.686,0.713,2267775.3
2025-02-09 04:00:00,0.713,0.714,0.698,0.701,1465080.5
2025-02-09 05:00:00,0.702,0.705,0.694,0.698,1255351.7
2025-02-09 06:00:00,0.698,0.699,0.689,0.698,1327148.9
2025-02-09 07:00:00,0.698,0.698,0.69,0.693,1241691.7
2025-02-09 08:00:00,0.693,0.697,0.686,0.693,2150485.3
2025-02-09 09:00:00,0.693,0.694,0.682,0.684,1468382.2
2025-02-09 10:00:00,0.684,0.69,0.679,0.684,1933566.7
2025-02-09 11:00:00,0.684,0.692,0.682,0.686,1232287.4
2025-02-09 12:00:00,0.687,0.691,0.672,0.676,2141642.5
2025-02-09 13:00:00,0.676,0.678,0.653,0.658,2979434.0
2025-02-09 14:00:00,0.658,0.666,0.652,0.656,1943329.0
2025-02-09 15:00:00,0.656,0.668,0.655,0.665,1544965.7
2025-02-09 16:00:00,0.664,0.667,0.655,0.659,1476567.7
2025-02-09 17:00:00,0.66,0.66,0.649,0.655,1850781.4
2025-02-09 18:00:00,0.654,0.678,0.651,0.665,1890146.3
2025-02-09 19:00:00,0.665,0.669,0.654,0.657,928335.7
2025-02-09 20:00:00,0.657,0.663,0.651,0.654,1281221.1
2025-02-09 21:00:00,0.654,0.66,0.61,0.619,5932568.2
2025-02-09 22:00:00,0.618,0.646,0.608,0.635,3114062.2
2025-02-09 23:00:00,0.635,0.652,0.633,0.65,983079.7
2025-02-10 00:00:00,0.65,0.658,0.647,0.653,1844802.4
2025-02-10 01:00:00,0.653,0.653,0.622,0.624,1951995.1
2025-02-10 02:00:00,0.624,0.634,0.618,0.627,1922972.9
2025-02-10 03:00:00,0.627,0.654,0.623,0.645,2040021.9
2025-02-10 04:00:00,0.645,0.664,0.64,0.655,1122573.6
2025-02-10 05:00:00,0.655,0.675,0.651,0.667,2622215.3
2025-02-10 06:00:00,0.667,0.669,0.654,0.663,1259158.5
2025-02-10 07:00:00,0.664,0.68,0.661,0.669,2285786.8
2025-02-10 08:00:00,0.67,0.684,0.666,0.674,2790824.6
2025-02-10 09:00:00,0.674,0.677,0.663,0.665,1569793.1
2025-02-10 10:00:00,0.665,0.67,0.664,0.667,986122.8
2025-02-10 11:00:00,0.668,0.676,0.661,0.671,1566449.4
2025-02-10 12:00:00,0.67,0.674,0.658,0.659,1517650.7
2025-02-10 13:00:00,0.658,0.685,0.644,0.68,3565743.0
2025-02-10 14:00:00,0.681,0.684,0.667,0.67,2816507.7
2025-02-10 15:00:00,0.67,0.675,0.65,0.66,2265758.6
2025-02-10 16:00:00,0.66,0.681,0.657,0.675,3350037.7
2025-02-10 17:00:00,0.675,0.681,0.668,0.67,1651200.3
2025-02-10 18:00:00,0.669,0.675,0.656,0.675,2065525.1
2025-02-10 19:00:00,0.675,0.677,0.668,0.672,1144769.2
2025-02-10 20:00:00,0.672,0.699,0.668,0.684,5098710.8
2025-02-10 21:00:00,0.684,0.685,0.662,0.663,1668822.6
2025-02-10 22:00:00,0.663,0.671,0.659,0.662,718913.9
2025-02-10 23:00:00,0.662,0.664,0.656,0.663,899918.1
2025-02-11 00:00:00,0.664,0.68,0.661,0.675,1865359.0
2025-02-11 01:00:00,0.676,0.682,0.672,0.677,1060741.2
2025-02-11 02:00:00,0.678,0.68,0.665,0.673,1158100.4
2025-02-11 03:00:00,0.673,0.675,0.668,0.672,865617.4
2025-02-11 04:00:00,0.672,0.691,0.671,0.689,1865889.6
2025-02-11 05:00:00,0.69,0.707,0.689,0.703,2342534.5
2025-02-11 06:00:00,0.703,0.705,0.697,0.703,1963821.0
2025-02-11 07:00:00,0.703,0.72,0.697,0.711,3753627.3
2025-02-11 08:00:00,0.712,0.723,0.708,0.715,1774990.0
2025-02-11 09:00:00,0.715,0.724,0.709,0.712,2014585.2
2025-02-11 10:00:00,0.712,0.712,0.697,0.705,1946587.0
2025-02-11 11:00:00,0.706,0.722,0.699,0.717,1940219.2
2025-02-11 12:00:00,0.717,0.718,0.701,0.71,1556551.8
2025-02-11 13:00:00,0.71,0.721,0.689,0.693,3005456.8
2025-02-11 14:00:00,0.693,0.719,0.693,0.712,3166232.0
2025-02-11 15:00:00,0.711,0.722,0.707,0.71,1983412.6
2025-02-11 16:00:00,0.709,0.723,0.702,0.718,2782044.3
2025-02-11 17:00:00,0.718,0.74,0.714,0.725,4982184.3
2025-02-11 18:00:00,0.724,0.727,0.695,0.699,2602811.0
2025-02-11 19:00:00,0.7,0.707,0.691,0.693,2531410.7
2025-02-11 20:00:00,0.693,0.712,0.692,0.703,1673894.8
2025-02-11 21:00:00,0.702,0.711,0.699,0.701,2023161.1
2025-02-11 22:00:00,0.701,0.707,0.681,0.686,1154244.5
2025-02-11 23:00:00,0.687,0.698,0.687,0.697,584313.8
2025-02-12 00:00:00,0.697,0.699,0.683,0.693,1143531.7
2025-02-12 01:00:00,0.693,0.696,0.683,0.692,1044655.0
2025-02-12 02:00:00,0.693,0.694,0.677,0.682,1349160.8
2025-02-12 03:00:00,0.683,0.689,0.674,0.68,1081978.7
2025-02-12 04:00:00,0.681,0.683,0.665,0.671,1314891.0
2025-02-12 05:00:00,0.672,0.682,0.669,0.682,1086087.3
2025-02-12 06:00:00,0.682,0.684,0.668,0.671,770449.3
2025-02-12 07:00:00,0.672,0.682,0.67,0.674,1242172.5
2025-02-12 08:00:00,0.674,0.683,0.673,0.681,1153841.7
2025-02-12 09:00:00,0.681,0.682,0.672,0.681,634928.2
2025-02-12 10:00:00,0.68,0.682,0.67,0.674,1027894.2
2025-02-12 11:00:00,0.675,0.692,0.674,0.687,1036520.0
2025-02-12 12:00:00,0.687,0.692,0.683,0.685,1271224.1
2025-02-12 13:00:00,0.684,0.708,0.656,0.67,9546098.1
2025-02-12 14:00:00,0.67,0.675,0.649,0.675,2983726.8
2025-02-12 15:00:00,0.675,0.686,0.66,0.679,2409486.3
2025-02-12 16:00:00,0.679,0.701,0.664,0.699,2247691.8
2025-02-12 17:00:00,0.699,0.714,0.696,0.702,2688246.3
2025-02-12 18:00:00,0.703,0.724,0.696,0.713,4397955.1
2025-02-12 19:00:00,0.713,0.724,0.704,0.719,1732217.2
2025-02-12 20:00:00,0.72,0.727,0.711,0.714,1170820.6
2025-02-12 21:00:00,0.714,0.724,0.708,0.719,819863.8
2025-02-12 22:00:00,0.719,0.732,0.713,0.718,1300939.5
2025-02-12 23:00:00,0.718,0.722,0.712,0.713,885313.0
2025-02-13 00:00:00,0.714,0.717,0.7,0.709,1041156.7
2025-02-13 01:00:00,0.709,0.724,0.708,0.722,782041.4
2025-02-13 02:00:00,0.721,0.721,0.707,0.712,787122.1
2025-02-13 03:00:00,0.713,0.722,0.71,0.72,1054191.4
2025-02-13 04:00:00,0.721,0.722,0.7,0.703,1238462.9
2025-02-13 05:00:00,0.703,0.708,0.699,0.701,1211688.4
2025-02-13 06:00:00,0.701,0.704,0.687,0.69,1690025.5
2025-02-13 07:00:00,0.69,0.696,0.684,0.685,1047253.8
2025-02-13 08:00:00,0.685,0.689,0.677,0.678,1840220.7
2025-02-13 09:00:00,0.678,0.688,0.674,0.686,874183.9
2025-02-13 10:00:00,0.685,0.685,0.678,0.682,620301.3
2025-02-13 11:00:00,0.682,0.682,0.667,0.671,1175480.5
2025-02-13 12:00:00,0.672,0.673,0.663,0.665,1731925.0
2025-02-13 13:00:00,0.665,0.678,0.662,0.667,2897140.9
2025-02-13 14:00:00,0.667,0.687,0.662,0.678,3955138.6
2025-02-13 15:00:00,0.678,0.689,0.669,0.678,1752407.5
2025-02-13 16:00:00,0.678,0.679,0.661,0.666,1382155.9
2025-02-13 17:00:00,0.666,0.679,0.666,0.673,959230.2
2025-02-13 18:00:00,0.672,0.679,0.665,0.679,901463.5
2025-02-13 19:00:00,0.68,0.689,0.672,0.676,886906.2
2025-02-13 20:00:00,0.675,0.684,0.674,0.682,765055.4
2025-02-13 21:00:00,0.681,0.691,0.679,0.684,713336.7
2025-02-13 22:00:00,0.685,0.69,0.68,0.68,559214.3
2025-02-13 23:00:00,0.681,0.688,0.678,0.68,1089095.5
2025-02-14 00:00:00,0.679,0.685,0.674,0.682,861869.6
2025-02-14 01:00:00,0.683,0.686,0.672,0.682,895151.4
2025-02-14 02:00:00,0.682,0.689,0.678,0.683,1103804.1
2025-02-14 03:00:00,0.683,0.699,0.683,0.697,851067.3
2025-02-14 04:00:00,0.697,0.699,0.686,0.687,525865.8
2025-02-14 05:00:00,0.688,0.691,0.681,0.684,526511.9
2025-02-14 06:00:00,0.684,0.686,0.676,0.681,786844.4
2025-02-14 07:00:00,0.682,0.689,0.679,0.685,452903.4
2025-02-14 08:00:00,0.685,0.696,0.683,0.689,710001.0
2025-02-14 09:00:00,0.688,0.705,0.688,0.704,1314561.4
2025-02-14 10:00:00,0.705,0.716,0.701,0.703,1363680.7
2025-02-14 11:00:00,0.702,0.706,0.687,0.691,1107511.4
2025-02-14 12:00:00,0.691,0.691,0.682,0.686,833674.1
2025-02-14 13:00:00,0.686,0.699,0.683,0.693,1404008.5
2025-02-14 14:00:00,0.694,0.713,0.693,0.709,2177075.6
2025-02-14 15:00:00,0.709,0.712,0.692,0.708,2517162.4
2025-02-14 16:00:00,0.708,0.716,0.699,0.715,1028358.4
2025-02-14 17:00:00,0.716,0.732,0.714,0.724,1697771.8
2025-02-14 18:00:00,0.725,0.733,0.718,0.719,1583323.3
2025-02-14 19:00:00,0.719,0.727,0.715,0.725,1199762.6
2025-02-14 20:00:00,0.726,0.729,0.711,0.714,863630.0
2025-02-14 21:00:00,0.714,0.721,0.708,0.721,1040792.7
2025-02-14 22:00:00,0.72,0.725,0.7,0.709,500128.9
2025-02-14 23:00:00,0.708,0.716,0.706,0.714,676901.4
2025-02-15 00:00:00,0.714,0.717,0.707,0.71,782443.9
2025-02-15 01:00:00,0.71,0.725,0.708,0.724,915783.5
2025-02-15 02:00:00,0.724,0.736,0.721,0.732,1342801.5
2025-02-15 03:00:00,0.733,0.748,0.732,0.745,947997.5
2025-02-15 04:00:00,0.744,0.748,0.734,0.735,1105519.1
2025-02-15 05:00:00,0.735,0.75,0.734,0.743,754494.7
2025-02-15 06:00:00,0.743,0.745,0.729,0.731,888667.7
2025-02-15 07:00:00,0.731,0.733,0.72,0.722,972313.4
2025-02-15 08:00:00,0.723,0.724,0.717,0.719,649288.5
2025-02-15 09:00:00,0.719,0.724,0.711,0.712,927730.8
2025-02-15 10:00:00,0.712,0.722,0.707,0.72,1003865.2
2025-02-15 11:00:00,0.719,0.726,0.712,0.715,1101480.8
2025-02-15 12:00:00,0.715,0.723,0.714,0.72,692163.0
2025-02-15 13:00:00,0.72,0.724,0.713,0.714,697584.1
2025-02-15 14:00:00,0.714,0.714,0.69,0.698,2364184.8
2025-02-15 15:00:00,0.697,0.704,0.685,0.691,1168402.9
2025-02-15 16:00:00,0.69,0.696,0.685,0.692,868065.2
2025-02-15 17:00:00,0.692,0.692,0.674,0.679,1495929.6
2025-02-15 18:00:00,0.679,0.692,0.678,0.69,876835.2
2025-02-15 19:00:00,0.69,0.692,0.681,0.682,526985.5
2025-02-15 20:00:00,0.683,0.686,0.673,0.677,494175.3
2025-02-15 21:00:00,0.678,0.689,0.678,0.686,511496.2
2025-02-15 22:00:00,0.686,0.69,0.679,0.685,480809.1
2025-02-15 23:00:00,0.685,0.69,0.683,0.687,352929.2
2025-02-16 00:00:00,0.687,0.693,0.684,0.691,784626.5
2025-02-16 01:00:00,0.691,0.691,0.683,0.688,353442.5
2025-02-16 02:00:00,0.688,0.691,0.678,0.68,628194.9
2025-02-16 03:00:00,0.68,0.688,0.676,0.687,379560.0
2025-02-16 04:00:00,0.687,0.693,0.685,0.691,225585.0
2025-02-16 05:00:00,0.691,0.701,0.687,0.699,532642.4
2025-02-16 06:00:00,0.699,0.705,0.696,0.7,485090.0
2025-02-16 07:00:00,0.7,0.7,0.689,0.691,598995.3
2025-02-16 08:00:00,0.692,0.7,0.688,0.698,689907.9
2025-02-16 09:00:00,0.698,0.717,0.693,0.715,1160519.6
2025-02-16 10:00:00,0.715,0.725,0.713,0.715,1227188.8
2025-02-16 11:00:00,0.714,0.73,0.711,0.728,1150872.3
2025-02-16 12:00:00,0.728,0.736,0.722,0.725,1390577.1
2025-02-16 13:00:00,0.725,0.725,0.705,0.707,1063529.8
2025-02-16 14:00:00,0.706,0.723,0.702,0.714,1456218.0
2025-02-16 15:00:00,0.715,0.721,0.71,0.713,672271.6
2025-02-16 16:00:00,0.712,0.721,0.709,0.714,590061.8
2025-02-16 17:00:00,0.715,0.72,0.705,0.706,479567.3
2025-02-16 18:00:00,0.706,0.708,0.694,0.697,705366.6
2025-02-16 19:00:00,0.697,0.704,0.688,0.702,881605.4
2025-02-16 20:00:00,0.702,0.705,0.688,0.689,1014480.6
2025-02-16 21:00:00,0.689,0.703,0.686,0.701,864085.3
2025-02-16 22:00:00,0.701,0.703,0.69,0.701,530541.2
2025-02-16 23:00:00,0.701,0.708,0.694,0.703,874019.4
2025-02-17 00:00:00,0.703,0.712,0.702,0.711,652717.8
2025-02-17 01:00:00,0.711,0.718,0.705,0.712,797054.0
2025-02-17 02:00:00,0.711,0.715,0.704,0.706,553289.2
2025-02-17 03:00:00,0.706,0.71,0.699,0.708,639647.1
2025-02-17 04:00:00,0.707,0.709,0.694,0.694,531127.0
2025-02-17 05:00:00,0.694,0.697,0.681,0.694,1886424.8
2025-02-17 06:00:00,0.694,0.702,0.693,0.699,906206.4
2025-02-17 07:00:00,0.699,0.702,0.687,0.692,984312.0
2025-02-17 08:00:00,0.692,0.701,0.684,0.699,1523883.7
2025-02-17 09:00:00,0.7,0.708,0.696,0.703,1655287.9
2025-02-17 10:00:00,0.703,0.716,0.702,0.711,1507191.8
2025-02-17 11:00:00,0.712,0.716,0.706,0.714,968972.6
2025-02-17 12:00:00,0.713,0.722,0.713,0.714,1197171.4
2025-02-17 13:00:00,0.715,0.721,0.713,0.717,712810.0
2025-02-17 14:00:00,0.718,0.73,0.717,0.729,2602432.7
2025-02-17 15:00:00,0.729,0.733,0.702,0.704,2171667.6
2025-02-17 16:00:00,0.703,0.71,0.694,0.697,1629365.8
2025-02-17 17:00:00,0.697,0.7,0.676,0.679,2124977.0
2025-02-17 18:00:00,0.679,0.679,0.651,0.657,3791874.4
2025-02-17 19:00:00,0.656,0.675,0.652,0.667,1857396.1
2025-02-17 20:00:00,0.666,0.682,0.664,0.671,1070272.2
2025-02-17 21:00:00,0.671,0.689,0.671,0.688,1085295.8
2025-02-17 22:00:00,0.689,0.69,0.68,0.68,685611.7
2025-02-17 23:00:00,0.681,0.686,0.677,0.68,362949.2
2025-02-18 00:00:00,0.68,0.685,0.67,0.674,923305.6
2025-02-18 01:00:00,0.674,0.68,0.672,0.68,591004.7
2025-02-18 02:00:00,0.679,0.681,0.673,0.675,582421.4
2025-02-18 03:00:00,0.675,0.679,0.672,0.676,629100.8
2025-02-18 04:00:00,0.675,0.679,0.662,0.664,970813.0
2025-02-18 05:00:00,0.665,0.667,0.654,0.655,1135304.4
2025-02-18 06:00:00,0.656,0.656,0.638,0.642,1909190.8
2025-02-18 07:00:00,0.641,0.652,0.639,0.647,993987.4
2025-02-18 08:00:00,0.647,0.648,0.635,0.641,900467.8
2025-02-18 09:00:00,0.642,0.655,0.637,0.655,916586.7
2025-02-18 10:00:00,0.655,0.658,0.647,0.651,702336.6
2025-02-18 11:00:00,0.65,0.656,0.648,0.651,591540.9
2025-02-18 12:00:00,0.651,0.665,0.648,0.655,1242310.8
2025-02-18 13:00:00,0.654,0.66,0.65,0.659,1588614.5
2025-02-18 14:00:00,0.66,0.668,0.643,0.649,2612760.7
2025-02-18 15:00:00,0.649,0.651,0.627,0.631,2635731.8
2025-02-18 16:00:00,0.632,0.64,0.617,0.62,3088277.2
2025-02-18 17:00:00,0.62,0.63,0.614,0.629,1752947.8
2025-02-18 18:00:00,0.629,0.636,0.626,0.632,1435772.1
2025-02-18 19:00:00,0.631,0.64,0.627,0.633,904008.1
2025-02-18 20:00:00,0.633,0.634,0.623,0.629,965223.7
2025-02-18 21:00:00,0.629,0.642,0.629,0.635,1260473.2
2025-02-18 22:00:00,0.635,0.643,0.633,0.639,624803.4
2025-02-18 23:00:00,0.638,0.644,0.637,0.643,753561.6
2025-02-19 00:00:00,0.644,0.649,0.641,0.642,901266.3
2025-02-19 01:00:00,0.643,0.644,0.636,0.641,524814.8
2025-02-19 02:00:00,0.641,0.647,0.64,0.645,687396.4
2025-02-19 03:00:00,0.644,0.644,0.636,0.644,650481.1
2025-02-19 04:00:00,0.644,0.645,0.631,0.631,432539.0
2025-02-19 05:00:00,0.631,0.642,0.63,0.641,795682.9
2025-02-19 06:00:00,0.64,0.649,0.639,0.648,393744.8
2025-02-19 07:00:00,0.647,0.665,0.647,0.662,1703972.8
2025-02-19 08:00:00,0.662,0.665,0.653,0.655,752317.4
2025-02-19 09:00:00,0.655,0.663,0.654,0.66,555489.4
2025-02-19 10:00:00,0.66,0.667,0.658,0.665,457706.7
2025-02-19 11:00:00,0.665,0.666,0.661,0.662,637083.2
2025-02-19 12:00:00,0.663,0.664,0.656,0.657,1170391.1
2025-02-19 13:00:00,0.656,0.666,0.656,0.659,507515.9
2025-02-19 14:00:00,0.659,0.661,0.637,0.638,2023934.4
2025-02-19 15:00:00,0.638,0.649,0.637,0.642,1538688.9
2025-02-19 16:00:00,0.642,0.649,0.638,0.645,1370403.0
2025-02-19 17:00:00,0.646,0.649,0.641,0.644,727042.2
2025-02-19 18:00:00,0.643,0.645,0.638,0.641,817222.0
2025-02-19 19:00:00,0.64,0.648,0.638,0.642,1046033.5
2025-02-19 20:00:00,0.641,0.647,0.64,0.64,714780.3
2025-02-19 21:00:00,0.64,0.64,0.631,0.633,624835.3
2025-02-19 22:00:00,0.632,0.641,0.629,0.641,726438.1
2025-02-19 23:00:00,0.641,0.646,0.636,0.639,696480.7
2025-02-20 00:00:00,0.638,0.651,0.636,0.65,824461.2
2025-02-20 01:00:00,0.649,0.655,0.64,0.643,730634.2
2025-02-20 02:00:00,0.644,0.653,0.641,0.65,1228222.5
2025-02-20 03:00:00,0.649,0.655,0.647,0.654,1091959.8
2025-02-20 04:00:00,0.654,0.663,0.652,0.657,950071.7
2025-02-20 05:00:00,0.657,0.659,0.65,0.651,489501.3
2025-02-20 06:00:00,0.651,0.653,0.646,0.647,673340.1
2025-02-20 07:00:00,0.647,0.649,0.641,0.641,814773.6
2025-02-20 08:00:00,0.64,0.644,0.636,0.642,936088.0
2025-02-20 09:00:00,0.642,0.645,0.636,0.641,887547.8
2025-02-20 10:00:00,0.64,0.651,0.638,0.651,877227.0
2025-02-20 11:00:00,0.65,0.654,0.646,0.651,781183.7
2025-02-20 12:00:00,0.651,0.656,0.644,0.646,987500.7
2025-02-20 13:00:00,0.645,0.65,0.641,0.647,1206578.1
2025-02-20 14:00:00,0.646,0.657,0.639,0.641,1858333.5
2025-02-20 15:00:00,0.641,0.644,0.631,0.634,985861.3
2025-02-20 16:00:00,0.633,0.643,0.632,0.638,1144081.0
2025-02-20 17:00:00,0.639,0.649,0.638,0.649,1102520.1
2025-02-20 18:00:00,0.649,0.66,0.648,0.655,1088982.8
2025-02-20 19:00:00,0.655,0.663,0.653,0.661,1036304.7
2025-02-20 20:00:00,0.661,0.666,0.658,0.662,1099701.3
2025-02-20 21:00:00,0.662,0.665,0.657,0.661,616110.6
2025-02-20 22:00:00,0.66,0.67,0.659,0.668,593618.7
2025-02-20 23:00:00,0.668,0.677,0.666,0.67,628228.2
2025-02-21 00:00:00,0.67,0.673,0.659,0.663,785467.7
2025-02-21 01:00:00,0.662,0.663,0.653,0.658,560413.5
2025-02-21 02:00:00,0.657,0.658,0.648,0.652,488766.5
2025-02-21 03:00:00,0.651,0.661,0.65,0.653,832285.9
2025-02-21 04:00:00,0.653,0.669,0.653,0.665,674617.5
2025-02-21 05:00:00,0.665,0.87,0.661,0.72,23132243.8
2025-02-21 06:00:00,0.72,0.731,0.706,0.73,5125395.8
2025-02-21 07:00:00,0.73,0.73,0.712,0.713,3495284.5
2025-02-21 08:00:00,0.713,0.715,0.694,0.71,4485406.5
2025-02-21 09:00:00,0.71,0.735,0.707,0.717,4978035.2
2025-02-21 10:00:00,0.717,0.723,0.706,0.717,3289009.4
2025-02-21 11:00:00,0.717,0.72,0.702,0.704,2033824.7
2025-02-21 12:00:00,0.705,0.708,0.698,0.704,1867680.2
2025-02-21 13:00:00,0.704,0.717,0.7,0.713,3311825.5
2025-02-21 14:00:00,0.713,0.713,0.693,0.701,2703167.5
2025-02-21 15:00:00,0.7,0.708,0.648,0.664,7558746.9
2025-02-21 16:00:00,0.665,0.68,0.656,0.673,3663165.7
2025-02-21 17:00:00,0.673,0.677,0.651,0.655,3498173.9
2025-02-21 18:00:00,0.655,0.656,0.639,0.649,2697881.6
2025-02-21 19:00:00,0.649,0.651,0.612,0.624,3809990.1
2025-02-21 20:00:00,0.624,0.64,0.621,0.631,2621357.6
2025-02-21 21:00:00,0.63,0.634,0.624,0.632,1783352.5
2025-02-21 22:00:00,0.632,0.643,0.629,0.636,1174449.8
2025-02-21 23:00:00,0.635,0.64,0.63,0.636,889563.1
2025-02-22 00:00:00,0.636,0.638,0.625,0.634,1518991.2
2025-02-22 01:00:00,0.633,0.643,0.633,0.641,1308596.2
2025-02-22 02:00:00,0.64,0.644,0.635,0.636,1259582.0
2025-02-22 03:00:00,0.635,0.638,0.629,0.637,797754.1
2025-02-22 04:00:00,0.637,0.648,0.635,0.647,1416780.1
2025-02-22 05:00:00,0.646,0.654,0.644,0.652,1163966.4
2025-02-22 06:00:00,0.653,0.658,0.648,0.654,1069767.2
2025-02-22 07:00:00,0.654,0.659,0.65,0.654,1273971.8
2025-02-22 08:00:00,0.654,0.662,0.652,0.659,1195647.4
2025-02-22 09:00:00,0.658,0.668,0.657,0.667,1154160.5
2025-02-22 10:00:00,0.668,0.674,0.664,0.667,1020026.1
2025-02-22 11:00:00,0.666,0.672,0.664,0.67,918788.7
2025-02-22 12:00:00,0.67,0.677,0.668,0.672,949481.3
2025-02-22 13:00:00,0.672,0.678,0.668,0.669,1326655.3
2025-02-22 14:00:00,0.669,0.676,0.668,0.672,759210.0
2025-02-22 15:00:00,0.673,0.69,0.672,0.688,1251363.8
2025-02-22 16:00:00,0.688,0.71,0.687,0.689,3861073.9
2025-02-22 17:00:00,0.688,0.692,0.683,0.689,2293384.9
2025-02-22 18:00:00,0.689,0.705,0.689,0.692,2477955.1
2025-02-22 19:00:00,0.693,0.7,0.69,0.695,817852.5
2025-02-22 20:00:00,0.695,0.703,0.691,0.695,1342083.5
2025-02-22 21:00:00,0.695,0.704,0.695,0.702,944340.5
2025-02-22 22:00:00,0.702,0.708,0.699,0.705,806995.1
2025-02-22 23:00:00,0.705,0.727,0.702,0.708,3211766.3
2025-02-23 00:00:00,0.708,0.709,0.694,0.699,1200520.6
2025-02-23 01:00:00,0.699,0.702,0.691,0.695,669802.8
2025-02-23 02:00:00,0.696,0.697,0.686,0.687,814000.3
2025-02-23 03:00:00,0.688,0.69,0.682,0.685,883854.7
2025-02-23 04:00:00,0.686,0.69,0.682,0.688,654078.9
2025-02-23 05:00:00,0.687,0.703,0.686,0.698,834541.1
2025-02-23 06:00:00,0.697,0.701,0.691,0.701,1125862.7
2025-02-23 07:00:00,0.7,0.721,0.696,0.72,2687562.5
2025-02-23 08:00:00,0.72,0.724,0.71,0.713,1795205.5
2025-02-23 09:00:00,0.713,0.715,0.695,0.707,1801686.6
2025-02-23 10:00:00,0.707,0.713,0.706,0.713,1291553.6
2025-02-23 11:00:00,0.712,0.713,0.701,0.702,1019966.1
2025-02-23 12:00:00,0.702,0.706,0.687,0.69,1504564.3
2025-02-23 13:00:00,0.69,0.703,0.69,0.699,893861.1
2025-02-23 14:00:00,0.698,0.704,0.692,0.696,2158761.7
2025-02-23 15:00:00,0.696,0.7,0.682,0.686,2641556.6
2025-02-23 16:00:00,0.686,0.698,0.685,0.691,1126358.0
2025-02-23 17:00:00,0.691,0.709,0.691,0.707,1511718.6
2025-02-23 18:00:00,0.706,0.71,0.697,0.698,1065493.5
2025-02-23 19:00:00,0.698,0.703,0.696,0.701,1287023.5
2025-02-23 20:00:00,0.701,0.705,0.697,0.7,1019050.8
2025-02-23 21:00:00,0.7,0.702,0.693,0.699,612777.8
2025-02-23 22:00:00,0.699,0.708,0.694,0.704,683485.2
2025-02-23 23:00:00,0.704,0.722,0.704,0.719,1763411.0
2025-02-24 00:00:00,0.719,0.736,0.714,0.733,3341987.9
2025-02-24 01:00:00,0.733,0.742,0.724,0.728,3424571.0
2025-02-24 02:00:00,0.728,0.761,0.727,0.742,3790059.3
2025-02-24 03:00:00,0.742,0.742,0.704,0.707,5404434.0
2025-02-24 04:00:00,0.707,0.715,0.693,0.702,2973237.8
2025-02-24 05:00:00,0.701,0.714,0.695,0.707,2160580.6
2025-02-24 06:00:00,0.707,0.707,0.691,0.703,2352780.5
2025-02-24 07:00:00,0.703,0.709,0.692,0.695,1131229.0
2025-02-24 08:00:00,0.696,0.699,0.685,0.687,2419193.8
2025-02-24 09:00:00,0.687,0.711,0.686,0.708,1543508.6
2025-02-24 10:00:00,0.708,0.712,0.69,0.698,1802208.7
2025-02-24 11:00:00,0.697,0.705,0.689,0.702,923531.7
2025-02-24 12:00:00,0.701,0.703,0.687,0.69,1204769.8
2025-02-24 13:00:00,0.689,0.7,0.682,0.689,1606644.7
2025-02-24 14:00:00,0.689,0.692,0.667,0.668,2851903.8
2025-02-24 15:00:00,0.668,0.675,0.658,0.669,2974268.6
2025-02-24 16:00:00,0.669,0.674,0.661,0.662,1183825.8
2025-02-24 17:00:00,0.663,0.672,0.658,0.66,942597.5
2025-02-24 18:00:00,0.659,0.661,0.652,0.654,799491.3
2025-02-24 19:00:00,0.654,0.661,0.639,0.647,2053469.2
2025-02-24 20:00:00,0.648,0.656,0.645,0.645,1123904.4
2025-02-24 21:00:00,0.646,0.65,0.638,0.639,1425160.4
2025-02-24 22:00:00,0.639,0.64,0.581,0.596,6911922.8
2025-02-24 23:00:00,0.597,0.607,0.588,0.597,1926831.2
2025-02-25 00:00:00,0.598,0.602,0.567,0.581,3271228.4
2025-02-25 01:00:00,0.582,0.592,0.568,0.578,2335567.5
2025-02-25 02:00:00,0.578,0.6,0.571,0.596,2004180.2
2025-02-25 03:00:00,0.596,0.6,0.586,0.588,1672944.1
2025-02-25 04:00:00,0.588,0.591,0.576,0.583,2405857.3
2025-02-25 05:00:00,0.583,0.597,0.58,0.594,2069875.5
2025-02-25 06:00:00,0.595,0.597,0.576,0.576,1618774.4
2025-02-25 07:00:00,0.575,0.579,0.537,0.564,16852215.8
2025-02-25 08:00:00,0.563,0.58,0.561,0.576,2167036.9
2025-02-25 09:00:00,0.575,0.579,0.564,0.572,2021295.7
2025-02-25 10:00:00,0.571,0.582,0.558,0.579,3606863.8
2025-02-25 11:00:00,0.579,0.597,0.564,0.594,3262382.1
2025-02-25 12:00:00,0.594,0.606,0.59,0.599,2235177.8
2025-02-25 13:00:00,0.599,0.606,0.589,0.59,1854289.6
2025-02-25 14:00:00,0.59,0.596,0.574,0.58,2844484.7
2025-02-25 15:00:00,0.579,0.598,0.574,0.593,3409468.1
2025-02-25 16:00:00,0.593,0.603,0.582,0.595,1632003.5
2025-02-25 17:00:00,0.595,0.6,0.587,0.591,848556.0
2025-02-25 18:00:00,0.592,0.597,0.581,0.588,852624.8
2025-02-25 19:00:00,0.588,0.603,0.585,0.602,899206.8
2025-02-25 20:00:00,0.602,0.623,0.598,0.62,2208939.9
2025-02-25 21:00:00,0.619,0.623,0.612,0.621,1014810.0
2025-02-25 22:00:00,0.621,0.626,0.608,0.616,842417.4
2025-02-25 23:00:00,0.617,0.621,0.61,0.611,633172.7
2025-02-26 00:00:00,0.611,0.617,0.608,0.61,951520.0
2025-02-26 01:00:00,0.611,0.615,0.607,0.611,533105.6
2025-02-26 02:00:00,0.612,0.627,0.609,0.625,727927.0
2025-02-26 03:00:00,0.625,0.636,0.625,0.625,1013109.4
2025-02-26 04:00:00,0.626,0.627,0.617,0.618,714410.5
2025-02-26 05:00:00,0.619,0.622,0.613,0.614,1033215.9
2025-02-26 06:00:00,0.614,0.623,0.614,0.623,978250.7
2025-02-26 07:00:00,0.623,0.624,0.61,0.617,963265.0
2025-02-26 08:00:00,0.617,0.621,0.611,0.616,791228.5
2025-02-26 09:00:00,0.616,0.627,0.615,0.624,613044.7
2025-02-26 10:00:00,0.625,0.635,0.622,0.63,955707.0
2025-02-26 11:00:00,0.629,0.633,0.615,0.615,1002941.5
2025-02-26 12:00:00,0.615,0.618,0.6,0.606,1761618.8
2025-02-26 13:00:00,0.606,0.614,0.604,0.61,1061262.3
2025-02-26 14:00:00,0.61,0.63,0.602,0.625,2860326.9
2025-02-26 15:00:00,0.626,0.639,0.626,0.63,1670167.4
2025-02-26 16:00:00,0.631,0.637,0.623,0.628,1519777.4
2025-02-26 17:00:00,0.628,0.631,0.604,0.608,2024757.3
2025-02-26 18:00:00,0.608,0.614,0.589,0.595,5395572.4
2025-02-26 19:00:00,0.595,0.614,0.594,0.609,2361580.3
2025-02-26 20:00:00,0.609,0.635,0.6,0.633,3026075.6
2025-02-26 21:00:00,0.632,0.641,0.627,0.641,1880468.2
2025-02-26 22:00:00,0.641,0.654,0.638,0.644,1597998.8
2025-02-26 23:00:00,0.644,0.648,0.637,0.639,1336978.6
2025-02-27 00:00:00,0.639,0.643,0.629,0.632,993077.9
2025-02-27 01:00:00,0.632,0.645,0.628,0.639,1251956.6
2025-02-27 02:00:00,0.64,0.651,0.636,0.642,1194552.5
2025-02-27 03:00:00,0.643,0.65,0.641,0.648,700778.2
2025-02-27 04:00:00,0.648,0.651,0.637,0.641,632451.9
2025-02-27 05:00:00,0.642,0.648,0.64,0.645,683656.4
2025-02-27 06:00:00,0.645,0.655,0.642,0.648,856197.0
2025-02-27 07:00:00,0.649,0.652,0.646,0.647,555462.4
2025-02-27 08:00:00,0.647,0.65,0.641,0.643,1061968.5
2025-02-27 09:00:00,0.644,0.647,0.639,0.642,764669.0
2025-02-27 10:00:00,0.641,0.656,0.64,0.654,987771.0
2025-02-27 11:00:00,0.655,0.655,0.645,0.647,867486.4
2025-02-27 12:00:00,0.647,0.652,0.643,0.65,667849.2
2025-02-27 13:00:00,0.649,0.655,0.644,0.646,1183034.9
2025-02-27 14:00:00,0.647,0.652,0.637,0.639,1685220.5
2025-02-27 15:00:00,0.639,0.653,0.634,0.647,2004222.8
2025-02-27 16:00:00,0.648,0.652,0.637,0.638,1102494.5
2025-02-27 17:00:00,0.639,0.647,0.637,0.647,561231.3
2025-02-27 18:00:00,0.647,0.65,0.639,0.64,643571.5
2025-02-27 19:00:00,0.64,0.642,0.628,0.632,875405.6
2025-02-27 20:00:00,0.633,0.633,0.618,0.622,1660341.6
2025-02-27 21:00:00,0.622,0.63,0.616,0.629,912879.1
2025-02-27 22:00:00,0.629,0.636,0.622,0.636,692573.9
2025-02-27 23:00:00,0.635,0.638,0.633,0.635,395802.9
2025-02-28 00:00:00,0.635,0.638,0.628,0.63,508942.0
2025-02-28 01:00:00,0.629,0.632,0.601,0.605,6909302.9
2025-02-28 02:00:00,0.604,0.613,0.597,0.603,3715185.9
2025-02-28 03:00:00,0.604,0.612,0.588,0.59,2235053.4
2025-02-28 04:00:00,0.59,0.597,0.58,0.592,3252760.2
2025-02-28 05:00:00,0.592,0.595,0.582,0.589,1459800.3
2025-02-28 06:00:00,0.589,0.592,0.578,0.584,1504749.7
2025-02-28 07:00:00,0.584,0.593,0.583,0.587,1003191.6
2025-02-28 08:00:00,0.587,0.596,0.579,0.595,1307351.8
2025-02-28 09:00:00,0.595,0.607,0.594,0.601,1572344.9
2025-02-28 10:00:00,0.602,0.603,0.591,0.591,802217.8
2025-02-28 11:00:00,0.592,0.611,0.591,0.604,1016128.6
2025-02-28 12:00:00,0.604,0.612,0.6,0.609,801587.3
2025-02-28 13:00:00,0.608,0.631,0.606,0.625,2397890.8
2025-02-28 14:00:00,0.626,0.636,0.621,0.629,1494509.0
2025-02-28 15:00:00,0.63,0.646,0.629,0.64,1340784.1
2025-02-28 16:00:00,0.639,0.647,0.633,0.64,994724.9
2025-02-28 17:00:00,0.64,0.644,0.638,0.64,641217.1
2025-02-28 18:00:00,0.64,0.652,0.639,0.647,810295.0
2025-02-28 19:00:00,0.647,0.649,0.644,0.646,541603.7
2025-02-28 20:00:00,0.646,0.648,0.639,0.646,730461.6
2025-02-28 21:00:00,0.646,0.652,0.644,0.651,475901.4
2025-02-28 22:00:00,0.651,0.654,0.645,0.647,926704.9
2025-02-28 23:00:00,0.646,0.652,0.644,0.649,451335.6
2025-03-01 00:00:00,0.65,0.651,0.634,0.635,573511.4
2025-03-01 01:00:00,0.635,0.644,0.632,0.642,763447.3
2025-03-01 02:00:00,0.641,0.646,0.635,0.643,743512.7
2025-03-01 03:00:00,0.643,0.647,0.641,0.642,643828.3
2025-03-01 04:00:00,0.641,0.65,0.64,0.648,604711.0
2025-03-01 05:00:00,0.649,0.649,0.64,0.64,410090.3
2025-03-01 06:00:00,0.641,0.644,0.634,0.636,470442.6
2025-03-01 07:00:00,0.636,0.64,0.63,0.637,470793.5
2025-03-01 08:00:00,0.637,0.644,0.637,0.64,509217.6
2025-03-01 09:00:00,0.64,0.641,0.632,0.635,533952.5
2025-03-01 10:00:00,0.635,0.635,0.622,0.627,1046148.4
2025-03-01 11:00:00,0.626,0.627,0.619,0.623,685691.3
2025-03-01 12:00:00,0.623,0.628,0.618,0.627,574400.4
2025-03-01 13:00:00,0.627,0.629,0.614,0.619,663056.4
2025-03-01 14:00:00,0.619,0.627,0.618,0.624,490523.5
2025-03-01 15:00:00,0.624,0.629,0.62,0.622,834988.1
2025-03-01 16:00:00,0.621,0.627,0.617,0.626,657209.4
2025-03-01 17:00:00,0.627,0.627,0.62,0.622,483241.7
2025-03-01 18:00:00,0.622,0.626,0.62,0.625,468977.3
2025-03-01 19:00:00,0.625,0.632,0.624,0.627,428287.4
2025-03-01 20:00:00,0.627,0.628,0.623,0.627,328015.1
2025-03-01 21:00:00,0.628,0.635,0.623,0.633,421535.8
2025-03-01 22:00:00,0.632,0.637,0.628,0.632,268490.6
2025-03-01 23:00:00,0.631,0.633,0.627,0.632,328445.7
2025-03-02 00:00:00,0.631,0.636,0.627,0.633,433925.6
2025-03-02 01:00:00,0.633,0.637,0.629,0.632,331372.0
2025-03-02 02:00:00,0.633,0.635,0.628,0.632,398889.5
2025-03-02 03:00:00,0.633,0.635,0.628,0.628,202338.3
2025-03-02 04:00:00,0.629,0.634,0.627,0.633,143063.1
2025-03-02 05:00:00,0.633,0.638,0.627,0.631,341565.2
2025-03-02 06:00:00,0.63,0.633,0.623,0.63,372574.2
2025-03-02 07:00:00,0.629,0.63,0.623,0.624,197697.9
2025-03-02 08:00:00,0.623,0.631,0.622,0.629,418094.9
2025-03-02 09:00:00,0.629,0.641,0.628,0.637,553359.5
2025-03-02 10:00:00,0.637,0.641,0.636,0.638,406799.4
2025-03-02 11:00:00,0.637,0.639,0.636,0.636,241168.7
2025-03-02 12:00:00,0.637,0.638,0.633,0.637,404612.5
2025-03-02 13:00:00,0.636,0.637,0.627,0.63,483059.5
2025-03-02 14:00:00,0.63,0.632,0.62,0.623,527274.9
2025-03-02 15:00:00,0.624,0.66,0.621,0.641,6300866.7
2025-03-02 16:00:00,0.642,0.69,0.638,0.678,11851683.7
2025-03-02 17:00:00,0.678,0.699,0.67,0.692,3395602.0
2025-03-02 18:00:00,0.692,0.694,0.676,0.678,1829159.1
2025-03-02 19:00:00,0.678,0.693,0.678,0.689,850082.9
2025-03-02 20:00:00,0.689,0.693,0.687,0.687,1036464.7
2025-03-02 21:00:00,0.686,0.691,0.681,0.689,977681.0
2025-03-02 22:00:00,0.688,0.689,0.68,0.684,890313.7
2025-03-02 23:00:00,0.684,0.689,0.684,0.688,1039276.3
2025-03-03 00:00:00,0.688,0.689,0.672,0.673,1644415.8
2025-03-03 01:00:00,0.673,0.677,0.661,0.661,1252885.0
2025-03-03 02:00:00,0.662,0.665,0.655,0.664,1448461.1
2025-03-03 03:00:00,0.664,0.667,0.658,0.666,1073416.7
2025-03-03 04:00:00,0.665,0.673,0.665,0.673,637483.7
2025-03-03 05:00:00,0.673,0.675,0.669,0.669,537843.4
2025-03-03 06:00:00,0.669,0.669,0.638,0.644,2133990.3
2025-03-03 07:00:00,0.645,0.65,0.634,0.649,1452050.1
2025-03-03 08:00:00,0.648,0.649,0.627,0.633,1387364.3
2025-03-03 09:00:00,0.633,0.638,0.627,0.635,1901472.8
2025-03-03 10:00:00,0.635,0.642,0.632,0.636,1258257.2
2025-03-03 11:00:00,0.636,0.639,0.629,0.638,768169.3
2025-03-03 12:00:00,0.639,0.644,0.635,0.639,1196023.9
2025-03-03 13:00:00,0.639,0.648,0.637,0.641,1341404.2
2025-03-03 14:00:00,0.641,0.643,0.616,0.618,4486431.7
2025-03-03 15:00:00,0.618,0.632,0.618,0.624,2669656.6
2025-03-03 16:00:00,0.624,0.627,0.617,0.621,1246862.9
2025-03-03 17:00:00,0.621,0.626,0.616,0.618,719115.4
2025-03-03 18:00:00,0.617,0.618,0.585,0.591,3837697.7
2025-03-03 19:00:00,0.59,0.596,0.565,0.568,7835726.4
2025-03-03 20:00:00,0.569,0.576,0.557,0.564,2901931.4
2025-03-03 21:00:00,0.564,0.571,0.55,0.552,1888302.0
2025-03-03 22:00:00,0.552,0.565,0.552,0.563,1063898.3
2025-03-03 23:00:00,0.562,0.563,0.556,0.556,688945.4
2025-03-04 00:00:00,0.556,0.56,0.544,0.545,1261087.3
2025-03-04 01:00:00,0.545,0.548,0.514,0.519,5542131.9
2025-03-04 02:00:00,0.52,0.532,0.505,0.527,3158423.2
2025-03-04 03:00:00,0.527,0.538,0.524,0.533,1064375.5
2025-03-04 04:00:00,0.532,0.537,0.528,0.529,668182.4
2025-03-04 05:00:00,0.53,0.543,0.528,0.532,926774.4
2025-03-04 06:00:00,0.531,0.535,0.528,0.531,612736.4
2025-03-04 07:00:00,0.531,0.533,0.524,0.525,812733.0
2025-03-04 08:00:00,0.524,0.532,0.522,0.528,1042419.3
2025-03-04 09:00:00,0.528,0.53,0.521,0.524,931384.8
2025-03-04 10:00:00,0.523,0.53,0.521,0.527,553809.1
2025-03-04 11:00:00,0.527,0.531,0.525,0.525,664853.9
2025-03-04 12:00:00,0.524,0.526,0.517,0.52,984508.2
2025-03-04 13:00:00,0.52,0.52,0.507,0.517,1989373.2
2025-03-04 14:00:00,0.516,0.546,0.513,0.522,3548635.3
2025-03-04 15:00:00,0.523,0.531,0.513,0.527,2889037.7
2025-03-04 16:00:00,0.527,0.531,0.484,0.51,5052257.4
2025-03-04 17:00:00,0.51,0.53,0.508,0.525,2020259.4
2025-03-04 18:00:00,0.525,0.537,0.522,0.534,901002.0
2025-03-04 19:00:00,0.535,0.541,0.532,0.539,773795.3
2025-03-04 20:00:00,0.539,0.544,0.528,0.529,645828.2
2025-03-04 21:00:00,0.53,0.551,0.528,0.543,951825.8
2025-03-04 22:00:00,0.543,0.546,0.539,0.539,358511.5
2025-03-04 23:00:00,0.54,0.542,0.535,0.537,506943.4
2025-03-05 00:00:00,0.538,0.542,0.532,0.533,621923.4
2025-03-05 01:00:00,0.532,0.538,0.529,0.536,655249.6
2025-03-05 02:00:00,0.537,0.541,0.529,0.535,660235.6
2025-03-05 03:00:00,0.535,0.537,0.524,0.524,645422.1
2025-03-05 04:00:00,0.525,0.531,0.524,0.529,578746.5
2025-03-05 05:00:00,0.53,0.534,0.529,0.532,521104.0
2025-03-05 06:00:00,0.532,0.534,0.527,0.533,582125.1
2025-03-05 07:00:00,0.532,0.542,0.532,0.538,1021231.1
2025-03-05 08:00:00,0.538,0.558,0.537,0.554,1461296.7
2025-03-05 09:00:00,0.554,0.562,0.552,0.558,651418.5
2025-03-05 10:00:00,0.559,0.569,0.555,0.566,1168902.8
2025-03-05 11:00:00,0.565,0.565,0.556,0.557,1099684.2
2025-03-05 12:00:00,0.557,0.567,0.557,0.561,670065.6
2025-03-05 13:00:00,0.562,0.566,0.552,0.555,1100866.4
2025-03-05 14:00:00,0.555,0.556,0.543,0.546,1460614.8
2025-03-05 15:00:00,0.546,0.557,0.545,0.547,1611910.5
2025-03-05 16:00:00,0.548,0.552,0.54,0.549,1294108.9
2025-03-05 17:00:00,0.549,0.559,0.547,0.559,1196771.4
2025-03-05 18:00:00,0.56,0.564,0.554,0.56,539190.5
2025-03-05 19:00:00,0.56,0.571,0.56,0.567,458968.4
2025-03-05 20:00:00,0.567,0.572,0.566,0.569,468036.3
2025-03-05 21:00:00,0.569,0.571,0.566,0.567,488508.1
2025-03-05 22:00:00,0.567,0.576,0.566,0.575,1067273.3
2025-03-05 23:00:00,0.574,0.586,0.574,0.58,1147620.2
2025-03-06 00:00:00,0.581,0.587,0.579,0.581,978219.6
2025-03-06 01:00:00,0.581,0.596,0.573,0.586,1063760.0
2025-03-06 02:00:00,0.586,0.597,0.586,0.595,703971.0
2025-03-06 03:00:00,0.595,0.615,0.593,0.614,799160.8
2025-03-06 04:00:00,0.613,0.615,0.601,0.611,1545123.9
2025-03-06 05:00:00,0.611,0.621,0.601,0.607,1354213.7
2025-03-06 06:00:00,0.607,0.609,0.598,0.6,1213227.0
2025-03-06 07:00:00,0.601,0.602,0.587,0.588,1052903.7
2025-03-06 08:00:00,0.588,0.594,0.586,0.591,1047478.9
2025-03-06 09:00:00,0.591,0.592,0.584,0.587,986519.8
2025-03-06 10:00:00,0.588,0.596,0.584,0.591,793259.9
2025-03-06 11:00:00,0.591,0.594,0.587,0.593,552080.7
2025-03-06 12:00:00,0.593,0.594,0.579,0.583,1181533.9
2025-03-06 13:00:00,0.583,0.585,0.575,0.576,851156.9
2025-03-06 14:00:00,0.576,0.584,0.571,0.577,1382951.6
2025-03-06 15:00:00,0.577,0.593,0.577,0.589,1096530.3
2025-03-06 16:00:00,0.588,0.594,0.578,0.579,878185.7
2025-03-06 17:00:00,0.579,0.58,0.566,0.57,1210198.1
2025-03-06 18:00:00,0.57,0.572,0.561,0.565,825700.9
2025-03-06 19:00:00,0.565,0.57,0.56,0.564,767010.0
2025-03-06 20:00:00,0.564,0.571,0.563,0.567,507913.5
2025-03-06 21:00:00,0.566,0.573,0.563,0.568,480194.2
2025-03-06 22:00:00,0.569,0.582,0.569,0.577,825248.8
2025-03-06 23:00:00,0.577,0.578,0.566,0.567,387505.0
2025-03-07 00:00:00,0.567,0.575,0.539,0.544,5793435.1
2025-03-07 01:00:00,0.544,0.585,0.541,0.583,3303925.2
2025-03-07 02:00:00,0.583,0.593,0.581,0.588,1223395.3
2025-03-07 03:00:00,0.588,0.591,0.578,0.579,600182.8
2025-03-07 04:00:00,0.578,0.588,0.576,0.582,655517.7
2025-03-07 05:00:00,0.582,0.591,0.58,0.585,469613.5
2025-03-07 06:00:00,0.585,0.585,0.579,0.58,667243.3
2025-03-07 07:00:00,0.58,0.582,0.572,0.577,762461.9
2025-03-07 08:00:00,0.576,0.578,0.568,0.576,531374.2
2025-03-07 09:00:00,0.576,0.591,0.576,0.585,977264.8
2025-03-07 10:00:00,0.585,0.587,0.582,0.587,220555.6
2025-03-07 11:00:00,0.587,0.59,0.584,0.586,408467.6
2025-03-07 12:00:00,0.587,0.588,0.573,0.577,613780.8
2025-03-07 13:00:00,0.577,0.597,0.576,0.581,2274731.5
2025-03-07 14:00:00,0.581,0.596,0.574,0.586,1378173.2
2025-03-07 15:00:00,0.586,0.593,0.58,0.585,1423119.6
2025-03-07 16:00:00,0.585,0.587,0.566,0.572,1441794.8
2025-03-07 17:00:00,0.571,0.582,0.567,0.576,866097.3
2025-03-07 18:00:00,0.575,0.598,0.574,0.596,754303.6
2025-03-07 19:00:00,0.597,0.6,0.583,0.587,942881.5
2025-03-07 20:00:00,0.586,0.591,0.577,0.584,936071.6
2025-03-07 21:00:00,0.584,0.585,0.568,0.577,1619639.5
2025-03-07 22:00:00,0.577,0.593,0.573,0.585,1127232.1
2025-03-07 23:00:00,0.584,0.585,0.572,0.579,848685.4
2025-03-08 00:00:00,0.579,0.586,0.575,0.584,406450.0
2025-03-08 01:00:00,0.585,0.587,0.568,0.575,496921.3
2025-03-08 02:00:00,0.575,0.58,0.574,0.576,300440.7
2025-03-08 03:00:00,0.576,0.579,0.571,0.577,263919.8
2025-03-08 04:00:00,0.577,0.581,0.574,0.581,195452.3
2025-03-08 05:00:00,0.581,0.582,0.569,0.573,205144.4
2025-03-08 06:00:00,0.573,0.577,0.569,0.575,388541.4
2025-03-08 07:00:00,0.575,0.581,0.572,0.574,501953.9
2025-03-08 08:00:00,0.573,0.578,0.567,0.569,684761.8
2025-03-08 09:00:00,0.568,0.577,0.565,0.566,583385.8
2025-03-08 10:00:00,0.566,0.57,0.563,0.568,300768.1
2025-03-08 11:00:00,0.567,0.567,0.553,0.558,818887.7
2025-03-08 12:00:00,0.558,0.575,0.553,0.573,1401963.2
2025-03-08 13:00:00,0.573,0.577,0.567,0.569,829508.5
2025-03-08 14:00:00,0.568,0.571,0.564,0.565,785351.6
2025-03-08 15:00:00,0.565,0.565,0.559,0.559,288851.9
2025-03-08 16:00:00,0.559,0.56,0.55,0.557,379746.0
2025-03-08 17:00:00,0.557,0.566,0.555,0.563,401617.8
2025-03-08 18:00:00,0.563,0.569,0.561,0.566,174017.6
2025-03-08 19:00:00,0.566,0.571,0.562,0.568,276372.9
2025-03-08 20:00:00,0.569,0.569,0.564,0.565,132962.1
2025-03-08 21:00:00,0.565,0.569,0.561,0.561,165446.1
2025-03-08 22:00:00,0.562,0.562,0.552,0.56,299892.0
2025-03-08 23:00:00,0.56,0.563,0.557,0.56,288528.6
2025-03-09 00:00:00,0.56,0.562,0.558,0.558,267289.9
2025-03-09 01:00:00,0.559,0.56,0.556,0.559,592095.1
2025-03-09 02:00:00,0.559,0.56,0.554,0.554,337521.2
2025-03-09 03:00:00,0.555,0.558,0.552,0.557,239536.9
2025-03-09 04:00:00,0.556,0.56,0.556,0.558,216350.8
2025-03-09 05:00:00,0.558,0.559,0.553,0.553,192125.3
2025-03-09 06:00:00,0.553,0.556,0.55,0.554,285732.8
2025-03-09 07:00:00,0.555,0.556,0.548,0.549,1856349.4
2025-03-09 08:00:00,0.549,0.55,0.545,0.547,289534.2
2025-03-09 09:00:00,0.548,0.551,0.542,0.543,701258.5
2025-03-09 10:00:00,0.543,0.548,0.527,0.531,831963.8
2025-03-09 11:00:00,0.531,0.535,0.529,0.534,513725.9
2025-03-09 12:00:00,0.533,0.537,0.53,0.533,1296037.5
2025-03-09 13:00:00,0.534,0.536,0.513,0.514,3396551.0
2025-03-09 14:00:00,0.514,0.52,0.51,0.517,1183032.8
2025-03-09 15:00:00,0.518,0.52,0.506,0.512,886252.0
2025-03-09 16:00:00,0.511,0.515,0.49,0.492,1764567.3
2025-03-09 17:00:00,0.492,0.497,0.482,0.484,1676342.4
2025-03-09 18:00:00,0.484,0.489,0.47,0.479,2759911.8
2025-03-09 19:00:00,0.48,0.49,0.479,0.488,1170698.5
2025-03-09 20:00:00,0.488,0.495,0.486,0.491,965950.9
2025-03-09 21:00:00,0.491,0.492,0.482,0.487,1096124.0
2025-03-09 22:00:00,0.487,0.489,0.479,0.487,1047122.6
2025-03-09 23:00:00,0.487,0.495,0.484,0.492,973302.7
2025-03-10 00:00:00,0.491,0.505,0.484,0.501,1369244.9
2025-03-10 01:00:00,0.501,0.508,0.499,0.5,1012309.4
2025-03-10 02:00:00,0.5,0.505,0.497,0.498,609482.1
2025-03-10 03:00:00,0.499,0.501,0.494,0.496,281640.7
2025-03-10 04:00:00,0.496,0.503,0.496,0.501,495159.3
2025-03-10 05:00:00,0.501,0.505,0.5,0.504,263213.4
2025-03-10 06:00:00,0.503,0.509,0.501,0.508,418450.5
2025-03-10 07:00:00,0.508,0.512,0.505,0.511,498341.6
2025-03-10 08:00:00,0.51,0.511,0.498,0.503,949531.2
2025-03-10 09:00:00,0.503,0.534,0.502,0.517,2142574.2
2025-03-10 10:00:00,0.518,0.521,0.512,0.52,624367.8
2025-03-10 11:00:00,0.52,0.526,0.514,0.523,523979.8
2025-03-10 12:00:00,0.523,0.528,0.516,0.518,1458203.3
2025-03-10 13:00:00,0.518,0.519,0.501,0.502,1266557.9
2025-03-10 14:00:00,0.502,0.503,0.481,0.485,2669374.6
2025-03-10 15:00:00,0.486,0.502,0.483,0.493,1583996.2
2025-03-10 16:00:00,0.493,0.495,0.486,0.488,1416738.1
2025-03-10 17:00:00,0.488,0.491,0.463,0.465,2506700.8
2025-03-10 18:00:00,0.466,0.475,0.444,0.445,2772520.5
2025-03-10 19:00:00,0.445,0.472,0.443,0.467,2117230.2
2025-03-10 20:00:00,0.467,0.469,0.458,0.465,720681.5
2025-03-10 21:00:00,0.465,0.471,0.461,0.465,645255.1
2025-03-10 22:00:00,0.465,0.468,0.46,0.462,598349.1
2025-03-10 23:00:00,0.462,0.468,0.458,0.459,765021.7
2025-03-11 00:00:00,0.46,0.467,0.419,0.433,4383127.3
2025-03-11 01:00:00,0.433,0.446,0.421,0.446,1599495.3
2025-03-11 02:00:00,0.447,0.458,0.445,0.455,1063592.6
2025-03-11 03:00:00,0.455,0.461,0.453,0.453,611733.2
2025-03-11 04:00:00,0.453,0.463,0.452,0.458,344185.2
2025-03-11 05:00:00,0.459,0.476,0.458,0.476,766296.0
2025-03-11 06:00:00,0.475,0.736,0.474,0.668,55049128.1
2025-03-11 07:00:00,0.668,0.686,0.559,0.574,20360015.9
2025-03-11 08:00:00,0.574,0.588,0.563,0.572,8138055.2
2025-03-11 09:00:00,0.573,0.603,0.572,0.578,8063141.5
2025-03-11 10:00:00,0.578,0.591,0.562,0.566,5453671.5
2025-03-11 11:00:00,0.566,0.58,0.564,0.575,6175766.0
2025-03-11 12:00:00,0.576,0.578,0.542,0.545,5609229.5
2025-03-11 13:00:00,0.545,0.562,0.531,0.541,4782324.8
2025-03-11 14:00:00,0.542,0.546,0.519,0.526,3954041.2
2025-03-11 15:00:00,0.526,0.541,0.524,0.535,2158627.4
2025-03-11 16:00:00,0.536,0.541,0.524,0.531,2708126.5
2025-03-11 17:00:00,0.532,0.537,0.524,0.53,1234925.3
2025-03-11 18:00:00,0.53,0.56,0.53,0.552,2933953.6
2025-03-11 19:00:00,0.552,0.554,0.538,0.541,2048281.4
2025-03-11 20:00:00,0.541,0.542,0.528,0.531,1401403.3
2025-03-11 21:00:00,0.53,0.539,0.526,0.528,1490534.0
2025-03-11 22:00:00,0.527,0.535,0.525,0.533,1008690.9
2025-03-11 23:00:00,0.533,0.533,0.515,0.518,1130445.5
2025-03-12 00:00:00,0.517,0.519,0.501,0.508,2525940.1
2025-03-12 01:00:00,0.508,0.521,0.506,0.518,1907186.5
2025-03-12 02:00:00,0.518,0.52,0.509,0.512,1973338.7
2025-03-12 03:00:00,0.513,0.515,0.499,0.501,1872532.5
2025-03-12 04:00:00,0.501,0.504,0.494,0.501,1629530.1
2025-03-12 05:00:00,0.502,0.507,0.499,0.504,908274.3
2025-03-12 06:00:00,0.503,0.516,0.499,0.511,2190024.1
2025-03-12 07:00:00,0.511,0.527,0.508,0.525,2440542.0
2025-03-12 08:00:00,0.525,0.538,0.524,0.534,4568751.7
2025-03-12 09:00:00,0.534,0.546,0.528,0.536,3019795.3
2025-03-12 10:00:00,0.537,0.541,0.533,0.54,1156274.8
2025-03-12 11:00:00,0.54,0.552,0.534,0.538,2294606.2
2025-03-12 12:00:00,0.538,0.548,0.529,0.536,4718073.3
2025-03-12 13:00:00,0.537,0.538,0.523,0.525,2986529.9
2025-03-12 14:00:00,0.524,0.526,0.51,0.516,3038092.0
2025-03-12 15:00:00,0.515,0.517,0.507,0.515,1483467.4
2025-03-12 16:00:00,0.515,0.525,0.514,0.525,1250707.6
2025-03-12 17:00:00,0.525,0.535,0.523,0.529,832282.5
2025-03-12 18:00:00,0.529,0.533,0.524,0.526,552717.6
2025-03-12 19:00:00,0.525,0.526,0.52,0.521,519126.8
2025-03-12 20:00:00,0.521,0.522,0.516,0.518,335039.1
2025-03-12 21:00:00,0.518,0.525,0.518,0.521,535746.1
2025-03-12 22:00:00,0.521,0.525,0.519,0.521,379140.7
2025-03-12 23:00:00,0.52,0.525,0.515,0.523,447914.7
2025-03-13 00:00:00,0.523,0.543,0.511,0.514,4081056.6
2025-03-13 01:00:00,0.514,0.515,0.505,0.513,931274.6
2025-03-13 02:00:00,0.513,0.52,0.51,0.511,680185.7
2025-03-13 03:00:00,0.511,0.515,0.507,0.51,657772.8
2025-03-13 04:00:00,0.509,0.511,0.503,0.504,482349.0
2025-03-13 05:00:00,0.505,0.509,0.497,0.5,993329.2
2025-03-13 06:00:00,0.5,0.501,0.496,0.498,963984.0
2025-03-13 07:00:00,0.499,0.504,0.497,0.499,707452.0
2025-03-13 08:00:00,0.5,0.504,0.495,0.502,849867.5
2025-03-13 09:00:00,0.502,0.513,0.502,0.512,780889.7
2025-03-13 10:00:00,0.512,0.52,0.51,0.517,1326157.0
2025-03-13 11:00:00,0.517,0.519,0.512,0.514,848464.6
2025-03-13 12:00:00,0.515,0.522,0.507,0.51,1951929.2
2025-03-13 13:00:00,0.51,0.515,0.503,0.505,2422367.7
2025-03-13 14:00:00,0.504,0.512,0.502,0.509,1118467.9
2025-03-13 15:00:00,0.509,0.518,0.505,0.515,1174385.0
2025-03-13 16:00:00,0.515,0.516,0.507,0.511,787025.5
2025-03-13 17:00:00,0.511,0.515,0.504,0.505,1082838.6
2025-03-13 18:00:00,0.505,0.511,0.503,0.505,857657.9
2025-03-13 19:00:00,0.505,0.508,0.498,0.5,433260.2
2025-03-13 20:00:00,0.5,0.503,0.495,0.498,602467.5
2025-03-13 21:00:00,0.497,0.499,0.491,0.496,586296.1
2025-03-13 22:00:00,0.496,0.512,0.496,0.511,566023.5
2025-03-13 23:00:00,0.511,0.514,0.506,0.508,706535.4
2025-03-14 00:00:00,0.508,0.519,0.506,0.515,978193.2
2025-03-14 01:00:00,0.515,0.515,0.502,0.51,1174502.2
2025-03-14 02:00:00,0.51,0.519,0.509,0.518,700502.4
2025-03-14 03:00:00,0.518,0.518,0.513,0.516,368935.0
2025-03-14 04:00:00,0.517,0.52,0.514,0.517,717186.5
2025-03-14 05:00:00,0.517,0.522,0.515,0.518,421860.0
2025-03-14 06:00:00,0.519,0.52,0.513,0.519,994114.6
2025-03-14 07:00:00,0.519,0.523,0.518,0.518,524297.1
2025-03-14 08:00:00,0.518,0.525,0.518,0.523,523378.4
2025-03-14 09:00:00,0.523,0.527,0.52,0.52,893576.7
2025-03-14 10:00:00,0.521,0.527,0.519,0.524,316075.6
2025-03-14 11:00:00,0.525,0.528,0.524,0.525,229157.2
2025-03-14 12:00:00,0.526,0.529,0.524,0.526,301540.2
2025-03-14 13:00:00,0.525,0.528,0.52,0.526,484884.9
2025-03-14 14:00:00,0.525,0.53,0.52,0.527,1244688.9
2025-03-14 15:00:00,0.527,0.538,0.527,0.531,1438171.8
2025-03-14 16:00:00,0.531,0.537,0.528,0.536,498553.5
2025-03-14 17:00:00,0.536,0.542,0.534,0.535,489154.4
2025-03-14 18:00:00,0.536,0.538,0.531,0.535,358863.1
2025-03-14 19:00:00,0.535,0.54,0.533,0.535,504613.6
2025-03-14 20:00:00,0.534,0.534,0.525,0.529,748933.2
2025-03-14 21:00:00,0.528,0.532,0.526,0.532,570123.5
2025-03-14 22:00:00,0.531,0.533,0.529,0.532,332621.1
2025-03-14 23:00:00,0.532,0.532,0.523,0.524,391984.9
2025-03-15 00:00:00,0.524,0.525,0.519,0.521,702052.6
2025-03-15 01:00:00,0.521,0.521,0.515,0.519,299220.1
2025-03-15 02:00:00,0.518,0.522,0.515,0.522,312758.7
2025-03-15 03:00:00,0.522,0.525,0.52,0.524,464964.9
2025-03-15 04:00:00,0.524,0.528,0.521,0.528,473631.4
2025-03-15 05:00:00,0.528,0.528,0.524,0.524,698092.6
2025-03-15 06:00:00,0.523,0.526,0.52,0.526,372179.8
2025-03-15 07:00:00,0.526,0.526,0.518,0.521,488445.5
2025-03-15 08:00:00,0.521,0.523,0.518,0.522,380144.5
2025-03-15 09:00:00,0.523,0.524,0.518,0.522,535875.0
2025-03-15 10:00:00,0.522,0.523,0.518,0.521,268595.6
2025-03-15 11:00:00,0.52,0.525,0.52,0.524,381231.6
2025-03-15 12:00:00,0.523,0.528,0.523,0.523,333069.0
2025-03-15 13:00:00,0.523,0.531,0.523,0.531,559071.8
2025-03-15 14:00:00,0.531,0.533,0.525,0.526,915257.5
2025-03-15 15:00:00,0.526,0.533,0.526,0.533,373007.9
2025-03-15 16:00:00,0.532,0.536,0.531,0.533,519980.5
2025-03-15 17:00:00,0.532,0.536,0.53,0.532,355744.1
2025-03-15 18:00:00,0.532,0.535,0.528,0.53,375854.3
2025-03-15 19:00:00,0.529,0.533,0.528,0.531,305923.6
2025-03-15 20:00:00,0.531,0.537,0.531,0.534,313615.2
2025-03-15 21:00:00,0.535,0.538,0.531,0.535,333203.0
2025-03-15 22:00:00,0.535,0.536,0.533,0.534,478193.6
2025-03-15 23:00:00,0.533,0.535,0.531,0.534,179398.8
2025-03-16 00:00:00,0.533,0.534,0.528,0.529,498557.5
2025-03-16 01:00:00,0.528,0.53,0.523,0.524,715468.8
2025-03-16 02:00:00,0.523,0.527,0.519,0.524,538512.3
2025-03-16 03:00:00,0.524,0.528,0.524,0.527,313484.5
2025-03-16 04:00:00,0.526,0.528,0.524,0.526,237309.3
2025-03-16 05:00:00,0.526,0.531,0.525,0.531,222213.6
2025-03-16 06:00:00,0.531,0.536,0.53,0.534,411711.8
2025-03-16 07:00:00,0.534,0.538,0.531,0.531,497733.2
2025-03-16 08:00:00,0.531,0.536,0.526,0.533,728682.5
2025-03-16 09:00:00,0.532,0.536,0.523,0.527,1031518.5
2025-03-16 10:00:00,0.526,0.529,0.522,0.522,522363.6
2025-03-16 11:00:00,0.523,0.523,0.506,0.509,2113638.2
2025-03-16 12:00:00,0.509,0.515,0.507,0.507,706758.7
2025-03-16 13:00:00,0.508,0.513,0.499,0.501,1063453.0
2025-03-16 14:00:00,0.502,0.508,0.499,0.508,986540.8
2025-03-16 15:00:00,0.507,0.51,0.502,0.505,654091.2
2025-03-16 16:00:00,0.505,0.522,0.504,0.516,1550940.9
2025-03-16 17:00:00,0.515,0.521,0.509,0.512,563609.2
2025-03-16 18:00:00,0.512,0.514,0.507,0.509,1427943.6
2025-03-16 19:00:00,0.509,0.51,0.501,0.503,847901.7
2025-03-16 20:00:00,0.504,0.508,0.502,0.506,448815.4
2025-03-16 21:00:00,0.506,0.507,0.5,0.501,341277.4
2025-03-16 22:00:00,0.502,0.504,0.497,0.497,336941.4
2025-03-16 23:00:00,0.497,0.502,0.495,0.501,335932.9
2025-03-17 00:00:00,0.501,0.509,0.501,0.508,474103.7
2025-03-17 01:00:00,0.508,0.513,0.505,0.511,466865.5
2025-03-17 02:00:00,0.511,0.517,0.51,0.514,615282.6
2025-03-17 03:00:00,0.513,0.52,0.513,0.519,643955.0
2025-03-17 04:00:00,0.519,0.521,0.517,0.518,347474.3
2025-03-17 05:00:00,0.517,0.522,0.515,0.519,715803.5
2025-03-17 06:00:00,0.519,0.524,0.515,0.521,410358.7
2025-03-17 07:00:00,0.521,0.528,0.52,0.523,545967.3
2025-03-17 08:00:00,0.523,0.535,0.522,0.535,2465593.8
2025-03-17 09:00:00,0.534,0.543,0.531,0.54,1804893.0
2025-03-17 10:00:00,0.541,0.542,0.534,0.538,828694.8
2025-03-17 11:00:00,0.538,0.545,0.535,0.544,1179424.5
2025-03-17 12:00:00,0.544,0.56,0.542,0.552,5574497.6
2025-03-17 13:00:00,0.552,0.559,0.539,0.539,3731227.4
2025-03-17 14:00:00,0.539,0.56,0.534,0.551,3154683.1
2025-03-17 15:00:00,0.551,0.575,0.548,0.569,4282335.6
2025-03-17 16:00:00,0.569,0.576,0.551,0.556,4363106.4
2025-03-17 17:00:00,0.556,0.556,0.547,0.55,2375540.4
2025-03-17 18:00:00,0.55,0.554,0.546,0.55,1720573.6
2025-03-17 19:00:00,0.551,0.553,0.546,0.547,1118087.5
2025-03-17 20:00:00,0.547,0.55,0.544,0.548,960995.2
2025-03-17 21:00:00,0.547,0.552,0.545,0.551,493150.7
2025-03-17 22:00:00,0.551,0.557,0.548,0.55,1038218.0
2025-03-17 23:00:00,0.55,0.553,0.545,0.546,392200.0
2025-03-18 00:00:00,0.546,0.548,0.541,0.546,542834.1
2025-03-18 01:00:00,0.545,0.547,0.531,0.533,486214.4
2025-03-18 02:00:00,0.534,0.538,0.53,0.531,1402167.3
2025-03-18 03:00:00,0.531,0.532,0.523,0.524,947719.6
2025-03-18 04:00:00,0.524,0.531,0.524,0.527,652018.5
2025-03-18 05:00:00,0.528,0.532,0.524,0.527,1282492.6
2025-03-18 06:00:00,0.527,0.528,0.517,0.519,740811.7
2025-03-18 07:00:00,0.519,0.528,0.518,0.522,450341.7
2025-03-18 08:00:00,0.521,0.526,0.519,0.524,423701.0
2025-03-18 09:00:00,0.523,0.525,0.518,0.52,1003539.2
2025-03-18 10:00:00,0.521,0.524,0.517,0.522,386312.2
2025-03-18 11:00:00,0.522,0.522,0.516,0.517,394367.5
2025-03-18 12:00:00,0.517,0.527,0.516,0.525,746799.1
2025-03-18 13:00:00,0.525,0.531,0.522,0.525,1223022.5
2025-03-18 14:00:00,0.525,0.534,0.523,0.529,564899.1
2025-03-18 15:00:00,0.529,0.53,0.519,0.52,739461.9
2025-03-18 16:00:00,0.52,0.523,0.516,0.522,829374.2
2025-03-18 17:00:00,0.522,0.524,0.513,0.514,685250.2
2025-03-18 18:00:00,0.515,0.522,0.513,0.519,535651.8
2025-03-18 19:00:00,0.519,0.526,0.519,0.526,425037.5
2025-03-18 20:00:00,0.527,0.529,0.52,0.524,379145.0
2025-03-18 21:00:00,0.524,0.53,0.524,0.528,457717.5
2025-03-18 22:00:00,0.528,0.532,0.528,0.53,400470.1
2025-03-18 23:00:00,0.53,0.542,0.53,0.541,717029.7
2025-03-19 00:00:00,0.541,0.553,0.54,0.548,1075119.6
2025-03-19 01:00:00,0.547,0.549,0.536,0.537,987169.3
2025-03-19 02:00:00,0.536,0.538,0.53,0.538,684431.1
2025-03-19 03:00:00,0.538,0.543,0.535,0.542,413022.1
2025-03-19 04:00:00,0.542,0.545,0.539,0.539,409842.7
2025-03-19 05:00:00,0.539,0.542,0.536,0.542,264924.2
2025-03-19 06:00:00,0.542,0.546,0.541,0.546,397193.1
2025-03-19 07:00:00,0.545,0.546,0.534,0.536,780739.4
2025-03-19 08:00:00,0.535,0.541,0.535,0.539,452310.3
2025-03-19 09:00:00,0.539,0.546,0.538,0.542,536637.2
2025-03-19 10:00:00,0.543,0.556,0.542,0.543,1233340.5
2025-03-19 11:00:00,0.543,0.556,0.541,0.554,1132913.5
2025-03-19 12:00:00,0.554,0.555,0.545,0.548,744036.2
2025-03-19 13:00:00,0.548,0.558,0.546,0.549,1624128.2
2025-03-19 14:00:00,0.549,0.556,0.547,0.55,707368.4
2025-03-19 15:00:00,0.549,0.552,0.544,0.55,1017483.8
2025-03-19 16:00:00,0.551,0.552,0.542,0.544,499649.0
2025-03-19 17:00:00,0.543,0.545,0.536,0.544,924973.9
2025-03-19 18:00:00,0.543,0.557,0.537,0.554,2078595.1
2025-03-19 19:00:00,0.554,0.559,0.55,0.557,918271.6
2025-03-19 20:00:00,0.557,0.561,0.552,0.553,612957.2
2025-03-19 21:00:00,0.553,0.556,0.552,0.553,259245.1
2025-03-19 22:00:00,0.554,0.565,0.552,0.565,863239.6
2025-03-19 23:00:00,0.565,0.579,0.565,0.572,1723160.3
2025-03-20 00:00:00,0.572,0.579,0.566,0.578,1394370.0
2025-03-20 01:00:00,0.579,0.604,0.574,0.598,3399273.1
2025-03-20 02:00:00,0.598,0.604,0.566,0.575,3731704.1
2025-03-20 03:00:00,0.575,0.577,0.558,0.561,938050.7
2025-03-20 04:00:00,0.562,0.562,0.555,0.559,986606.4
2025-03-20 05:00:00,0.559,0.562,0.555,0.56,419127.6
2025-03-20 06:00:00,0.56,0.566,0.558,0.566,474938.0
2025-03-20 07:00:00,0.565,0.568,0.56,0.562,463914.7
2025-03-20 08:00:00,0.563,0.572,0.561,0.57,630859.8
2025-03-20 09:00:00,0.571,0.571,0.56,0.563,1146293.3
2025-03-20 10:00:00,0.562,0.564,0.552,0.554,1171195.7
2025-03-20 11:00:00,0.554,0.557,0.551,0.552,496079.0
2025-03-20 12:00:00,0.552,0.558,0.548,0.558,510918.5
2025-03-20 13:00:00,0.558,0.558,0.55,0.552,383111.7
2025-03-20 14:00:00,0.552,0.566,0.552,0.566,851317.1
2025-03-20 15:00:00,0.566,0.567,0.55,0.553,832733.9
2025-03-20 16:00:00,0.553,0.557,0.547,0.551,1497004.8
2025-03-20 17:00:00,0.551,0.558,0.55,0.555,619816.4
2025-03-20 18:00:00,0.556,0.561,0.554,0.554,453584.0
2025-03-20 19:00:00,0.555,0.558,0.553,0.556,265264.0
2025-03-20 20:00:00,0.557,0.562,0.554,0.558,292832.5
2025-03-20 21:00:00,0.558,0.567,0.558,0.563,536762.6
2025-03-20 22:00:00,0.562,0.569,0.562,0.568,392091.0
2025-03-20 23:00:00,0.568,0.575,0.563,0.573,516222.7
2025-03-21 00:00:00,0.573,0.581,0.569,0.576,1465959.2
2025-03-21 01:00:00,0.576,0.577,0.571,0.574,514061.2
2025-03-21 02:00:00,0.573,0.576,0.568,0.569,304482.5
2025-03-21 03:00:00,0.57,0.571,0.565,0.567,422360.9
2025-03-21 04:00:00,0.567,0.572,0.565,0.57,348242.4
2025-03-21 05:00:00,0.57,0.571,0.564,0.571,516124.0
2025-03-21 06:00:00,0.57,0.578,0.57,0.575,855226.5
2025-03-21 07:00:00,0.576,0.589,0.576,0.58,1869304.5
2025-03-21 08:00:00,0.58,0.582,0.557,0.562,1612843.7
2025-03-21 09:00:00,0.563,0.568,0.555,0.562,1059697.4
2025-03-21 10:00:00,0.562,0.565,0.551,0.558,1091831.9
2025-03-21 11:00:00,0.558,0.559,0.551,0.557,667896.1
2025-03-21 12:00:00,0.556,0.565,0.554,0.556,697691.8
2025-03-21 13:00:00,0.556,0.577,0.555,0.577,957886.7
2025-03-21 14:00:00,0.576,0.58,0.57,0.572,1107575.9
2025-03-21 15:00:00,0.571,0.574,0.564,0.566,940140.4
2025-03-21 16:00:00,0.567,0.568,0.561,0.562,512677.5
2025-03-21 17:00:00,0.562,0.572,0.561,0.571,372273.9
2025-03-21 18:00:00,0.571,0.58,0.564,0.575,856910.7
2025-03-21 19:00:00,0.575,0.585,0.573,0.581,762902.1
2025-03-21 20:00:00,0.581,0.584,0.576,0.581,557700.7
2025-03-21 21:00:00,0.581,0.583,0.574,0.577,620488.0
2025-03-21 22:00:00,0.577,0.578,0.571,0.577,474347.7
2025-03-21 23:00:00,0.577,0.583,0.575,0.582,497360.0
2025-03-22 00:00:00,0.582,0.602,0.581,0.587,2286245.8
2025-03-22 01:00:00,0.587,0.589,0.566,0.567,903000.2
2025-03-22 02:00:00,0.567,0.574,0.564,0.573,235180.6
2025-03-22 03:00:00,0.573,0.584,0.573,0.583,188787.3
2025-03-22 04:00:00,0.583,0.586,0.579,0.585,299198.2
2025-03-22 05:00:00,0.585,0.594,0.581,0.593,513066.7
2025-03-22 06:00:00,0.592,0.601,0.589,0.599,787624.5
2025-03-22 07:00:00,0.599,0.6,0.591,0.592,485824.7
2025-03-22 08:00:00,0.592,0.597,0.588,0.596,729613.3
2025-03-22 09:00:00,0.596,0.607,0.594,0.603,845264.9
2025-03-22 10:00:00,0.604,0.618,0.601,0.617,1552992.9
2025-03-22 11:00:00,0.617,0.618,0.606,0.614,1591473.1
2025-03-22 12:00:00,0.614,0.615,0.603,0.609,779187.8
2025-03-22 13:00:00,0.61,0.632,0.61,0.619,1954799.2
2025-03-22 14:00:00,0.62,0.622,0.605,0.607,1047238.6
2025-03-22 15:00:00,0.606,0.616,0.602,0.616,907844.7
2025-03-22 16:00:00,0.615,0.632,0.615,0.619,1262894.2
2025-03-22 17:00:00,0.619,0.634,0.619,0.628,756862.6
2025-03-22 18:00:00,0.628,0.633,0.623,0.627,888462.4
2025-03-22 19:00:00,0.627,0.63,0.621,0.622,636070.4
2025-03-22 20:00:00,0.623,0.627,0.617,0.619,410191.7
2025-03-22 21:00:00,0.619,0.623,0.611,0.612,463643.9
2025-03-22 22:00:00,0.612,0.618,0.61,0.616,526789.2
2025-03-22 23:00:00,0.617,0.63,0.616,0.627,1254908.8
2025-03-23 00:00:00,0.627,0.631,0.611,0.615,844672.1
2025-03-23 01:00:00,0.616,0.624,0.614,0.623,475882.1
2025-03-23 02:00:00,0.623,0.649,0.62,0.647,1550850.1
2025-03-23 03:00:00,0.646,0.684,0.637,0.679,5911900.3
2025-03-23 04:00:00,0.679,0.698,0.625,0.628,6632063.8
2025-03-23 05:00:00,0.628,0.637,0.622,0.636,1317334.1
2025-03-23 06:00:00,0.636,0.646,0.631,0.639,1551460.3
2025-03-23 07:00:00,0.639,0.64,0.627,0.629,831962.2
2025-03-23 08:00:00,0.63,0.637,0.624,0.624,680109.7
2025-03-23 09:00:00,0.625,0.636,0.622,0.623,889082.6
2025-03-23 10:00:00,0.623,0.626,0.613,0.617,1155748.9
2025-03-23 11:00:00,0.617,0.62,0.611,0.616,667250.9
2025-03-23 12:00:00,0.616,0.619,0.605,0.607,956267.6
2025-03-23 13:00:00,0.607,0.617,0.603,0.614,921355.4
2025-03-23 14:00:00,0.613,0.614,0.604,0.606,658845.5
2025-03-23 15:00:00,0.606,0.613,0.605,0.607,716844.4
2025-03-23 16:00:00,0.607,0.612,0.604,0.609,722053.5
2025-03-23 17:00:00,0.61,0.617,0.601,0.605,779816.6
2025-03-23 18:00:00,0.604,0.616,0.602,0.614,627866.8
2025-03-23 19:00:00,0.614,0.627,0.613,0.626,1025275.5
2025-03-23 20:00:00,0.626,0.629,0.621,0.622,562893.0
2025-03-23 21:00:00,0.621,0.626,0.618,0.623,397058.6
2025-03-23 22:00:00,0.624,0.628,0.621,0.623,369068.8
2025-03-23 23:00:00,0.624,0.626,0.622,0.623,418909.3
2025-03-24 00:00:00,0.622,0.623,0.614,0.617,708869.7
2025-03-24 01:00:00,0.616,0.617,0.607,0.607,763393.5
2025-03-24 02:00:00,0.607,0.614,0.606,0.613,413435.8
2025-03-24 03:00:00,0.613,0.627,0.612,0.617,865194.7
2025-03-24 04:00:00,0.617,0.625,0.615,0.624,798261.4
2025-03-24 05:00:00,0.624,0.633,0.623,0.626,692588.8
2025-03-24 06:00:00,0.627,0.64,0.626,0.629,1663039.4
2025-03-24 07:00:00,0.63,0.632,0.622,0.624,766632.2
2025-03-24 08:00:00,0.623,0.636,0.623,0.634,696946.9
2025-03-24 09:00:00,0.634,0.637,0.629,0.631,530429.0
2025-03-24 10:00:00,0.631,0.633,0.627,0.627,519255.7
2025-03-24 11:00:00,0.627,0.63,0.623,0.625,455875.0
2025-03-24 12:00:00,0.625,0.631,0.622,0.63,636762.4
2025-03-24 13:00:00,0.629,0.644,0.621,0.64,2576419.9
2025-03-24 14:00:00,0.64,0.644,0.625,0.627,1513633.5
2025-03-24 15:00:00,0.628,0.639,0.626,0.636,760095.2
2025-03-24 16:00:00,0.636,0.642,0.632,0.634,664614.8
2025-03-24 17:00:00,0.634,0.642,0.631,0.641,742235.2
2025-03-24 18:00:00,0.64,0.644,0.634,0.643,886926.5
2025-03-24 19:00:00,0.643,0.643,0.634,0.636,508946.2
2025-03-24 20:00:00,0.636,0.642,0.634,0.638,388351.0
2025-03-24 21:00:00,0.637,0.647,0.635,0.646,470625.3
2025-03-24 22:00:00,0.645,0.66,0.645,0.652,1001878.4
2025-03-24 23:00:00,0.652,0.655,0.636,0.642,1240789.6
2025-03-25 00:00:00,0.641,0.649,0.634,0.641,976237.2
2025-03-25 01:00:00,0.641,0.649,0.629,0.633,939206.3
2025-03-25 02:00:00,0.633,0.637,0.623,0.626,697835.3
2025-03-25 03:00:00,0.626,0.627,0.618,0.624,962631.9
2025-03-25 04:00:00,0.624,0.628,0.618,0.621,456021.4
2025-03-25 05:00:00,0.622,0.63,0.62,0.625,690080.2
2025-03-25 06:00:00,0.626,0.63,0.622,0.625,625164.9
2025-03-25 07:00:00,0.625,0.628,0.615,0.619,641382.7
2025-03-25 08:00:00,0.62,0.625,0.618,0.619,504794.8
2025-03-25 09:00:00,0.619,0.628,0.618,0.625,531276.4
2025-03-25 10:00:00,0.626,0.641,0.621,0.632,959713.1
2025-03-25 11:00:00,0.632,0.638,0.629,0.634,585962.1
2025-03-25 12:00:00,0.635,0.637,0.625,0.626,754413.3
2025-03-25 13:00:00,0.625,0.638,0.624,0.628,882516.6
2025-03-25 14:00:00,0.627,0.637,0.625,0.634,1041980.5
2025-03-25 15:00:00,0.633,0.638,0.618,0.621,1527308.0
2025-03-25 16:00:00,0.622,0.631,0.62,0.627,517028.1
2025-03-25 17:00:00,0.628,0.633,0.626,0.63,552794.4
2025-03-25 18:00:00,0.631,0.631,0.622,0.625,786116.1
2025-03-25 19:00:00,0.625,0.633,0.625,0.63,480777.7
2025-03-25 20:00:00,0.631,0.635,0.627,0.629,462890.8
2025-03-25 21:00:00,0.628,0.636,0.628,0.632,320048.2
2025-03-25 22:00:00,0.632,0.636,0.629,0.634,368720.0
2025-03-25 23:00:00,0.633,0.642,0.633,0.64,751880.4
2025-03-26 00:00:00,0.64,0.647,0.638,0.639,629153.5
2025-03-26 01:00:00,0.639,0.64,0.633,0.635,532978.7
2025-03-26 02:00:00,0.636,0.636,0.626,0.626,323235.4
2025-03-26 03:00:00,0.626,0.628,0.619,0.621,573182.0
2025-03-26 04:00:00,0.622,0.628,0.619,0.624,314891.8
2025-03-26 05:00:00,0.625,0.64,0.624,0.64,489944.0
2025-03-26 06:00:00,0.64,0.656,0.64,0.655,863145.0
2025-03-26 07:00:00,0.655,0.66,0.651,0.653,1086050.7
2025-03-26 08:00:00,0.653,0.659,0.651,0.653,476613.9
2025-03-26 09:00:00,0.653,0.655,0.646,0.65,374467.8
2025-03-26 10:00:00,0.65,0.654,0.649,0.652,322423.0
2025-03-26 11:00:00,0.652,0.656,0.648,0.649,351795.4
2025-03-26 12:00:00,0.649,0.652,0.641,0.644,461973.7
2025-03-26 13:00:00,0.644,0.644,0.628,0.63,945737.2
2025-03-26 14:00:00,0.629,0.637,0.622,0.628,1100318.8
2025-03-26 15:00:00,0.628,0.634,0.624,0.63,499636.7
2025-03-26 16:00:00,0.63,0.637,0.629,0.63,602380.5
2025-03-26 17:00:00,0.63,0.633,0.623,0.625,429047.2
2025-03-26 18:00:00,0.625,0.628,0.619,0.619,391143.1
2025-03-26 19:00:00,0.62,0.626,0.612,0.622,514377.7
2025-03-26 20:00:00,0.621,0.63,0.62,0.627,303899.8
2025-03-26 21:00:00,0.627,0.633,0.62,0.629,520331.7
2025-03-26 22:00:00,0.629,0.629,0.618,0.62,311770.9
2025-03-26 23:00:00,0.62,0.62,0.61,0.614,798762.1
2025-03-27 00:00:00,0.614,0.625,0.61,0.624,695174.8
2025-03-27 01:00:00,0.624,0.63,0.623,0.625,510897.6
2025-03-27 02:00:00,0.625,0.635,0.625,0.63,689054.2
2025-03-27 03:00:00,0.63,0.636,0.629,0.634,260333.1
2025-03-27 04:00:00,0.634,0.634,0.628,0.628,273139.5
2025-03-27 05:00:00,0.628,0.629,0.622,0.623,205846.6
2025-03-27 06:00:00,0.622,0.628,0.621,0.623,344384.9
2025-03-27 07:00:00,0.623,0.624,0.62,0.622,323914.5
2025-03-27 08:00:00,0.623,0.628,0.621,0.622,530550.5
2025-03-27 09:00:00,0.622,0.623,0.618,0.618,381312.3
2025-03-27 10:00:00,0.618,0.622,0.612,0.613,637378.4
2025-03-27 11:00:00,0.613,0.616,0.602,0.604,689567.7
2025-03-27 12:00:00,0.605,0.617,0.601,0.613,541393.8
2025-03-27 13:00:00,0.613,0.617,0.605,0.613,796097.7
2025-03-27 14:00:00,0.614,0.621,0.61,0.62,681373.0
2025-03-27 15:00:00,0.619,0.623,0.613,0.616,510040.2
2025-03-27 16:00:00,0.617,0.621,0.612,0.612,384171.0
2025-03-27 17:00:00,0.613,0.615,0.607,0.608,493143.1
2025-03-27 18:00:00,0.608,0.619,0.608,0.617,362284.4
2025-03-27 19:00:00,0.617,0.622,0.615,0.616,388149.3
2025-03-27 20:00:00,0.616,0.622,0.614,0.62,222716.9
2025-03-27 21:00:00,0.62,0.631,0.618,0.626,670023.3
2025-03-27 22:00:00,0.626,0.636,0.625,0.634,601696.1
2025-03-27 23:00:00,0.634,0.636,0.622,0.63,551086.1
2025-03-28 00:00:00,0.629,0.635,0.622,0.632,541772.5
2025-03-28 01:00:00,0.632,0.641,0.628,0.639,571126.7
2025-03-28 02:00:00,0.639,0.642,0.634,0.636,533312.6
2025-03-28 03:00:00,0.635,0.636,0.612,0.62,1140467.2
2025-03-28 04:00:00,0.619,0.621,0.597,0.6,2051173.4
2025-03-28 05:00:00,0.6,0.601,0.592,0.592,1255292.8
2025-03-28 06:00:00,0.592,0.6,0.589,0.592,714834.3
2025-03-28 07:00:00,0.593,0.596,0.584,0.585,703200.8
2025-03-28 08:00:00,0.585,0.593,0.585,0.588,518690.4
2025-03-28 09:00:00,0.587,0.589,0.582,0.585,301830.2
2025-03-28 10:00:00,0.585,0.593,0.583,0.584,443105.8
2025-03-28 11:00:00,0.584,0.591,0.579,0.59,922932.1
2025-03-28 12:00:00,0.59,0.592,0.577,0.579,1271733.5
2025-03-28 13:00:00,0.579,0.587,0.577,0.578,448942.0
2025-03-28 14:00:00,0.578,0.584,0.574,0.581,882311.8
2025-03-28 15:00:00,0.581,0.584,0.577,0.578,935235.6
2025-03-28 16:00:00,0.578,0.582,0.569,0.571,911154.2
2025-03-28 17:00:00,0.571,0.575,0.569,0.574,552179.1
2025-03-28 18:00:00,0.575,0.576,0.571,0.572,321477.1
2025-03-28 19:00:00,0.573,0.574,0.567,0.567,176968.4
2025-03-28 20:00:00,0.567,0.58,0.567,0.569,846638.6
2025-03-28 21:00:00,0.569,0.576,0.566,0.573,375863.7
2025-03-28 22:00:00,0.573,0.578,0.573,0.578,133537.6
2025-03-28 23:00:00,0.578,0.578,0.574,0.577,139401.8
2025-03-29 00:00:00,0.577,0.583,0.575,0.577,262364.4
2025-03-29 01:00:00,0.576,0.581,0.574,0.577,432030.2
2025-03-29 02:00:00,0.577,0.578,0.564,0.565,577861.8
2025-03-29 03:00:00,0.565,0.57,0.553,0.567,1468321.5
2025-03-29 04:00:00,0.566,0.569,0.56,0.561,364586.8
2025-03-29 05:00:00,0.561,0.562,0.554,0.557,251970.9
2025-03-29 06:00:00,0.557,0.557,0.549,0.55,461264.7
2025-03-29 07:00:00,0.551,0.554,0.544,0.549,560959.7
2025-03-29 08:00:00,0.548,0.555,0.548,0.552,609861.8
2025-03-29 09:00:00,0.553,0.553,0.543,0.549,630537.8
2025-03-29 10:00:00,0.55,0.55,0.541,0.543,447670.6
2025-03-29 11:00:00,0.542,0.544,0.524,0.531,1517418.5
2025-03-29 12:00:00,0.531,0.539,0.529,0.537,476850.8
2025-03-29 13:00:00,0.537,0.542,0.537,0.54,752795.5
2025-03-29 14:00:00,0.54,0.54,0.534,0.535,1199950.2
2025-03-29 15:00:00,0.536,0.54,0.536,0.537,245741.5
2025-03-29 16:00:00,0.537,0.539,0.529,0.529,875784.2
2025-03-29 17:00:00,0.529,0.535,0.521,0.527,1386003.8
2025-03-29 18:00:00,0.528,0.533,0.526,0.529,793514.0
2025-03-29 19:00:00,0.529,0.532,0.526,0.531,237966.0
2025-03-29 20:00:00,0.531,0.532,0.523,0.524,410187.0
2025-03-29 21:00:00,0.524,0.532,0.523,0.528,729349.0
2025-03-29 22:00:00,0.529,0.53,0.526,0.529,132984.5
2025-03-29 23:00:00,0.528,0.534,0.526,0.534,261145.3
2025-03-30 00:00:00,0.533,0.534,0.526,0.532,375615.3
2025-03-30 01:00:00,0.532,0.54,0.531,0.54,762765.5
2025-03-30 02:00:00,0.54,0.547,0.538,0.544,545927.9
2025-03-30 03:00:00,0.544,0.547,0.541,0.542,292428.1
2025-03-30 04:00:00,0.543,0.548,0.542,0.546,361146.3
2025-03-30 05:00:00,0.547,0.55,0.545,0.546,221137.0
2025-03-30 06:00:00,0.546,0.549,0.541,0.546,305474.5
2025-03-30 07:00:00,0.547,0.549,0.545,0.549,277387.6
2025-03-30 08:00:00,0.549,0.555,0.548,0.553,202243.7
2025-03-30 09:00:00,0.554,0.558,0.552,0.555,291328.9
2025-03-30 10:00:00,0.554,0.558,0.546,0.548,345413.8
2025-03-30 11:00:00,0.547,0.567,0.547,0.557,4137479.8
2025-03-30 12:00:00,0.557,0.558,0.547,0.55,826145.3
2025-03-30 13:00:00,0.549,0.552,0.54,0.541,774282.3
2025-03-30 14:00:00,0.54,0.547,0.535,0.543,718571.1
2025-03-30 15:00:00,0.543,0.548,0.539,0.541,513834.7
2025-03-30 16:00:00,0.541,0.544,0.533,0.535,448000.1
2025-03-30 17:00:00,0.535,0.542,0.532,0.541,335735.3
2025-03-30 18:00:00,0.542,0.55,0.542,0.549,364822.4
2025-03-30 19:00:00,0.55,0.554,0.541,0.543,607087.2
2025-03-30 20:00:00,0.543,0.544,0.537,0.539,287865.9
2025-03-30 21:00:00,0.539,0.544,0.532,0.535,233145.5
2025-03-30 22:00:00,0.535,0.541,0.526,0.536,412566.5
2025-03-30 23:00:00,0.536,0.537,0.527,0.53,466923.4
2025-03-31 00:00:00,0.53,0.531,0.512,0.515,998484.1
2025-03-31 01:00:00,0.515,0.531,0.513,0.523,718118.5
2025-03-31 02:00:00,0.523,0.524,0.511,0.516,1113247.5
2025-03-31 03:00:00,0.517,0.52,0.512,0.513,392215.9
2025-03-31 04:00:00,0.514,0.518,0.508,0.517,424941.1
2025-03-31 05:00:00,0.516,0.523,0.516,0.519,413929.7
2025-03-31 06:00:00,0.52,0.522,0.51,0.511,417126.2
2025-03-31 07:00:00,0.511,0.516,0.503,0.508,493869.2
2025-03-31 08:00:00,0.508,0.519,0.508,0.509,945323.6
2025-03-31 09:00:00,0.509,0.514,0.501,0.505,985426.5
2025-03-31 10:00:00,0.505,0.512,0.5,0.509,440889.0
2025-03-31 11:00:00,0.51,0.511,0.502,0.508,404194.4
2025-03-31 12:00:00,0.508,0.521,0.507,0.516,685397.2
2025-03-31 13:00:00,0.516,0.516,0.504,0.511,571421.0
2025-03-31 14:00:00,0.511,0.525,0.511,0.52,654949.6
2025-03-31 15:00:00,0.52,0.525,0.517,0.518,561292.8
2025-03-31 16:00:00,0.519,0.522,0.514,0.514,357738.8
2025-03-31 17:00:00,0.515,0.519,0.507,0.509,486477.3
2025-03-31 18:00:00,0.51,0.519,0.509,0.517,383779.4
2025-03-31 19:00:00,0.516,0.52,0.509,0.51,235355.7
2025-03-31 20:00:00,0.51,0.512,0.507,0.508,228565.2
2025-03-31 21:00:00,0.508,0.511,0.507,0.508,178348.3
2025-03-31 22:00:00,0.507,0.507,0.504,0.506,196081.5
2025-03-31 23:00:00,0.506,0.51,0.505,0.506,263143.2
2025-04-01 00:00:00,0.505,0.513,0.502,0.51,522460.7
2025-04-01 01:00:00,0.51,0.51,0.503,0.504,383041.3
2025-04-01 02:00:00,0.504,0.517,0.503,0.515,329055.4
2025-04-01 03:00:00,0.514,0.517,0.51,0.511,262150.5
2025-04-01 04:00:00,0.511,0.514,0.51,0.513,140905.6
2025-04-01 05:00:00,0.512,0.518,0.511,0.511,330622.4
2025-04-01 06:00:00,0.512,0.521,0.51,0.519,843287.7
2025-04-01 07:00:00,0.52,0.524,0.516,0.518,396428.4
2025-04-01 08:00:00,0.517,0.531,0.517,0.529,678259.7
2025-04-01 09:00:00,0.529,0.534,0.526,0.529,585366.1
2025-04-01 10:00:00,0.529,0.532,0.519,0.52,623146.6
2025-04-01 11:00:00,0.52,0.521,0.513,0.516,585486.1
2025-04-01 12:00:00,0.516,0.521,0.514,0.516,805665.5
2025-04-01 13:00:00,0.517,0.524,0.516,0.523,604770.4
2025-04-01 14:00:00,0.522,0.529,0.509,0.525,959448.8
2025-04-01 15:00:00,0.525,0.536,0.525,0.53,1459338.7
2025-04-01 16:00:00,0.53,0.531,0.521,0.524,932544.4
2025-04-01 17:00:00,0.524,0.528,0.523,0.524,434460.7
2025-04-01 18:00:00,0.523,0.523,0.513,0.516,1015663.1
2025-04-01 19:00:00,0.516,0.517,0.512,0.513,466790.1
2025-04-01 20:00:00,0.514,0.515,0.509,0.515,385753.6
2025-04-01 21:00:00,0.515,0.519,0.513,0.516,185382.7
2025-04-01 22:00:00,0.515,0.519,0.513,0.513,163842.0
2025-04-01 23:00:00,0.513,0.514,0.508,0.509,288311.5
2025-04-02 00:00:00,0.509,0.511,0.502,0.503,354747.9
2025-04-02 01:00:00,0.504,0.504,0.495,0.497,717137.5
2025-04-02 02:00:00,0.497,0.498,0.487,0.491,812630.0
2025-04-02 03:00:00,0.49,0.5,0.49,0.498,353022.3
2025-04-02 04:00:00,0.497,0.5,0.495,0.498,405093.5
2025-04-02 05:00:00,0.497,0.497,0.488,0.489,546985.7
2025-04-02 06:00:00,0.49,0.494,0.487,0.488,488447.5
2025-04-02 07:00:00,0.488,0.501,0.488,0.497,641159.8
2025-04-02 08:00:00,0.497,0.503,0.495,0.5,366040.7
2025-04-02 09:00:00,0.5,0.507,0.499,0.503,624289.0
2025-04-02 10:00:00,0.504,0.507,0.501,0.502,800573.7
2025-04-02 11:00:00,0.502,0.506,0.501,0.502,358462.3
2025-04-02 12:00:00,0.502,0.507,0.498,0.506,923832.9
2025-04-02 13:00:00,0.506,0.509,0.497,0.5,1121665.8
2025-04-02 14:00:00,0.5,0.503,0.492,0.501,753801.9
2025-04-02 15:00:00,0.501,0.518,0.501,0.512,1142031.1
2025-04-02 16:00:00,0.512,0.519,0.511,0.513,653319.2
2025-04-02 17:00:00,0.514,0.515,0.501,0.506,368254.0
2025-04-02 18:00:00,0.506,0.511,0.503,0.508,383122.8
2025-04-02 19:00:00,0.509,0.511,0.505,0.51,317817.2
2025-04-02 20:00:00,0.51,0.527,0.5,0.508,4781110.4
2025-04-02 21:00:00,0.508,0.511,0.499,0.502,689989.8
2025-04-02 22:00:00,0.501,0.501,0.472,0.475,3116723.2
2025-04-02 23:00:00,0.475,0.484,0.473,0.48,643524.1
2025-04-03 00:00:00,0.479,0.498,0.476,0.496,855054.4
2025-04-03 01:00:00,0.496,0.496,0.491,0.492,490310.1
2025-04-03 02:00:00,0.492,0.499,0.492,0.498,264075.5
2025-04-03 03:00:00,0.498,0.499,0.491,0.493,263343.3
2025-04-03 04:00:00,0.492,0.499,0.49,0.498,425634.3
2025-04-03 05:00:00,0.498,0.5,0.492,0.492,209018.8
2025-04-03 06:00:00,0.492,0.495,0.486,0.487,310020.8
2025-04-03 07:00:00,0.487,0.488,0.479,0.483,1024115.9
2025-04-03 08:00:00,0.484,0.488,0.481,0.486,645813.7
2025-04-03 09:00:00,0.487,0.492,0.483,0.485,830861.5
2025-04-03 10:00:00,0.485,0.488,0.474,0.475,742873.8
2025-04-03 11:00:00,0.475,0.479,0.471,0.477,859936.3
2025-04-03 12:00:00,0.478,0.48,0.465,0.466,1848395.4
2025-04-03 13:00:00,0.465,0.479,0.465,0.478,1324816.0
2025-04-03 14:00:00,0.478,0.479,0.464,0.465,1127103.1
2025-04-03 15:00:00,0.466,0.477,0.465,0.475,650935.6
2025-04-03 16:00:00,0.476,0.481,0.475,0.476,708889.7
2025-04-03 17:00:00,0.476,0.481,0.474,0.479,688186.3
2025-04-03 18:00:00,0.479,0.489,0.475,0.485,467709.6
2025-04-03 19:00:00,0.486,0.489,0.484,0.486,318634.7
2025-04-03 20:00:00,0.486,0.493,0.484,0.491,502578.9
2025-04-03 21:00:00,0.492,0.495,0.488,0.494,320404.5
2025-04-03 22:00:00,0.493,0.495,0.488,0.491,442468.6
2025-04-03 23:00:00,0.492,0.494,0.488,0.493,347973.2
2025-04-04 00:00:00,0.493,0.496,0.488,0.489,320781.6
2025-04-04 01:00:00,0.49,0.496,0.487,0.489,320547.4
2025-04-04 02:00:00,0.489,0.498,0.489,0.491,466238.7
2025-04-04 03:00:00,0.491,0.494,0.489,0.494,248524.9
2025-04-04 04:00:00,0.494,0.496,0.49,0.493,296611.2
2025-04-04 05:00:00,0.493,0.505,0.492,0.502,764461.2
2025-04-04 06:00:00,0.501,0.503,0.496,0.497,411630.3
2025-04-04 07:00:00,0.497,0.503,0.496,0.501,355755.8
2025-04-04 08:00:00,0.501,0.508,0.501,0.505,348809.2
2025-04-04 09:00:00,0.505,0.508,0.502,0.505,541885.3
2025-04-04 10:00:00,0.505,0.506,0.487,0.489,977761.5
2025-04-04 11:00:00,0.489,0.489,0.479,0.488,833554.7
2025-04-04 12:00:00,0.488,0.496,0.483,0.495,2064153.5
2025-04-04 13:00:00,0.495,0.503,0.487,0.5,775480.4
2025-04-04 14:00:00,0.5,0.502,0.493,0.499,1040804.0
2025-04-04 15:00:00,0.499,0.514,0.498,0.499,1269822.7
2025-04-04 16:00:00,0.499,0.504,0.493,0.5,1043058.4
2025-04-04 17:00:00,0.5,0.507,0.495,0.505,583829.4
2025-04-04 18:00:00,0.506,0.507,0.5,0.502,1408905.8
2025-04-04 19:00:00,0.502,0.502,0.496,0.499,1137938.9
2025-04-04 20:00:00,0.499,0.503,0.497,0.501,354180.7
2025-04-04 21:00:00,0.502,0.503,0.497,0.5,181326.4
2025-04-04 22:00:00,0.5,0.5,0.496,0.498,269117.7
2025-04-04 23:00:00,0.498,0.499,0.496,0.499,147264.5
2025-04-05 00:00:00,0.499,0.504,0.497,0.503,281092.2
2025-04-05 01:00:00,0.503,0.507,0.502,0.503,332684.0
2025-04-05 02:00:00,0.503,0.503,0.498,0.5,309327.4
2025-04-05 03:00:00,0.499,0.501,0.498,0.499,124128.8
2025-04-05 04:00:00,0.499,0.5,0.495,0.495,243071.8
2025-04-05 05:00:00,0.495,0.498,0.494,0.497,200698.4
2025-04-05 06:00:00,0.497,0.503,0.493,0.495,2070003.6
2025-04-05 07:00:00,0.495,0.5,0.493,0.498,322057.6
2025-04-05 08:00:00,0.498,0.499,0.496,0.498,139158.2
2025-04-05 09:00:00,0.498,0.5,0.497,0.498,164628.5
2025-04-05 10:00:00,0.498,0.499,0.495,0.495,226119.2
2025-04-05 11:00:00,0.495,0.496,0.491,0.493,292912.8
2025-04-05 12:00:00,0.493,0.494,0.486,0.488,466786.0
2025-04-05 13:00:00,0.489,0.489,0.481,0.482,498473.0
2025-04-05 14:00:00,0.482,0.488,0.481,0.487,597601.6
2025-04-05 15:00:00,0.487,0.487,0.477,0.48,551706.0
2025-04-05 16:00:00,0.479,0.481,0.478,0.48,470246.7
2025-04-05 17:00:00,0.48,0.483,0.478,0.48,260859.7
2025-04-05 18:00:00,0.48,0.485,0.48,0.482,237134.1
2025-04-05 19:00:00,0.483,0.484,0.478,0.479,234080.5
2025-04-05 20:00:00,0.479,0.481,0.476,0.479,336159.2
2025-04-05 21:00:00,0.479,0.48,0.476,0.477,382467.7
2025-04-05 22:00:00,0.477,0.482,0.477,0.482,167025.0
2025-04-05 23:00:00,0.481,0.487,0.48,0.485,223538.7
2025-04-06 00:00:00,0.486,0.486,0.482,0.484,180539.7
2025-04-06 01:00:00,0.483,0.486,0.482,0.482,160270.6
2025-04-06 02:00:00,0.482,0.483,0.48,0.481,165799.1
2025-04-06 03:00:00,0.482,0.482,0.479,0.481,102247.0
2025-04-06 04:00:00,0.481,0.483,0.479,0.483,161895.2
2025-04-06 05:00:00,0.483,0.487,0.482,0.485,112229.7
2025-04-06 06:00:00,0.486,0.486,0.48,0.48,112624.7
2025-04-06 07:00:00,0.479,0.48,0.475,0.477,550661.0
2025-04-06 08:00:00,0.476,0.479,0.472,0.479,384167.9
2025-04-06 09:00:00,0.479,0.481,0.477,0.478,136414.9
2025-04-06 10:00:00,0.479,0.48,0.473,0.474,228573.3
2025-04-06 11:00:00,0.474,0.476,0.47,0.475,417754.5
2025-04-06 12:00:00,0.475,0.477,0.467,0.467,870699.3
2025-04-06 13:00:00,0.467,0.469,0.457,0.457,1196777.1
2025-04-06 14:00:00,0.457,0.465,0.454,0.465,787735.8
2025-04-06 15:00:00,0.465,0.467,0.46,0.46,361817.1
2025-04-06 16:00:00,0.461,0.462,0.451,0.453,781735.9
2025-04-06 17:00:00,0.452,0.454,0.436,0.443,1625715.2
2025-04-06 18:00:00,0.443,0.444,0.429,0.434,2453184.5
2025-04-06 19:00:00,0.434,0.441,0.431,0.439,1029524.8
2025-04-06 20:00:00,0.439,0.442,0.426,0.431,1715531.8
2025-04-06 21:00:00,0.431,0.44,0.431,0.432,906444.3
2025-04-06 22:00:00,0.432,0.441,0.429,0.433,842611.1
2025-04-06 23:00:00,0.433,0.439,0.425,0.435,1350020.1
2025-04-07 00:00:00,0.434,0.443,0.431,0.439,1073143.3
2025-04-07 01:00:00,0.439,0.455,0.439,0.446,1255965.1
2025-04-07 02:00:00,0.446,0.449,0.439,0.441,345566.2
2025-04-07 03:00:00,0.44,0.441,0.421,0.43,907816.7
2025-04-07 04:00:00,0.431,0.441,0.43,0.435,846495.1
2025-04-07 05:00:00,0.435,0.438,0.427,0.429,912866.2
2025-04-07 06:00:00,0.429,0.433,0.391,0.397,4729958.9
2025-04-07 07:00:00,0.398,0.414,0.397,0.405,1634600.8
2025-04-07 08:00:00,0.404,0.425,0.402,0.419,1373003.4
2025-04-07 09:00:00,0.419,0.425,0.413,0.417,1156305.0
2025-04-07 10:00:00,0.417,0.428,0.417,0.419,1003603.1
2025-04-07 11:00:00,0.42,0.424,0.414,0.415,929657.5
2025-04-07 12:00:00,0.415,0.428,0.412,0.425,1358213.0
2025-04-07 13:00:00,0.425,0.44,0.414,0.438,2754076.0
2025-04-07 14:00:00,0.438,0.458,0.431,0.438,6092713.6
2025-04-07 15:00:00,0.438,0.441,0.429,0.436,1563499.0
2025-04-07 16:00:00,0.435,0.437,0.427,0.428,808839.8
2025-04-07 17:00:00,0.428,0.442,0.428,0.441,1142116.8
2025-04-07 18:00:00,0.441,0.441,0.435,0.435,742292.8
2025-04-07 19:00:00,0.435,0.441,0.433,0.435,810285.5
2025-04-07 20:00:00,0.436,0.446,0.435,0.444,659877.6
2025-04-07 21:00:00,0.444,0.446,0.439,0.444,307134.6
2025-04-07 22:00:00,0.443,0.449,0.443,0.446,291238.7
2025-04-07 23:00:00,0.446,0.447,0.44,0.44,345010.2
2025-04-08 00:00:00,0.441,0.445,0.438,0.439,635283.7
2025-04-08 01:00:00,0.438,0.453,0.438,0.451,670248.4
2025-04-08 02:00:00,0.452,0.455,0.447,0.447,328009.7
2025-04-08 03:00:00,0.447,0.449,0.442,0.443,375513.6
2025-04-08 04:00:00,0.444,0.447,0.442,0.444,506013.0
2025-04-08 05:00:00,0.444,0.445,0.438,0.44,337789.2
2025-04-08 06:00:00,0.44,0.44,0.435,0.436,379764.9
2025-04-08 07:00:00,0.435,0.437,0.433,0.435,487438.9
2025-04-08 08:00:00,0.435,0.436,0.43,0.433,358026.2
2025-04-08 09:00:00,0.432,0.438,0.432,0.434,573327.9
2025-04-08 10:00:00,0.434,0.437,0.433,0.436,314553.0
2025-04-08 11:00:00,0.436,0.449,0.434,0.448,741337.8
2025-04-08 12:00:00,0.448,0.449,0.441,0.443,375969.4
2025-04-08 13:00:00,0.443,0.448,0.441,0.444,931992.0
2025-04-08 14:00:00,0.444,0.448,0.433,0.433,1064169.5
2025-04-08 15:00:00,0.433,0.437,0.431,0.436,623494.3
2025-04-08 16:00:00,0.435,0.436,0.424,0.426,1152644.6
2025-04-08 17:00:00,0.425,0.426,0.414,0.423,1332807.7
2025-04-08 18:00:00,0.423,0.428,0.421,0.423,993506.9
2025-04-08 19:00:00,0.423,0.424,0.413,0.416,852070.5
2025-04-08 20:00:00,0.416,0.419,0.413,0.418,588895.2
2025-04-08 21:00:00,0.418,0.42,0.412,0.417,495612.1
2025-04-08 22:00:00,0.417,0.417,0.409,0.414,835502.4
2025-04-08 23:00:00,0.414,0.416,0.411,0.414,593045.5
2025-04-09 00:00:00,0.414,0.418,0.411,0.412,699654.8
2025-04-09 01:00:00,0.413,0.419,0.395,0.416,1481651.1
2025-04-09 02:00:00,0.417,0.419,0.412,0.413,799664.1
2025-04-09 03:00:00,0.413,0.414,0.407,0.41,417118.5
2025-04-09 04:00:00,0.41,0.422,0.409,0.417,618304.1
2025-04-09 05:00:00,0.417,0.422,0.417,0.419,372426.9
2025-04-09 06:00:00,0.419,0.425,0.418,0.422,392927.4
2025-04-09 07:00:00,0.421,0.43,0.421,0.43,743544.8
2025-04-09 08:00:00,0.43,0.431,0.426,0.427,647315.4
2025-04-09 09:00:00,0.427,0.428,0.421,0.424,1391661.0
2025-04-09 10:00:00,0.424,0.428,0.421,0.425,426510.4
2025-04-09 11:00:00,0.426,0.426,0.413,0.416,1031254.8
2025-04-09 12:00:00,0.416,0.419,0.41,0.417,846027.0
2025-04-09 13:00:00,0.417,0.428,0.416,0.424,1092332.9
2025-04-09 14:00:00,0.425,0.428,0.419,0.419,652882.7
2025-04-09 15:00:00,0.42,0.425,0.419,0.421,620765.4
2025-04-09 16:00:00,0.42,0.428,0.419,0.427,1041015.7
2025-04-09 17:00:00,0.427,0.459,0.423,0.458,4672992.0
2025-04-09 18:00:00,0.458,0.466,0.452,0.457,2736057.2
2025-04-09 19:00:00,0.458,0.464,0.457,0.46,760306.7
2025-04-09 20:00:00,0.461,0.466,0.459,0.465,1024798.0
2025-04-09 21:00:00,0.465,0.469,0.462,0.466,690748.4
2025-04-09 22:00:00,0.467,0.469,0.465,0.466,351947.5
2025-04-09 23:00:00,0.466,0.467,0.462,0.463,383252.5
2025-04-10 00:00:00,0.463,0.468,0.454,0.459,2194822.1
2025-04-10 01:00:00,0.459,0.461,0.455,0.457,314420.4
2025-04-10 02:00:00,0.457,0.465,0.457,0.462,461458.2
2025-04-10 03:00:00,0.461,0.462,0.451,0.455,493037.2
2025-04-10 04:00:00,0.454,0.456,0.449,0.453,451205.2
2025-04-10 05:00:00,0.453,0.457,0.451,0.453,377151.3
2025-04-10 06:00:00,0.453,0.456,0.451,0.452,326948.2
2025-04-10 07:00:00,0.453,0.454,0.447,0.452,978026.5
2025-04-10 08:00:00,0.452,0.453,0.448,0.449,303682.9
2025-04-10 09:00:00,0.449,0.453,0.447,0.453,312595.5
2025-04-10 10:00:00,0.452,0.453,0.446,0.448,412989.8
2025-04-10 11:00:00,0.448,0.449,0.444,0.448,475543.9
2025-04-10 12:00:00,0.447,0.459,0.447,0.451,1792126.4
2025-04-10 13:00:00,0.452,0.456,0.447,0.449,1107933.7
2025-04-10 14:00:00,0.45,0.457,0.447,0.453,540270.7
2025-04-10 15:00:00,0.453,0.453,0.434,0.438,1446203.7
2025-04-10 16:00:00,0.439,0.448,0.435,0.447,1459288.5
2025-04-10 17:00:00,0.447,0.451,0.441,0.444,1199811.9
2025-04-10 18:00:00,0.444,0.449,0.444,0.446,421758.2
2025-04-10 19:00:00,0.446,0.447,0.442,0.444,425982.6
2025-04-10 20:00:00,0.444,0.45,0.443,0.449,292015.3
2025-04-10 21:00:00,0.449,0.45,0.446,0.448,393385.6
2025-04-10 22:00:00,0.447,0.452,0.447,0.449,109265.3
2025-04-10 23:00:00,0.449,0.451,0.447,0.45,273403.8
2025-04-11 00:00:00,0.45,0.453,0.447,0.447,429637.7
2025-04-11 01:00:00,0.448,0.454,0.448,0.453,456289.5
2025-04-11 02:00:00,0.453,0.459,0.452,0.455,197215.9
2025-04-11 03:00:00,0.456,0.461,0.455,0.457,632382.6
2025-04-11 04:00:00,0.458,0.463,0.457,0.462,439929.6
2025-04-11 05:00:00,0.462,0.467,0.459,0.465,636424.4
2025-04-11 06:00:00,0.465,0.471,0.464,0.468,373965.1
2025-04-11 07:00:00,0.467,0.468,0.463,0.466,327529.0
2025-04-11 08:00:00,0.466,0.47,0.461,0.461,641772.6
2025-04-11 09:00:00,0.462,0.467,0.458,0.466,769745.3
2025-04-11 10:00:00,0.466,0.47,0.462,0.464,979301.8
2025-04-11 11:00:00,0.465,0.465,0.459,0.461,778413.2
2025-04-11 12:00:00,0.461,0.467,0.458,0.462,1242202.5
2025-04-11 13:00:00,0.462,0.469,0.46,0.465,847532.8
2025-04-11 14:00:00,0.465,0.465,0.457,0.46,1829863.6
2025-04-11 15:00:00,0.461,0.465,0.458,0.463,569836.4
2025-04-11 16:00:00,0.463,0.466,0.459,0.464,717491.2
2025-04-11 17:00:00,0.465,0.471,0.464,0.468,735222.8
2025-04-11 18:00:00,0.468,0.473,0.467,0.467,589729.2
2025-04-11 19:00:00,0.468,0.469,0.464,0.466,378217.6
2025-04-11 20:00:00,0.465,0.468,0.464,0.466,353610.6
2025-04-11 21:00:00,0.467,0.47,0.464,0.466,260798.7
2025-04-11 22:00:00,0.466,0.469,0.465,0.465,187854.6
2025-04-11 23:00:00,0.466,0.467,0.463,0.466,213512.8
2025-04-12 00:00:00,0.465,0.475,0.464,0.474,674049.1
2025-04-12 01:00:00,0.473,0.478,0.47,0.478,738473.0
2025-04-12 02:00:00,0.478,0.488,0.471,0.471,1435345.5
2025-04-12 03:00:00,0.47,0.473,0.465,0.47,493294.4
2025-04-12 04:00:00,0.47,0.475,0.466,0.474,382914.7
2025-04-12 05:00:00,0.474,0.475,0.469,0.47,356053.6
2025-04-12 06:00:00,0.471,0.478,0.47,0.474,892854.0
2025-04-12 07:00:00,0.473,0.476,0.47,0.474,583221.1
2025-04-12 08:00:00,0.474,0.481,0.473,0.479,527589.6
2025-04-12 09:00:00,0.479,0.481,0.475,0.478,536621.4
2025-04-12 10:00:00,0.477,0.477,0.471,0.471,343573.1
2025-04-12 11:00:00,0.472,0.477,0.472,0.475,345283.0
2025-04-12 12:00:00,0.476,0.479,0.474,0.477,691182.0
2025-04-12 13:00:00,0.477,0.487,0.476,0.485,848936.5
2025-04-12 14:00:00,0.485,0.491,0.484,0.489,1027204.3
2025-04-12 15:00:00,0.488,0.491,0.485,0.49,665596.3
2025-04-12 16:00:00,0.489,0.495,0.487,0.491,714598.6
2025-04-12 17:00:00,0.492,0.493,0.488,0.49,546480.8
2025-04-12 18:00:00,0.49,0.494,0.488,0.494,322233.9
2025-04-12 19:00:00,0.494,0.494,0.488,0.489,254164.9
2025-04-12 20:00:00,0.49,0.497,0.489,0.495,300160.0
2025-04-12 21:00:00,0.495,0.496,0.493,0.493,289898.1
2025-04-12 22:00:00,0.493,0.498,0.493,0.495,266548.2
2025-04-12 23:00:00,0.494,0.496,0.491,0.492,279741.5
2025-04-13 00:00:00,0.492,0.494,0.489,0.491,313951.0
2025-04-13 01:00:00,0.491,0.493,0.486,0.488,528785.8
2025-04-13 02:00:00,0.488,0.49,0.485,0.488,305262.4
2025-04-13 03:00:00,0.488,0.49,0.484,0.485,311625.3
2025-04-13 04:00:00,0.485,0.485,0.478,0.479,736287.3
2025-04-13 05:00:00,0.479,0.482,0.477,0.481,357181.1
2025-04-13 06:00:00,0.48,0.485,0.479,0.484,170078.9
2025-04-13 07:00:00,0.484,0.485,0.482,0.483,238498.8
2025-04-13 08:00:00,0.483,0.485,0.48,0.484,338777.6
2025-04-13 09:00:00,0.484,0.496,0.481,0.494,855633.9
2025-04-13 10:00:00,0.494,0.495,0.489,0.493,569973.8
2025-04-13 11:00:00,0.493,0.495,0.487,0.492,394850.7
2025-04-13 12:00:00,0.492,0.494,0.485,0.491,1207694.9
2025-04-13 13:00:00,0.491,0.496,0.481,0.483,661358.8
2025-04-13 14:00:00,0.483,0.49,0.482,0.488,616275.5
2025-04-13 15:00:00,0.487,0.487,0.477,0.48,855787.2
2025-04-13 16:00:00,0.481,0.487,0.481,0.483,473737.7
2025-04-13 17:00:00,0.483,0.497,0.483,0.495,752154.3
2025-04-13 18:00:00,0.495,0.498,0.492,0.493,621016.3
2025-04-13 19:00:00,0.494,0.494,0.469,0.477,1738197.1
2025-04-13 20:00:00,0.478,0.484,0.471,0.473,1036799.4
2025-04-13 21:00:00,0.473,0.473,0.46,0.466,857452.3
2025-04-13 22:00:00,0.467,0.47,0.459,0.46,891968.2
2025-04-13 23:00:00,0.459,0.468,0.458,0.467,540764.6
2025-04-14 00:00:00,0.467,0.481,0.465,0.475,884611.8
2025-04-14 01:00:00,0.475,0.477,0.47,0.471,481215.0
2025-04-14 02:00:00,0.472,0.489,0.47,0.483,1609218.3
2025-04-14 03:00:00,0.483,0.484,0.474,0.475,723394.2
2025-04-14 04:00:00,0.475,0.481,0.473,0.479,337049.0
2025-04-14 05:00:00,0.479,0.479,0.472,0.474,577108.2
2025-04-14 06:00:00,0.474,0.474,0.471,0.472,280218.5
2025-04-14 07:00:00,0.471,0.472,0.466,0.472,606849.7
2025-04-14 08:00:00,0.472,0.475,0.471,0.472,461843.0
2025-04-14 09:00:00,0.472,0.474,0.467,0.47,380841.7
2025-04-14 10:00:00,0.471,0.484,0.471,0.484,941130.8
2025-04-14 11:00:00,0.484,0.487,0.483,0.486,664444.4
2025-04-14 12:00:00,0.486,0.488,0.481,0.484,342750.2
2025-04-14 13:00:00,0.485,0.485,0.474,0.476,750500.2
2025-04-14 14:00:00,0.476,0.487,0.475,0.484,1216386.2
2025-04-14 15:00:00,0.484,0.484,0.466,0.467,1140736.0
2025-04-14 16:00:00,0.468,0.472,0.464,0.467,1039138.1
2025-04-14 17:00:00,0.467,0.474,0.467,0.474,1002092.1
2025-04-14 18:00:00,0.474,0.476,0.471,0.472,455128.3
2025-04-14 19:00:00,0.472,0.476,0.472,0.473,432826.6
2025-04-14 20:00:00,0.473,0.476,0.47,0.472,562862.5
2025-04-14 21:00:00,0.473,0.473,0.467,0.47,289098.7
2025-04-14 22:00:00,0.47,0.471,0.468,0.47,165296.4
2025-04-14 23:00:00,0.469,0.471,0.467,0.468,284856.2
2025-04-15 00:00:00,0.469,0.471,0.464,0.467,352991.4
2025-04-15 01:00:00,0.467,0.472,0.463,0.47,232358.6
2025-04-15 02:00:00,0.47,0.471,0.464,0.468,255803.1
2025-04-15 03:00:00,0.468,0.472,0.467,0.469,189812.3
2025-04-15 04:00:00,0.469,0.472,0.466,0.47,304080.8
2025-04-15 05:00:00,0.471,0.473,0.469,0.47,416835.6
2025-04-15 06:00:00,0.47,0.471,0.466,0.468,352166.7
2025-04-15 07:00:00,0.468,0.473,0.468,0.472,317578.9
2025-04-15 08:00:00,0.472,0.473,0.47,0.471,242755.1
2025-04-15 09:00:00,0.471,0.476,0.47,0.475,451221.7
2025-04-15 10:00:00,0.475,0.476,0.467,0.469,465690.6
2025-04-15 11:00:00,0.47,0.47,0.466,0.469,365391.7
2025-04-15 12:00:00,0.469,0.472,0.466,0.47,392658.5
2025-04-15 13:00:00,0.47,0.476,0.468,0.469,953722.7
2025-04-15 14:00:00,0.468,0.47,0.457,0.462,2126822.2
2025-04-15 15:00:00,0.462,0.467,0.461,0.463,927836.1
2025-04-15 16:00:00,0.463,0.464,0.458,0.459,608553.7
2025-04-15 17:00:00,0.458,0.461,0.454,0.455,551439.5
2025-04-15 18:00:00,0.456,0.458,0.453,0.456,522936.9
2025-04-15 19:00:00,0.456,0.458,0.453,0.456,367227.8
2025-04-15 20:00:00,0.456,0.462,0.454,0.456,476359.6
2025-04-15 21:00:00,0.456,0.463,0.454,0.462,464040.3
2025-04-15 22:00:00,0.461,0.461,0.456,0.458,455294.2
2025-04-15 23:00:00,0.457,0.46,0.456,0.457,255575.5
2025-04-16 00:00:00,0.458,0.464,0.455,0.458,624050.3
2025-04-16 01:00:00,0.457,0.465,0.456,0.462,363401.1
2025-04-16 02:00:00,0.462,0.463,0.457,0.46,180688.9
2025-04-16 03:00:00,0.459,0.464,0.459,0.46,294192.9
2025-04-16 04:00:00,0.459,0.462,0.455,0.46,431993.3
2025-04-16 05:00:00,0.461,0.465,0.458,0.46,506492.7
2025-04-16 06:00:00,0.459,0.463,0.459,0.461,278451.1
2025-04-16 07:00:00,0.461,0.462,0.452,0.453,433048.4
2025-04-16 08:00:00,0.453,0.46,0.448,0.454,706422.5
2025-04-16 09:00:00,0.454,0.455,0.448,0.45,255480.1
2025-04-16 10:00:00,0.449,0.456,0.449,0.454,281512.3
2025-04-16 11:00:00,0.454,0.456,0.45,0.454,327807.8
2025-04-16 12:00:00,0.454,0.455,0.447,0.448,469500.6
2025-04-16 13:00:00,0.448,0.45,0.443,0.446,609326.0
2025-04-16 14:00:00,0.446,0.457,0.445,0.454,851036.5
2025-04-16 15:00:00,0.454,0.463,0.453,0.455,1212491.3
2025-04-16 16:00:00,0.456,0.458,0.449,0.455,515628.3
2025-04-16 17:00:00,0.455,0.465,0.441,0.444,1896651.2
2025-04-16 18:00:00,0.444,0.459,0.444,0.455,1388328.0
2025-04-16 19:00:00,0.454,0.462,0.45,0.46,835324.9
2025-04-16 20:00:00,0.461,0.465,0.455,0.456,462461.4
2025-04-16 21:00:00,0.456,0.46,0.454,0.458,618055.4
2025-04-16 22:00:00,0.458,0.459,0.455,0.458,139964.4
2025-04-16 23:00:00,0.457,0.457,0.451,0.453,232719.6
2025-04-17 00:00:00,0.454,0.456,0.451,0.455,236572.6
2025-04-17 01:00:00,0.455,0.459,0.453,0.455,119712.1
2025-04-17 02:00:00,0.454,0.455,0.451,0.453,252165.2
2025-04-17 03:00:00,0.454,0.455,0.449,0.453,213361.3
2025-04-17 04:00:00,0.453,0.458,0.452,0.458,186960.2
2025-04-17 05:00:00,0.458,0.466,0.458,0.464,378919.8
2025-04-17 06:00:00,0.464,0.465,0.462,0.463,270987.9
2025-04-17 07:00:00,0.463,0.465,0.461,0.461,329176.7
2025-04-17 08:00:00,0.462,0.463,0.458,0.458,306587.3
2025-04-17 09:00:00,0.458,0.46,0.456,0.46,444097.8
2025-04-17 10:00:00,0.459,0.46,0.456,0.46,253658.4
2025-04-17 11:00:00,0.459,0.462,0.458,0.46,180985.1
2025-04-17 12:00:00,0.46,0.464,0.459,0.461,579705.1
2025-04-17 13:00:00,0.461,0.462,0.457,0.459,253575.5
2025-04-17 14:00:00,0.459,0.459,0.45,0.454,508299.0
2025-04-17 15:00:00,0.453,0.461,0.453,0.459,391002.9
2025-04-17 16:00:00,0.459,0.468,0.457,0.468,1184569.8
2025-04-17 17:00:00,0.467,0.475,0.467,0.473,461919.7
2025-04-17 18:00:00,0.473,0.475,0.469,0.469,450738.2
2025-04-17 19:00:00,0.469,0.47,0.462,0.466,493771.9
2025-04-17 20:00:00,0.466,0.471,0.463,0.468,514290.0
2025-04-17 21:00:00,0.468,0.469,0.466,0.468,142893.7
2025-04-17 22:00:00,0.468,0.469,0.463,0.463,186721.7
2025-04-17 23:00:00,0.462,0.468,0.462,0.467,249816.6
2025-04-18 00:00:00,0.468,0.47,0.465,0.466,428921.7
2025-04-18 01:00:00,0.467,0.472,0.465,0.47,638510.6
2025-04-18 02:00:00,0.47,0.474,0.467,0.471,321398.6
2025-04-18 03:00:00,0.471,0.475,0.469,0.473,342071.8
2025-04-18 04:00:00,0.474,0.482,0.473,0.478,1201200.5
2025-04-18 05:00:00,0.478,0.482,0.476,0.482,436083.0
2025-04-18 06:00:00,0.482,0.483,0.476,0.479,445036.9
2025-04-18 07:00:00,0.478,0.484,0.477,0.483,769074.3
2025-04-18 08:00:00,0.484,0.492,0.482,0.487,978473.9
2025-04-18 09:00:00,0.487,0.488,0.482,0.484,526422.1
2025-04-18 10:00:00,0.484,0.486,0.483,0.486,440864.7
2025-04-18 11:00:00,0.486,0.491,0.484,0.49,385116.4
2025-04-18 12:00:00,0.49,0.492,0.487,0.491,441483.5
2025-04-18 13:00:00,0.49,0.491,0.483,0.485,756560.4
2025-04-18 14:00:00,0.485,0.487,0.481,0.482,390742.3
2025-04-18 15:00:00,0.481,0.482,0.474,0.479,574599.3
2025-04-18 16:00:00,0.479,0.479,0.476,0.478,440145.6
2025-04-18 17:00:00,0.478,0.481,0.478,0.479,455729.3
2025-04-18 18:00:00,0.48,0.48,0.476,0.478,291826.6
2025-04-18 19:00:00,0.477,0.48,0.476,0.478,170909.6
2025-04-18 20:00:00,0.477,0.479,0.476,0.477,195298.3
2025-04-18 21:00:00,0.477,0.481,0.477,0.481,146178.4
2025-04-18 22:00:00,0.48,0.48,0.476,0.476,259537.6
2025-04-18 23:00:00,0.477,0.479,0.474,0.478,375576.2
2025-04-19 00:00:00,0.478,0.48,0.476,0.479,175916.8
2025-04-19 01:00:00,0.479,0.485,0.479,0.485,234461.4
2025-04-19 02:00:00,0.485,0.497,0.484,0.497,990766.2
2025-04-19 03:00:00,0.497,0.51,0.496,0.497,1127720.8
2025-04-19 04:00:00,0.497,0.498,0.489,0.492,545914.9
2025-04-19 05:00:00,0.492,0.493,0.489,0.49,342664.9
2025-04-19 06:00:00,0.49,0.491,0.484,0.489,268380.3
2025-04-19 07:00:00,0.49,0.495,0.488,0.493,237407.8
2025-04-19 08:00:00,0.493,0.497,0.492,0.494,244430.4
2025-04-19 09:00:00,0.494,0.497,0.491,0.492,249654.2
2025-04-19 10:00:00,0.493,0.493,0.487,0.491,485470.6
2025-04-19 11:00:00,0.491,0.495,0.49,0.492,376263.2
2025-04-19 12:00:00,0.493,0.493,0.487,0.489,243876.9
2025-04-19 13:00:00,0.49,0.493,0.488,0.493,210398.4
2025-04-19 14:00:00,0.493,0.496,0.492,0.496,256470.4
2025-04-19 15:00:00,0.496,0.502,0.495,0.5,838380.5
2025-04-19 16:00:00,0.5,0.505,0.494,0.495,785698.1
2025-04-19 17:00:00,0.495,0.504,0.493,0.502,694479.1
2025-04-19 18:00:00,0.502,0.506,0.502,0.505,442118.8
2025-04-19 19:00:00,0.504,0.508,0.503,0.504,472066.7
2025-04-19 20:00:00,0.505,0.509,0.503,0.508,232283.6
2025-04-19 21:00:00,0.508,0.51,0.506,0.51,240859.7
2025-04-19 22:00:00,0.51,0.514,0.509,0.514,250064.7
2025-04-19 23:00:00,0.513,0.517,0.511,0.516,321054.2
2025-04-20 00:00:00,0.517,0.517,0.506,0.507,640347.9
2025-04-20 01:00:00,0.506,0.515,0.506,0.515,364004.1
2025-04-20 02:00:00,0.514,0.514,0.507,0.508,186125.1
2025-04-20 03:00:00,0.507,0.512,0.506,0.511,226021.7
2025-04-20 04:00:00,0.51,0.516,0.51,0.513,253960.7
2025-04-20 05:00:00,0.512,0.515,0.506,0.507,1065813.3
2025-04-20 06:00:00,0.506,0.511,0.505,0.508,440602.7
2025-04-20 07:00:00,0.508,0.509,0.502,0.504,657838.5
2025-04-20 08:00:00,0.505,0.507,0.497,0.498,514751.6
2025-04-20 09:00:00,0.499,0.502,0.495,0.498,671973.2
2025-04-20 10:00:00,0.498,0.501,0.493,0.495,742366.1
2025-04-20 11:00:00,0.495,0.496,0.49,0.494,641085.4
2025-04-20 12:00:00,0.494,0.497,0.492,0.494,303045.8
2025-04-20 13:00:00,0.494,0.497,0.49,0.497,535092.8
2025-04-20 14:00:00,0.496,0.502,0.495,0.5,694541.5
2025-04-20 15:00:00,0.5,0.503,0.497,0.498,679081.1
2025-04-20 16:00:00,0.498,0.51,0.497,0.506,817145.4
2025-04-20 17:00:00,0.506,0.507,0.501,0.504,365977.7
2025-04-20 18:00:00,0.504,0.521,0.503,0.517,1214218.7
2025-04-20 19:00:00,0.517,0.546,0.516,0.529,5101094.6
2025-04-20 20:00:00,0.529,0.536,0.525,0.526,1276070.7
2025-04-20 21:00:00,0.526,0.528,0.519,0.521,1111055.0
2025-04-20 22:00:00,0.521,0.522,0.516,0.521,325373.5
2025-04-20 23:00:00,0.522,0.527,0.521,0.527,512098.0
2025-04-21 00:00:00,0.526,0.533,0.521,0.528,1556854.3
2025-04-21 01:00:00,0.529,0.534,0.524,0.526,1050697.4
2025-04-21 02:00:00,0.525,0.527,0.516,0.518,958917.7
2025-04-21 03:00:00,0.518,0.522,0.516,0.517,456853.8
2025-04-21 04:00:00,0.518,0.521,0.516,0.521,499106.6
2025-04-21 05:00:00,0.521,0.527,0.517,0.525,681181.3
2025-04-21 06:00:00,0.525,0.543,0.524,0.54,1744556.1
2025-04-21 07:00:00,0.54,0.54,0.532,0.536,927485.0
2025-04-21 08:00:00,0.536,0.537,0.529,0.53,699480.1
2025-04-21 09:00:00,0.531,0.532,0.522,0.526,700653.5
2025-04-21 10:00:00,0.526,0.529,0.525,0.528,742703.9
2025-04-21 11:00:00,0.527,0.53,0.522,0.528,746390.6
2025-04-21 12:00:00,0.528,0.532,0.524,0.528,685800.0
2025-04-21 13:00:00,0.528,0.531,0.524,0.524,1009573.0
2025-04-21 14:00:00,0.525,0.534,0.522,0.532,1363723.7
2025-04-21 15:00:00,0.532,0.533,0.521,0.524,998363.3
2025-04-21 16:00:00,0.524,0.531,0.515,0.517,1072125.4
2025-04-21 17:00:00,0.517,0.518,0.509,0.513,1794029.7
2025-04-21 18:00:00,0.513,0.513,0.503,0.504,982819.3
2025-04-21 19:00:00,0.504,0.513,0.503,0.51,1093204.3
2025-04-21 20:00:00,0.51,0.513,0.504,0.507,688639.1
2025-04-21 21:00:00,0.506,0.506,0.502,0.504,436675.5
2025-04-21 22:00:00,0.504,0.505,0.5,0.501,317879.7
2025-04-21 23:00:00,0.502,0.509,0.499,0.506,1238992.3
2025-04-22 00:00:00,0.507,0.512,0.497,0.504,981573.8
2025-04-22 01:00:00,0.504,0.514,0.503,0.513,862951.8
2025-04-22 02:00:00,0.512,0.515,0.505,0.507,697636.7
2025-04-22 03:00:00,0.507,0.508,0.503,0.506,577212.7
2025-04-22 04:00:00,0.505,0.51,0.501,0.502,450256.6
2025-04-22 05:00:00,0.502,0.503,0.499,0.501,433600.2
2025-04-22 06:00:00,0.501,0.503,0.491,0.496,1199695.2
2025-04-22 07:00:00,0.496,0.509,0.492,0.508,1612862.8
2025-04-22 08:00:00,0.508,0.512,0.503,0.504,858893.9
2025-04-22 09:00:00,0.503,0.506,0.501,0.503,729781.0
2025-04-22 10:00:00,0.503,0.505,0.501,0.505,451282.2
2025-04-22 11:00:00,0.504,0.549,0.504,0.539,7237371.1
2025-04-22 12:00:00,0.538,0.542,0.529,0.531,2050963.2
2025-04-22 13:00:00,0.531,0.543,0.529,0.534,1900853.2
2025-04-22 14:00:00,0.534,0.542,0.53,0.538,1254362.6
2025-04-22 15:00:00,0.538,0.544,0.529,0.537,1831972.1
2025-04-22 16:00:00,0.538,0.541,0.533,0.534,1256062.1
2025-04-22 17:00:00,0.534,0.539,0.53,0.532,880076.6
2025-04-22 18:00:00,0.533,0.547,0.53,0.544,1022821.9
2025-04-22 19:00:00,0.544,0.547,0.536,0.539,1407376.7
2025-04-22 20:00:00,0.54,0.54,0.534,0.535,646938.8
2025-04-22 21:00:00,0.535,0.549,0.534,0.546,1471531.3
2025-04-22 22:00:00,0.545,0.546,0.537,0.542,1179131.9
2025-04-22 23:00:00,0.543,0.551,0.542,0.551,1170783.8
2025-04-23 00:00:00,0.551,0.56,0.547,0.553,2718445.6
2025-04-23 01:00:00,0.553,0.561,0.544,0.545,1352673.7
2025-04-23 02:00:00,0.546,0.554,0.545,0.552,865471.8
2025-04-23 03:00:00,0.551,0.56,0.551,0.559,626251.7
2025-04-23 04:00:00,0.559,0.563,0.551,0.562,850722.8
2025-04-23 05:00:00,0.562,0.563,0.556,0.557,1170399.5
2025-04-23 06:00:00,0.557,0.57,0.555,0.566,1500038.1
2025-04-23 07:00:00,0.567,0.567,0.558,0.561,1138487.5
2025-04-23 08:00:00,0.561,0.564,0.552,0.56,1679915.0
2025-04-23 09:00:00,0.559,0.565,0.558,0.559,617708.9
2025-04-23 10:00:00,0.559,0.563,0.553,0.561,1130182.5
2025-04-23 11:00:00,0.561,0.562,0.55,0.553,1339027.3
2025-04-23 12:00:00,0.552,0.568,0.551,0.566,1313120.1
2025-04-23 13:00:00,0.566,0.568,0.552,0.554,2787807.5
2025-04-23 14:00:00,0.555,0.562,0.551,0.551,2318251.0
2025-04-23 15:00:00,0.551,0.554,0.538,0.55,2866823.6
2025-04-23 16:00:00,0.549,0.552,0.54,0.55,1377388.9
2025-04-23 17:00:00,0.55,0.555,0.546,0.552,728153.4
2025-04-23 18:00:00,0.553,0.557,0.548,0.55,669771.5
2025-04-23 19:00:00,0.549,0.553,0.542,0.549,1135148.4
2025-04-23 20:00:00,0.55,0.554,0.549,0.55,366067.3
2025-04-23 21:00:00,0.55,0.552,0.544,0.545,408044.5
2025-04-23 22:00:00,0.545,0.551,0.545,0.55,454038.4
2025-04-23 23:00:00,0.55,0.551,0.546,0.548,355052.4
2025-04-24 00:00:00,0.548,0.556,0.541,0.553,1391535.4
2025-04-24 01:00:00,0.552,0.553,0.542,0.547,656082.2
2025-04-24 02:00:00,0.546,0.551,0.539,0.539,1066749.3
2025-04-24 03:00:00,0.539,0.54,0.526,0.527,1329148.6
2025-04-24 04:00:00,0.528,0.531,0.524,0.531,1124611.5
2025-04-24 05:00:00,0.53,0.537,0.53,0.533,341170.5
2025-04-24 06:00:00,0.533,0.541,0.531,0.531,722215.0
2025-04-24 07:00:00,0.531,0.537,0.526,0.528,725699.2
2025-04-24 08:00:00,0.528,0.532,0.521,0.527,1226432.0
2025-04-24 09:00:00,0.526,0.533,0.526,0.532,508774.0
2025-04-24 10:00:00,0.532,0.535,0.53,0.531,785796.8
2025-04-24 11:00:00,0.531,0.539,0.53,0.536,1096731.8
2025-04-24 12:00:00,0.536,0.54,0.533,0.538,637197.8
2025-04-24 13:00:00,0.538,0.547,0.537,0.547,1125430.7
2025-04-24 14:00:00,0.547,0.566,0.545,0.558,3561328.3
2025-04-24 15:00:00,0.558,0.571,0.557,0.561,1893550.2
2025-04-24 16:00:00,0.562,0.568,0.561,0.562,1280640.5
2025-04-24 17:00:00,0.562,0.564,0.549,0.556,1969297.5
2025-04-24 18:00:00,0.555,0.561,0.553,0.555,1042795.5
2025-04-24 19:00:00,0.556,0.557,0.551,0.555,644103.4
2025-04-24 20:00:00,0.556,0.561,0.553,0.557,724585.3
2025-04-24 21:00:00,0.557,0.559,0.55,0.556,601963.4
2025-04-24 22:00:00,0.556,0.56,0.553,0.556,507790.4
2025-04-24 23:00:00,0.556,0.564,0.555,0.563,583914.3
2025-04-25 00:00:00,0.563,0.567,0.561,0.566,599989.4
2025-04-25 01:00:00,0.565,0.571,0.559,0.559,871773.5
2025-04-25 02:00:00,0.56,0.563,0.548,0.551,783227.3
2025-04-25 03:00:00,0.55,0.555,0.55,0.554,529322.8
2025-04-25 04:00:00,0.554,0.559,0.551,0.553,346780.0
2025-04-25 05:00:00,0.554,0.56,0.552,0.56,430482.0
2025-04-25 06:00:00,0.559,0.57,0.558,0.568,889582.3
2025-04-25 07:00:00,0.569,0.573,0.564,0.573,1141905.2
2025-04-25 08:00:00,0.573,0.578,0.569,0.576,1006096.2
2025-04-25 09:00:00,0.576,0.583,0.569,0.581,1107757.2
2025-04-25 10:00:00,0.581,0.583,0.572,0.58,1867507.5
2025-04-25 11:00:00,0.58,0.589,0.579,0.586,1253467.2
2025-04-25 12:00:00,0.587,0.588,0.574,0.575,1666289.7
2025-04-25 13:00:00,0.576,0.582,0.571,0.576,1231158.7
2025-04-25 14:00:00,0.576,0.585,0.575,0.584,1687002.6
2025-04-25 15:00:00,0.584,0.585,0.572,0.575,1160200.2
2025-04-25 16:00:00,0.576,0.578,0.567,0.574,661344.9
2025-04-25 17:00:00,0.575,0.579,0.567,0.569,630453.7
2025-04-25 18:00:00,0.568,0.574,0.568,0.57,347068.6
2025-04-25 19:00:00,0.57,0.57,0.564,0.569,621564.4
2025-04-25 20:00:00,0.569,0.573,0.568,0.572,931246.2
2025-04-25 21:00:00,0.571,0.586,0.571,0.58,1342482.1
2025-04-25 22:00:00,0.581,0.585,0.573,0.579,1075446.1
2025-04-25 23:00:00,0.58,0.593,0.579,0.59,1216626.2
2025-04-26 00:00:00,0.591,0.622,0.587,0.615,4040507.3
2025-04-26 01:00:00,0.615,0.655,0.613,0.648,5398803.0
2025-04-26 02:00:00,0.647,0.65,0.622,0.626,2883279.3
2025-04-26 03:00:00,0.625,0.636,0.618,0.628,2171606.4
2025-04-26 04:00:00,0.628,0.639,0.619,0.627,1755429.4
2025-04-26 05:00:00,0.626,0.631,0.618,0.627,1014821.6
2025-04-26 06:00:00,0.627,0.636,0.624,0.635,1004956.7
2025-04-26 07:00:00,0.634,0.64,0.631,0.631,1072772.3
2025-04-26 08:00:00,0.632,0.637,0.62,0.625,2251661.1
2025-04-26 09:00:00,0.625,0.627,0.614,0.619,1090221.0
2025-04-26 10:00:00,0.619,0.63,0.618,0.624,881505.1
2025-04-26 11:00:00,0.625,0.625,0.604,0.607,1299137.5
2025-04-26 12:00:00,0.607,0.611,0.604,0.606,858259.5
2025-04-26 13:00:00,0.606,0.61,0.598,0.606,1208051.9
2025-04-26 14:00:00,0.605,0.614,0.603,0.609,1954372.4
2025-04-26 15:00:00,0.61,0.62,0.607,0.619,1159833.0
2025-04-26 16:00:00,0.619,0.62,0.607,0.617,1079317.1
2025-04-26 17:00:00,0.618,0.62,0.613,0.617,695470.5
2025-04-26 18:00:00,0.617,0.622,0.614,0.616,603183.6
2025-04-26 19:00:00,0.616,0.624,0.615,0.621,635804.2
2025-04-26 20:00:00,0.622,0.623,0.615,0.615,434349.5
2025-04-26 21:00:00,0.615,0.618,0.613,0.614,377621.3
2025-04-26 22:00:00,0.615,0.622,0.615,0.622,507567.5
2025-04-26 23:00:00,0.622,0.633,0.621,0.628,992852.0
2025-04-27 00:00:00,0.628,0.641,0.621,0.631,2619713.6
2025-04-27 01:00:00,0.631,0.631,0.605,0.606,2030448.8
2025-04-27 02:00:00,0.606,0.616,0.606,0.614,882535.9
2025-04-27 03:00:00,0.613,0.624,0.613,0.62,753978.9
2025-04-27 04:00:00,0.62,0.625,0.615,0.621,1030707.3
2025-04-27 05:00:00,0.621,0.635,0.62,0.624,2214093.8
2025-04-27 06:00:00,0.624,0.625,0.605,0.609,957713.1
2025-04-27 07:00:00,0.609,0.611,0.598,0.609,1511363.7
2025-04-27 08:00:00,0.609,0.617,0.606,0.61,844314.6
2025-04-27 09:00:00,0.611,0.611,0.602,0.609,709628.3
2025-04-27 10:00:00,0.609,0.609,0.605,0.608,594355.7
2025-04-27 11:00:00,0.607,0.609,0.605,0.606,644256.4
2025-04-27 12:00:00,0.605,0.607,0.595,0.598,1445603.5
2025-04-27 13:00:00,0.598,0.6,0.581,0.599,2147257.6
2025-04-27 14:00:00,0.598,0.604,0.593,0.594,682420.5
2025-04-27 15:00:00,0.593,0.595,0.586,0.589,749970.6
2025-04-27 16:00:00,0.589,0.592,0.584,0.589,657716.9
2025-04-27 17:00:00,0.589,0.595,0.586,0.595,451169.5
2025-04-27 18:00:00,0.594,0.603,0.593,0.598,268906.9
2025-04-27 19:00:00,0.599,0.603,0.595,0.6,274109.0
2025-04-27 20:00:00,0.601,0.602,0.594,0.595,253983.3
2025-04-27 21:00:00,0.594,0.6,0.592,0.599,291570.8
2025-04-27 22:00:00,0.598,0.598,0.589,0.592,343629.6
2025-04-27 23:00:00,0.592,0.592,0.586,0.588,326344.2
2025-04-28 00:00:00,0.588,0.59,0.579,0.58,1432619.8
2025-04-28 01:00:00,0.579,0.583,0.563,0.57,2081804.7
2025-04-28 02:00:00,0.57,0.58,0.567,0.579,987051.7
2025-04-28 03:00:00,0.578,0.585,0.576,0.581,816506.1
2025-04-28 04:00:00,0.581,0.587,0.581,0.584,898664.8
2025-04-28 05:00:00,0.583,0.591,0.582,0.59,757715.1
2025-04-28 06:00:00,0.59,0.605,0.59,0.599,1059417.5
2025-04-28 07:00:00,0.599,0.61,0.597,0.605,1222115.8
2025-04-28 08:00:00,0.606,0.613,0.603,0.609,1076949.8
2025-04-28 09:00:00,0.61,0.615,0.605,0.609,585644.6
2025-04-28 10:00:00,0.61,0.618,0.598,0.613,2186884.6
2025-04-28 11:00:00,0.613,0.618,0.608,0.61,1040258.3
2025-04-28 12:00:00,0.61,0.611,0.601,0.604,767937.1
2025-04-28 13:00:00,0.605,0.611,0.597,0.599,1481378.7
2025-04-28 14:00:00,0.598,0.608,0.592,0.595,1502413.1
2025-04-28 15:00:00,0.595,0.597,0.58,0.587,1096626.2
2025-04-28 16:00:00,0.587,0.59,0.577,0.586,674210.6
2025-04-28 17:00:00,0.587,0.598,0.585,0.596,546484.3
2025-04-28 18:00:00,0.595,0.599,0.59,0.597,610988.3
2025-04-28 19:00:00,0.597,0.604,0.595,0.601,892583.0
2025-04-28 20:00:00,0.601,0.602,0.595,0.598,610649.7
2025-04-28 21:00:00,0.598,0.604,0.595,0.603,427070.2
2025-04-28 22:00:00,0.603,0.607,0.598,0.605,466015.0
2025-04-28 23:00:00,0.606,0.614,0.602,0.607,1314573.1
2025-04-29 00:00:00,0.607,0.614,0.602,0.61,840180.8
2025-04-29 01:00:00,0.61,0.623,0.607,0.616,1511520.7
2025-04-29 02:00:00,0.616,0.624,0.613,0.617,1191543.6
2025-04-29 03:00:00,0.617,0.625,0.617,0.621,793908.7
2025-04-29 04:00:00,0.621,0.622,0.613,0.615,1003252.1
2025-04-29 05:00:00,0.615,0.619,0.609,0.615,624656.9
2025-04-29 06:00:00,0.615,0.626,0.614,0.616,1136564.7
2025-04-29 07:00:00,0.617,0.625,0.615,0.621,788951.8
2025-04-29 08:00:00,0.622,0.622,0.611,0.612,1143866.8
2025-04-29 09:00:00,0.612,0.613,0.598,0.609,1391829.7
2025-04-29 10:00:00,0.61,0.611,0.596,0.599,830521.9
2025-04-29 11:00:00,0.598,0.605,0.597,0.601,729709.7
2025-04-29 12:00:00,0.601,0.605,0.591,0.593,1113927.6
2025-04-29 13:00:00,0.593,0.597,0.587,0.596,791883.9
2025-04-29 14:00:00,0.595,0.606,0.594,0.602,953192.6
2025-04-29 15:00:00,0.602,0.603,0.595,0.596,438959.7
2025-04-29 16:00:00,0.596,0.603,0.594,0.596,484442.3
2025-04-29 17:00:00,0.596,0.599,0.591,0.598,540126.3
2025-04-29 18:00:00,0.598,0.6,0.596,0.598,260912.2
2025-04-29 19:00:00,0.599,0.6,0.591,0.593,417769.0
2025-04-29 20:00:00,0.593,0.596,0.587,0.59,423819.0
2025-04-29 21:00:00,0.59,0.59,0.582,0.588,711013.8
2025-04-29 22:00:00,0.588,0.588,0.578,0.58,532919.0
2025-04-29 23:00:00,0.579,0.584,0.574,0.582,472395.6
2025-04-30 00:00:00,0.582,0.59,0.579,0.584,1063819.5
2025-04-30 01:00:00,0.584,0.589,0.581,0.585,938573.7
2025-04-30 02:00:00,0.585,0.593,0.584,0.591,399137.5
2025-04-30 03:00:00,0.591,0.595,0.588,0.593,462023.1
2025-04-30 04:00:00,0.594,0.596,0.591,0.596,339136.1
2025-04-30 05:00:00,0.596,0.596,0.588,0.588,420475.6
2025-04-30 06:00:00,0.589,0.596,0.589,0.591,329852.1
2025-04-30 07:00:00,0.591,0.593,0.581,0.587,511442.7
2025-04-30 08:00:00,0.586,0.592,0.585,0.586,543962.5
2025-04-30 09:00:00,0.587,0.599,0.586,0.596,403532.5
2025-04-30 10:00:00,0.596,0.596,0.59,0.593,335386.4
2025-04-30 11:00:00,0.593,0.594,0.589,0.59,414092.5
2025-04-30 12:00:00,0.59,0.594,0.574,0.578,1344641.1
2025-04-30 13:00:00,0.577,0.579,0.551,0.553,3251456.6
2025-04-30 14:00:00,0.553,0.575,0.55,0.565,1587545.9
2025-04-30 15:00:00,0.566,0.575,0.565,0.571,1055899.9
2025-04-30 16:00:00,0.571,0.572,0.562,0.57,961601.8
2025-04-30 17:00:00,0.571,0.579,0.568,0.576,718761.0
2025-04-30 18:00:00,0.575,0.581,0.572,0.575,879657.4
2025-04-30 19:00:00,0.576,0.577,0.57,0.574,409686.3
2025-04-30 20:00:00,0.574,0.582,0.574,0.578,607235.1
2025-04-30 21:00:00,0.578,0.581,0.574,0.574,334577.7
2025-04-30 22:00:00,0.574,0.582,0.574,0.581,489756.0
2025-04-30 23:00:00,0.581,0.586,0.58,0.583,342062.3
2025-05-01 00:00:00,0.583,0.595,0.582,0.595,471024.4
2025-05-01 01:00:00,0.594,0.603,0.586,0.588,838010.3
2025-05-01 02:00:00,0.588,0.589,0.581,0.582,948392.3
2025-05-01 03:00:00,0.582,0.584,0.574,0.574,314311.1
2025-05-01 04:00:00,0.575,0.58,0.571,0.578,338006.5
2025-05-01 05:00:00,0.579,0.587,0.577,0.584,375877.5
2025-05-01 06:00:00,0.584,0.584,0.579,0.582,440799.9
2025-05-01 07:00:00,0.582,0.589,0.579,0.587,573421.8
2025-05-01 08:00:00,0.587,0.592,0.584,0.59,529617.9
2025-05-01 09:00:00,0.59,0.596,0.587,0.594,579116.2
2025-05-01 10:00:00,0.594,0.602,0.593,0.598,994583.5
2025-05-01 11:00:00,0.599,0.6,0.594,0.6,422365.1
2025-05-01 12:00:00,0.6,0.603,0.594,0.603,1083146.1
2025-05-01 13:00:00,0.603,0.605,0.588,0.589,1463788.9
2025-05-01 14:00:00,0.589,0.599,0.588,0.599,1148208.9
2025-05-01 15:00:00,0.599,0.603,0.595,0.596,1047787.0
2025-05-01 16:00:00,0.596,0.601,0.593,0.594,651857.8
2025-05-01 17:00:00,0.593,0.601,0.591,0.594,472533.0
2025-05-01 18:00:00,0.595,0.597,0.59,0.597,397270.4
2025-05-01 19:00:00,0.597,0.598,0.593,0.595,396929.9
2025-05-01 20:00:00,0.595,0.596,0.591,0.593,413794.4
2025-05-01 21:00:00,0.592,0.595,0.592,0.594,156007.1
2025-05-01 22:00:00,0.594,0.596,0.591,0.592,336172.1
2025-05-01 23:00:00,0.591,0.597,0.59,0.594,322316.4
2025-05-02 00:00:00,0.595,0.608,0.595,0.605,426891.1
2025-05-02 01:00:00,0.605,0.606,0.597,0.6,212243.3
2025-05-02 02:00:00,0.599,0.603,0.596,0.602,337763.9
2025-05-02 03:00:00,0.603,0.603,0.592,0.595,277158.0
2025-05-02 04:00:00,0.594,0.595,0.582,0.586,544956.9
2025-05-02 05:00:00,0.585,0.588,0.582,0.585,308287.3
2025-05-02 06:00:00,0.584,0.589,0.582,0.583,260084.6
2025-05-02 07:00:00,0.583,0.584,0.573,0.573,1201930.9
2025-05-02 08:00:00,0.574,0.582,0.572,0.581,269792.4
2025-05-02 09:00:00,0.58,0.582,0.575,0.577,313762.8
2025-05-02 10:00:00,0.576,0.578,0.571,0.571,456561.6
2025-05-02 11:00:00,0.572,0.577,0.571,0.575,200293.1
2025-05-02 12:00:00,0.574,0.582,0.571,0.581,736314.2
2025-05-02 13:00:00,0.582,0.583,0.577,0.578,416861.0
2025-05-02 14:00:00,0.578,0.585,0.577,0.584,464386.6
2025-05-02 15:00:00,0.584,0.587,0.577,0.585,1107233.0
2025-05-02 16:00:00,0.585,0.595,0.585,0.589,469897.4
2025-05-02 17:00:00,0.588,0.589,0.583,0.585,335126.4
2025-05-02 18:00:00,0.585,0.588,0.582,0.582,238567.0
2025-05-02 19:00:00,0.582,0.582,0.573,0.576,265605.7
2025-05-02 20:00:00,0.575,0.581,0.574,0.579,137078.4
2025-05-02 21:00:00,0.579,0.579,0.571,0.573,257557.9
2025-05-02 22:00:00,0.573,0.579,0.573,0.576,128871.7
2025-05-02 23:00:00,0.577,0.582,0.576,0.582,164642.2
2025-05-03 00:00:00,0.581,0.583,0.575,0.576,204061.8
2025-05-03 01:00:00,0.576,0.578,0.569,0.569,293339.3
2025-05-03 02:00:00,0.569,0.574,0.568,0.574,200269.5
2025-05-03 03:00:00,0.573,0.576,0.572,0.572,129793.0
2025-05-03 04:00:00,0.572,0.574,0.57,0.572,151933.2
2025-05-03 05:00:00,0.573,0.573,0.569,0.57,173738.8
2025-05-03 06:00:00,0.57,0.571,0.567,0.568,141751.7
2025-05-03 07:00:00,0.569,0.569,0.564,0.566,234355.6
2025-05-03 08:00:00,0.566,0.566,0.56,0.563,261129.1
2025-05-03 09:00:00,0.563,0.564,0.56,0.561,194387.8
2025-05-03 10:00:00,0.562,0.562,0.554,0.555,614396.3
2025-05-03 11:00:00,0.555,0.559,0.553,0.554,250981.9
2025-05-03 12:00:00,0.555,0.562,0.555,0.56,527451.2
2025-05-03 13:00:00,0.559,0.56,0.557,0.559,185137.7
2025-05-03 14:00:00,0.56,0.561,0.556,0.559,173507.8
2025-05-03 15:00:00,0.558,0.562,0.556,0.556,293813.3
2025-05-03 16:00:00,0.556,0.556,0.542,0.545,670641.3
2025-05-03 17:00:00,0.545,0.545,0.529,0.541,1094215.5
2025-05-03 18:00:00,0.54,0.541,0.533,0.536,393434.2
2025-05-03 19:00:00,0.535,0.543,0.533,0.542,367574.8
2025-05-03 20:00:00,0.542,0.543,0.537,0.538,307919.9
2025-05-03 21:00:00,0.538,0.541,0.534,0.537,353148.7
2025-05-03 22:00:00,0.537,0.54,0.534,0.536,148248.8
2025-05-03 23:00:00,0.537,0.537,0.531,0.533,345433.3
2025-05-04 00:00:00,0.533,0.537,0.526,0.528,531086.9
2025-05-04 01:00:00,0.527,0.537,0.525,0.536,376442.1
2025-05-04 02:00:00,0.536,0.54,0.531,0.534,586192.7
2025-05-04 03:00:00,0.534,0.536,0.53,0.532,213406.8
2025-05-04 04:00:00,0.533,0.535,0.529,0.532,189043.0
2025-05-04 05:00:00,0.532,0.539,0.53,0.536,248251.8
2025-05-04 06:00:00,0.536,0.538,0.532,0.537,342451.9
2025-05-04 07:00:00,0.537,0.539,0.533,0.536,244421.2
2025-05-04 08:00:00,0.537,0.538,0.529,0.532,389910.1
2025-05-04 09:00:00,0.531,0.534,0.527,0.529,379956.3
2025-05-04 10:00:00,0.528,0.533,0.527,0.531,174575.3
2025-05-04 11:00:00,0.531,0.536,0.53,0.533,241386.3
2025-05-04 12:00:00,0.533,0.535,0.532,0.533,147390.2
2025-05-04 13:00:00,0.532,0.534,0.523,0.528,406655.0
2025-05-04 14:00:00,0.529,0.535,0.529,0.532,202920.8
2025-05-04 15:00:00,0.533,0.534,0.525,0.528,223032.7
2025-05-04 16:00:00,0.528,0.53,0.522,0.525,410702.0
2025-05-04 17:00:00,0.525,0.528,0.519,0.526,492352.4
2025-05-04 18:00:00,0.526,0.529,0.523,0.523,153517.2
2025-05-04 19:00:00,0.523,0.527,0.521,0.525,344497.2
2025-05-04 20:00:00,0.525,0.531,0.525,0.531,326652.4
2025-05-04 21:00:00,0.53,0.532,0.527,0.531,235364.1
2025-05-04 22:00:00,0.531,0.531,0.52,0.525,374539.3
2025-05-04 23:00:00,0.525,0.526,0.519,0.523,344656.0
2025-05-05 00:00:00,0.524,0.529,0.522,0.526,262654.2
2025-05-05 01:00:00,0.526,0.526,0.511,0.513,1037593.2
2025-05-05 02:00:00,0.513,0.525,0.51,0.522,697532.3
2025-05-05 03:00:00,0.522,0.525,0.521,0.521,255846.8
2025-05-05 04:00:00,0.522,0.53,0.519,0.528,359779.2
2025-05-05 05:00:00,0.528,0.532,0.526,0.531,266148.6
2025-05-05 06:00:00,0.531,0.532,0.525,0.527,1252258.6
2025-05-05 07:00:00,0.527,0.528,0.524,0.528,287700.7
2025-05-05 08:00:00,0.528,0.531,0.526,0.526,426582.9
2025-05-05 09:00:00,0.526,0.528,0.522,0.522,291210.4
2025-05-05 10:00:00,0.523,0.524,0.512,0.517,734296.3
2025-05-05 11:00:00,0.517,0.52,0.512,0.516,310658.4
2025-05-05 12:00:00,0.516,0.519,0.513,0.516,557614.9
2025-05-05 13:00:00,0.515,0.517,0.509,0.516,512131.0
2025-05-05 14:00:00,0.517,0.519,0.513,0.516,453320.6
2025-05-05 15:00:00,0.516,0.517,0.508,0.511,312792.8
2025-05-05 16:00:00,0.511,0.517,0.51,0.513,486056.1
2025-05-05 17:00:00,0.513,0.52,0.51,0.518,625538.2
2025-05-05 18:00:00,0.519,0.526,0.517,0.522,372986.8
2025-05-05 19:00:00,0.522,0.525,0.516,0.516,225614.9
2025-05-05 20:00:00,0.516,0.516,0.507,0.512,374308.6
2025-05-05 21:00:00,0.513,0.519,0.512,0.516,230316.6
2025-05-05 22:00:00,0.517,0.521,0.516,0.518,156253.0
2025-05-05 23:00:00,0.518,0.519,0.512,0.512,104651.2
2025-05-06 00:00:00,0.513,0.514,0.509,0.511,218811.8
2025-05-06 01:00:00,0.511,0.517,0.51,0.511,330947.6
2025-05-06 02:00:00,0.511,0.513,0.506,0.512,341912.9
2025-05-06 03:00:00,0.512,0.517,0.51,0.516,243944.8
2025-05-06 04:00:00,0.516,0.52,0.516,0.517,231916.7
2025-05-06 05:00:00,0.517,0.518,0.512,0.512,190804.3
2025-05-06 06:00:00,0.512,0.515,0.511,0.513,231457.3
2025-05-06 07:00:00,0.514,0.516,0.511,0.511,302240.8
2025-05-06 08:00:00,0.511,0.511,0.502,0.508,463416.9
2025-05-06 09:00:00,0.507,0.507,0.5,0.505,428474.4
2025-05-06 10:00:00,0.505,0.505,0.495,0.5,701091.8
2025-05-06 11:00:00,0.5,0.503,0.493,0.496,369362.1
2025-05-06 12:00:00,0.496,0.501,0.494,0.5,305391.6
2025-05-06 13:00:00,0.5,0.501,0.494,0.497,319960.9
2025-05-06 14:00:00,0.497,0.508,0.497,0.501,609914.8
2025-05-06 15:00:00,0.501,0.504,0.497,0.498,593058.8
2025-05-06 16:00:00,0.498,0.501,0.494,0.497,319011.1
2025-05-06 17:00:00,0.496,0.503,0.495,0.5,164976.4
2025-05-06 18:00:00,0.5,0.508,0.499,0.507,384801.8
2025-05-06 19:00:00,0.507,0.508,0.501,0.502,208142.5
2025-05-06 20:00:00,0.502,0.503,0.494,0.496,209154.2
2025-05-06 21:00:00,0.496,0.499,0.481,0.491,717931.0
2025-05-06 22:00:00,0.491,0.505,0.491,0.503,688626.1
2025-05-06 23:00:00,0.503,0.508,0.5,0.503,1251590.0
2025-05-07 00:00:00,0.503,0.512,0.502,0.511,967652.6
2025-05-07 01:00:00,0.511,0.517,0.511,0.515,434684.9
2025-05-07 02:00:00,0.515,0.515,0.503,0.504,446670.6
2025-05-07 03:00:00,0.504,0.508,0.499,0.506,284473.3
2025-05-07 04:00:00,0.507,0.51,0.506,0.507,679027.8
2025-05-07 05:00:00,0.507,0.509,0.502,0.502,180422.4
2025-05-07 06:00:00,0.502,0.506,0.499,0.504,286226.3
2025-05-07 07:00:00,0.504,0.512,0.503,0.511,428895.7
2025-05-07 08:00:00,0.512,0.516,0.507,0.513,514954.3
2025-05-07 09:00:00,0.514,0.515,0.508,0.51,308252.2
2025-05-07 10:00:00,0.51,0.511,0.506,0.507,498443.0
2025-05-07 11:00:00,0.507,0.511,0.505,0.51,298844.1
2025-05-07 12:00:00,0.509,0.511,0.504,0.504,259073.6
2025-05-07 13:00:00,0.504,0.508,0.501,0.506,406927.0
2025-05-07 14:00:00,0.507,0.509,0.499,0.501,561540.6
2025-05-07 15:00:00,0.502,0.502,0.497,0.499,375445.3
2025-05-07 16:00:00,0.498,0.499,0.491,0.496,355090.2
2025-05-07 17:00:00,0.496,0.498,0.492,0.497,265497.8
2025-05-07 18:00:00,0.498,0.506,0.494,0.501,1221679.5
2025-05-07 19:00:00,0.501,0.502,0.494,0.498,671957.2
2025-05-07 20:00:00,0.497,0.5,0.495,0.498,793238.0
2025-05-07 21:00:00,0.499,0.506,0.498,0.504,952871.6
2025-05-07 22:00:00,0.504,0.511,0.503,0.509,319802.8
2025-05-07 23:00:00,0.509,0.513,0.508,0.51,353846.0
2025-05-08 00:00:00,0.509,0.518,0.509,0.517,505573.3
2025-05-08 01:00:00,0.517,0.522,0.513,0.514,538558.8
2025-05-08 02:00:00,0.514,0.524,0.514,0.52,436061.8
2025-05-08 03:00:00,0.521,0.531,0.52,0.53,355108.2
2025-05-08 04:00:00,0.531,0.535,0.53,0.532,620191.7
2025-05-08 05:00:00,0.532,0.536,0.529,0.531,312558.2
2025-05-08 06:00:00,0.531,0.538,0.531,0.538,279835.7
2025-05-08 07:00:00,0.537,0.544,0.536,0.538,907489.6
2025-05-08 08:00:00,0.538,0.553,0.538,0.549,1072460.5
2025-05-08 09:00:00,0.549,0.553,0.548,0.552,435961.1
2025-05-08 10:00:00,0.552,0.558,0.548,0.556,560960.4
2025-05-08 11:00:00,0.556,0.557,0.547,0.55,856043.3
2025-05-08 12:00:00,0.55,0.554,0.546,0.548,569738.0
2025-05-08 13:00:00,0.547,0.551,0.543,0.544,394355.0
2025-05-08 14:00:00,0.545,0.554,0.541,0.549,538330.2
2025-05-08 15:00:00,0.548,0.573,0.547,0.562,2347494.3
2025-05-08 16:00:00,0.562,0.57,0.561,0.567,1012733.2
2025-05-08 17:00:00,0.567,0.568,0.56,0.564,353632.6
2025-05-08 18:00:00,0.564,0.57,0.562,0.565,393802.2
2025-05-08 19:00:00,0.565,0.573,0.564,0.572,367464.0
2025-05-08 20:00:00,0.572,0.593,0.571,0.592,510391.4
2025-05-08 21:00:00,0.592,0.598,0.583,0.588,920680.1
2025-05-08 22:00:00,0.588,0.591,0.582,0.59,716906.9
2025-05-08 23:00:00,0.59,0.596,0.588,0.594,535263.8
2025-05-09 00:00:00,0.594,0.607,0.592,0.601,589499.2
2025-05-09 01:00:00,0.601,0.612,0.599,0.611,771394.9
2025-05-09 02:00:00,0.611,0.611,0.6,0.603,848112.3
2025-05-09 03:00:00,0.604,0.612,0.597,0.599,785024.5
2025-05-09 04:00:00,0.6,0.604,0.597,0.602,795287.6
2025-05-09 05:00:00,0.602,0.609,0.6,0.609,620422.1
2025-05-09 06:00:00,0.609,0.623,0.606,0.621,1352974.8
2025-05-09 07:00:00,0.621,0.644,0.621,0.633,2265091.3
2025-05-09 08:00:00,0.632,0.653,0.618,0.629,3706618.9
2025-05-09 09:00:00,0.63,0.639,0.618,0.626,2138835.5
2025-05-09 10:00:00,0.627,0.641,0.623,0.639,938602.5
2025-05-09 11:00:00,0.64,0.649,0.632,0.634,2105415.7
2025-05-09 12:00:00,0.634,0.638,0.627,0.637,912134.3
2025-05-09 13:00:00,0.637,0.658,0.636,0.655,1533843.6
2025-05-09 14:00:00,0.655,0.657,0.631,0.642,1789951.2
2025-05-09 15:00:00,0.643,0.649,0.634,0.64,1153074.8
2025-05-09 16:00:00,0.641,0.65,0.63,0.636,2180352.6
2025-05-09 17:00:00,0.636,0.65,0.633,0.648,1174629.7
2025-05-09 18:00:00,0.649,0.65,0.636,0.637,1095287.3
2025-05-09 19:00:00,0.637,0.641,0.62,0.625,3543224.6
2025-05-09 20:00:00,0.626,0.634,0.621,0.631,1052003.6
2025-05-09 21:00:00,0.63,0.637,0.625,0.63,716448.2
2025-05-09 22:00:00,0.631,0.636,0.627,0.629,558394.9
2025-05-09 23:00:00,0.63,0.637,0.629,0.636,367991.0
2025-05-10 00:00:00,0.637,0.683,0.636,0.643,3593449.5
2025-05-10 01:00:00,0.642,0.656,0.639,0.645,989988.7
2025-05-10 02:00:00,0.645,0.651,0.642,0.646,424425.2
2025-05-10 03:00:00,0.645,0.648,0.641,0.645,359659.3
2025-05-10 04:00:00,0.645,0.646,0.635,0.641,465800.2
2025-05-10 05:00:00,0.642,0.648,0.64,0.646,361828.5
2025-05-10 06:00:00,0.646,0.654,0.645,0.651,756532.0
2025-05-10 07:00:00,0.651,0.669,0.65,0.665,1139152.2
2025-05-10 08:00:00,0.666,0.676,0.654,0.664,1412947.7
2025-05-10 09:00:00,0.663,0.664,0.655,0.659,568988.6
2025-05-10 10:00:00,0.66,0.663,0.647,0.647,1015651.3
2025-05-10 11:00:00,0.647,0.652,0.637,0.643,1236157.9
2025-05-10 12:00:00,0.642,0.651,0.64,0.646,697920.4
2025-05-10 13:00:00,0.646,0.661,0.646,0.657,1237960.6
2025-05-10 14:00:00,0.658,0.659,0.646,0.653,783603.2
2025-05-10 15:00:00,0.654,0.654,0.643,0.645,680862.6
2025-05-10 16:00:00,0.646,0.658,0.643,0.656,576328.5
2025-05-10 17:00:00,0.656,0.665,0.655,0.66,1727561.8
2025-05-10 18:00:00,0.659,0.664,0.654,0.661,837599.7
2025-05-10 19:00:00,0.662,0.665,0.659,0.663,513212.6
2025-05-10 20:00:00,0.663,0.678,0.659,0.673,945469.5
2025-05-10 21:00:00,0.674,0.683,0.671,0.682,1003046.9
2025-05-10 22:00:00,0.682,0.718,0.682,0.714,3181350.5
2025-05-10 23:00:00,0.714,0.733,0.706,0.718,3195449.7
2025-05-11 00:00:00,0.719,0.736,0.702,0.725,3253631.0
2025-05-11 01:00:00,0.726,0.735,0.717,0.723,1548215.7
2025-05-11 02:00:00,0.723,0.755,0.719,0.725,2875507.5
2025-05-11 03:00:00,0.724,0.741,0.716,0.733,1567021.6
2025-05-11 04:00:00,0.733,0.742,0.721,0.738,1698383.8
2025-05-11 05:00:00,0.738,0.746,0.732,0.737,1099824.9
2025-05-11 06:00:00,0.737,0.744,0.719,0.721,1287780.8
2025-05-11 07:00:00,0.721,0.721,0.69,0.697,1849324.4
2025-05-11 08:00:00,0.697,0.708,0.692,0.695,951954.2
2025-05-11 09:00:00,0.696,0.717,0.696,0.713,778318.5
2025-05-11 10:00:00,0.714,0.721,0.705,0.716,1254884.1
2025-05-11 11:00:00,0.716,0.721,0.714,0.716,970504.7
2025-05-11 12:00:00,0.716,0.721,0.71,0.717,634108.8
2025-05-11 13:00:00,0.718,0.723,0.697,0.697,1275171.5
2025-05-11 14:00:00,0.698,0.707,0.697,0.704,516082.3
2025-05-11 15:00:00,0.704,0.711,0.69,0.698,812323.2
2025-05-11 16:00:00,0.697,0.701,0.686,0.696,832123.3
2025-05-11 17:00:00,0.697,0.706,0.692,0.703,816633.6
2025-05-11 18:00:00,0.703,0.714,0.697,0.71,661101.7
2025-05-11 19:00:00,0.709,0.762,0.707,0.753,5964382.8
2025-05-11 20:00:00,0.754,0.758,0.719,0.727,2287570.6
2025-05-11 21:00:00,0.727,0.727,0.714,0.725,918939.8
2025-05-11 22:00:00,0.725,0.73,0.711,0.717,758723.6
2025-05-11 23:00:00,0.718,0.726,0.712,0.716,399841.8
2025-05-12 00:00:00,0.716,0.735,0.714,0.73,964591.8
2025-05-12 01:00:00,0.73,0.738,0.712,0.721,1014835.0
2025-05-12 02:00:00,0.721,0.73,0.716,0.722,832432.2
2025-05-12 03:00:00,0.722,0.73,0.715,0.726,780457.6
2025-05-12 04:00:00,0.726,0.736,0.723,0.73,872059.2
2025-05-12 05:00:00,0.731,0.732,0.711,0.714,1267058.0
2025-05-12 06:00:00,0.715,0.728,0.711,0.727,948191.4
2025-05-12 07:00:00,0.727,0.756,0.727,0.734,3130889.4
2025-05-12 08:00:00,0.734,0.744,0.722,0.742,1717668.2
2025-05-12 09:00:00,0.741,0.748,0.737,0.739,1317596.2
2025-05-12 10:00:00,0.739,0.743,0.729,0.736,1544259.9
2025-05-12 11:00:00,0.735,0.742,0.718,0.721,1654294.6
2025-05-12 12:00:00,0.721,0.734,0.717,0.731,1125980.6
2025-05-12 13:00:00,0.731,0.739,0.72,0.734,1956729.8
2025-05-12 14:00:00,0.735,0.74,0.705,0.713,2802909.6
2025-05-12 15:00:00,0.713,0.717,0.7,0.707,2380991.8
2025-05-12 16:00:00,0.707,0.725,0.703,0.722,1388854.6
2025-05-12 17:00:00,0.722,0.729,0.706,0.709,1244404.7
2025-05-12 18:00:00,0.709,0.712,0.662,0.681,4210910.6
2025-05-12 19:00:00,0.681,0.695,0.679,0.695,1230247.1
2025-05-12 20:00:00,0.695,0.704,0.69,0.7,808663.4
2025-05-12 21:00:00,0.7,0.712,0.7,0.71,546912.0
2025-05-12 22:00:00,0.71,0.714,0.701,0.707,514538.0
2025-05-12 23:00:00,0.707,0.716,0.706,0.708,436020.2
2025-05-13 00:00:00,0.709,0.711,0.691,0.692,740606.0
2025-05-13 01:00:00,0.692,0.696,0.674,0.68,1048628.6
2025-05-13 02:00:00,0.68,0.682,0.664,0.67,1294283.8
2025-05-13 03:00:00,0.67,0.675,0.657,0.66,781516.8
2025-05-13 04:00:00,0.66,0.677,0.656,0.674,808633.9
2025-05-13 05:00:00,0.674,0.682,0.673,0.68,884825.1
2025-05-13 06:00:00,0.681,0.693,0.678,0.679,527438.9
2025-05-13 07:00:00,0.68,0.693,0.678,0.683,1214455.8
2025-05-13 08:00:00,0.684,0.688,0.678,0.685,690139.5
2025-05-13 09:00:00,0.685,0.702,0.684,0.7,1144949.0
2025-05-13 10:00:00,0.7,0.701,0.687,0.694,949453.4
2025-05-13 11:00:00,0.694,0.7,0.689,0.697,643157.6
2025-05-13 12:00:00,0.698,0.716,0.689,0.71,1537050.9
2025-05-13 13:00:00,0.71,0.722,0.709,0.712,1301827.0
2025-05-13 14:00:00,0.712,0.716,0.699,0.705,1457897.1
2025-05-13 15:00:00,0.706,0.714,0.705,0.712,745446.0
2025-05-13 16:00:00,0.712,0.73,0.709,0.728,1313238.2
2025-05-13 17:00:00,0.728,0.742,0.728,0.736,1345432.0
2025-05-13 18:00:00,0.735,0.775,0.734,0.772,3202084.2
2025-05-13 19:00:00,0.771,0.801,0.765,0.791,4201256.9
2025-05-13 20:00:00,0.791,0.799,0.776,0.793,2298208.0
2025-05-13 21:00:00,0.793,0.842,0.778,0.829,4683149.4
2025-05-13 22:00:00,0.829,0.833,0.791,0.791,2387374.4
2025-05-13 23:00:00,0.792,0.798,0.787,0.79,1203159.1
2025-05-14 00:00:00,0.79,0.793,0.775,0.79,1551836.7
2025-05-14 01:00:00,0.789,0.802,0.783,0.79,1248352.7
2025-05-14 02:00:00,0.79,0.798,0.777,0.796,868373.6
2025-05-14 03:00:00,0.796,0.811,0.79,0.803,1206813.5
2025-05-14 04:00:00,0.803,0.803,0.787,0.791,904770.9
2025-05-14 05:00:00,0.792,0.797,0.782,0.793,872131.7
2025-05-14 06:00:00,0.792,0.799,0.787,0.792,813477.1
2025-05-14 07:00:00,0.792,0.792,0.773,0.773,897787.4
2025-05-14 08:00:00,0.773,0.776,0.748,0.75,2521195.1
2025-05-14 09:00:00,0.75,0.762,0.747,0.758,958667.7
2025-05-14 10:00:00,0.758,0.766,0.756,0.76,512908.5
2025-05-14 11:00:00,0.76,0.775,0.759,0.769,806857.6
2025-05-14 12:00:00,0.769,0.776,0.758,0.76,949636.1
2025-05-14 13:00:00,0.761,0.763,0.738,0.752,1446750.1
2025-05-14 14:00:00,0.752,0.755,0.736,0.74,1585737.1
2025-05-14 15:00:00,0.74,0.743,0.73,0.742,1426149.4
2025-05-14 16:00:00,0.742,0.743,0.733,0.741,1746270.9
2025-05-14 17:00:00,0.741,0.744,0.723,0.734,1819010.0
2025-05-14 18:00:00,0.734,0.739,0.728,0.731,712574.1
2025-05-14 19:00:00,0.731,0.741,0.729,0.74,889256.1
2025-05-14 20:00:00,0.74,0.744,0.735,0.735,709095.2
2025-05-14 21:00:00,0.735,0.742,0.728,0.74,441178.5
2025-05-14 22:00:00,0.74,0.743,0.73,0.733,306869.1
2025-05-14 23:00:00,0.733,0.737,0.727,0.735,308542.9
2025-05-15 00:00:00,0.735,0.767,0.734,0.764,1975002.7
2025-05-15 01:00:00,0.763,0.769,0.735,0.74,1418176.0
2025-05-15 02:00:00,0.739,0.749,0.734,0.738,541960.8
2025-05-15 03:00:00,0.738,0.74,0.714,0.717,833579.7
2025-05-15 04:00:00,0.718,0.72,0.711,0.715,847440.4
2025-05-15 05:00:00,0.716,0.719,0.692,0.694,1340419.9
2025-05-15 06:00:00,0.694,0.697,0.679,0.69,1488771.5
2025-05-15 07:00:00,0.69,0.692,0.673,0.676,1722144.2
2025-05-15 08:00:00,0.676,0.701,0.676,0.7,1686028.6
2025-05-15 09:00:00,0.701,0.705,0.684,0.695,1565092.1
2025-05-15 10:00:00,0.695,0.695,0.679,0.686,894842.9
2025-05-15 11:00:00,0.686,0.7,0.684,0.695,1115531.7
2025-05-15 12:00:00,0.696,0.706,0.687,0.699,1541749.0
2025-05-15 13:00:00,0.699,0.711,0.685,0.692,1493620.5
2025-05-15 14:00:00,0.692,0.695,0.672,0.679,1450214.4
2025-05-15 15:00:00,0.678,0.715,0.677,0.715,1054005.3
2025-05-15 16:00:00,0.715,0.719,0.694,0.718,1563741.0
2025-05-15 17:00:00,0.718,0.728,0.713,0.716,1114151.9
2025-05-15 18:00:00,0.716,0.717,0.685,0.689,936169.6
2025-05-15 19:00:00,0.689,0.7,0.684,0.691,505733.5
2025-05-15 20:00:00,0.692,0.697,0.678,0.682,1398154.0
2025-05-15 21:00:00,0.683,0.683,0.665,0.682,715022.5
2025-05-15 22:00:00,0.681,0.689,0.676,0.676,371548.1
2025-05-15 23:00:00,0.677,0.681,0.659,0.677,765264.5
2025-05-16 00:00:00,0.677,0.687,0.674,0.679,562115.6
2025-05-16 01:00:00,0.68,0.684,0.67,0.68,376675.3
2025-05-16 02:00:00,0.68,0.691,0.679,0.686,1203021.3
2025-05-16 03:00:00,0.685,0.691,0.683,0.689,306583.5
2025-05-16 04:00:00,0.689,0.694,0.678,0.685,388482.3
2025-05-16 05:00:00,0.685,0.696,0.684,0.694,249366.8
2025-05-16 06:00:00,0.693,0.716,0.691,0.706,1554455.0
2025-05-16 07:00:00,0.706,0.717,0.701,0.707,1337927.4
2025-05-16 08:00:00,0.707,0.714,0.694,0.695,1576223.2
2025-05-16 09:00:00,0.696,0.71,0.695,0.708,522175.6
2025-05-16 10:00:00,0.708,0.711,0.697,0.708,1061778.3
2025-05-16 11:00:00,0.708,0.709,0.696,0.698,540941.0
2025-05-16 12:00:00,0.697,0.699,0.688,0.69,728450.8
2025-05-16 13:00:00,0.69,0.703,0.688,0.703,771919.4
2025-05-16 14:00:00,0.702,0.702,0.675,0.68,858269.5
2025-05-16 15:00:00,0.68,0.692,0.679,0.689,812764.8
2025-05-16 16:00:00,0.689,0.693,0.673,0.684,478857.4
2025-05-16 17:00:00,0.684,0.685,0.667,0.671,450804.6
2025-05-16 18:00:00,0.67,0.674,0.668,0.673,248578.2
2025-05-16 19:00:00,0.673,0.679,0.668,0.676,506005.7
2025-05-16 20:00:00,0.676,0.678,0.66,0.665,781541.5
2025-05-16 21:00:00,0.664,0.672,0.663,0.667,824364.5
2025-05-16 22:00:00,0.666,0.667,0.643,0.652,1192702.0
2025-05-16 23:00:00,0.652,0.663,0.652,0.656,359688.2
2025-05-17 00:00:00,0.656,0.658,0.641,0.645,659238.9
2025-05-17 01:00:00,0.644,0.644,0.624,0.631,876180.8
2025-05-17 02:00:00,0.632,0.638,0.623,0.632,777711.7
2025-05-17 03:00:00,0.632,0.641,0.625,0.639,606888.2
2025-05-17 04:00:00,0.639,0.649,0.636,0.642,422619.1
2025-05-17 05:00:00,0.643,0.644,0.628,0.629,318272.5
2025-05-17 06:00:00,0.63,0.637,0.628,0.635,375730.3
2025-05-17 07:00:00,0.635,0.641,0.627,0.632,469558.7
2025-05-17 08:00:00,0.632,0.636,0.628,0.63,498901.9
2025-05-17 09:00:00,0.63,0.632,0.624,0.63,445804.6
2025-05-17 10:00:00,0.63,0.64,0.63,0.633,632921.1
2025-05-17 11:00:00,0.634,0.635,0.626,0.63,416580.2
2025-05-17 12:00:00,0.63,0.633,0.626,0.626,309290.8
2025-05-17 13:00:00,0.627,0.631,0.614,0.617,2356987.9
2025-05-17 14:00:00,0.618,0.63,0.616,0.629,991512.0
2025-05-17 15:00:00,0.629,0.631,0.623,0.624,336124.5
2025-05-17 16:00:00,0.623,0.626,0.61,0.621,454459.3
2025-05-17 17:00:00,0.62,0.628,0.62,0.62,344243.3
2025-05-17 18:00:00,0.62,0.629,0.615,0.616,1043413.1
2025-05-17 19:00:00,0.616,0.623,0.614,0.616,185986.9
2025-05-17 20:00:00,0.616,0.63,0.614,0.628,448730.8
2025-05-17 21:00:00,0.628,0.63,0.621,0.625,733475.0
2025-05-17 22:00:00,0.624,0.625,0.613,0.619,356624.1
2025-05-17 23:00:00,0.62,0.625,0.617,0.624,227736.7
2025-05-18 00:00:00,0.623,0.628,0.62,0.625,294030.2
2025-05-18 01:00:00,0.625,0.633,0.622,0.628,331063.3
2025-05-18 02:00:00,0.629,0.63,0.626,0.627,231704.6
2025-05-18 03:00:00,0.627,0.633,0.623,0.628,606425.8
2025-05-18 04:00:00,0.628,0.636,0.627,0.635,260610.5
2025-05-18 05:00:00,0.635,0.657,0.635,0.655,585915.7
2025-05-18 06:00:00,0.656,0.657,0.647,0.65,595489.7
2025-05-18 07:00:00,0.65,0.665,0.648,0.665,453730.0
2025-05-18 08:00:00,0.665,0.684,0.664,0.681,1344532.2
2025-05-18 09:00:00,0.682,0.682,0.664,0.668,839442.5
2025-05-18 10:00:00,0.669,0.671,0.66,0.666,496614.9
2025-05-18 11:00:00,0.665,0.669,0.658,0.658,486341.7
2025-05-18 12:00:00,0.658,0.663,0.652,0.662,520097.1
2025-05-18 13:00:00,0.663,0.677,0.658,0.675,574035.6
2025-05-18 14:00:00,0.676,0.684,0.668,0.68,1084747.2
2025-05-18 15:00:00,0.68,0.695,0.676,0.689,777834.7
2025-05-18 16:00:00,0.69,0.696,0.683,0.694,1329623.2
2025-05-18 17:00:00,0.693,0.695,0.664,0.665,841579.2
2025-05-18 18:00:00,0.666,0.666,0.647,0.651,1046326.4
2025-05-18 19:00:00,0.651,0.654,0.633,0.634,647016.0
2025-05-18 20:00:00,0.633,0.642,0.618,0.639,1295815.8
2025-05-18 21:00:00,0.64,0.652,0.639,0.642,378309.7
2025-05-18 22:00:00,0.641,0.661,0.634,0.66,828123.1
2025-05-18 23:00:00,0.66,0.683,0.654,0.679,626859.6
2025-05-19 00:00:00,0.679,0.688,0.661,0.664,1156822.2
2025-05-19 01:00:00,0.664,0.667,0.654,0.654,648031.6
2025-05-19 02:00:00,0.654,0.66,0.641,0.643,571091.8
2025-05-19 03:00:00,0.643,0.643,0.632,0.636,355571.4
2025-05-19 04:00:00,0.637,0.642,0.621,0.626,715074.1
2025-05-19 05:00:00,0.627,0.633,0.624,0.629,593579.7
2025-05-19 06:00:00,0.63,0.638,0.615,0.616,503946.5
2025-05-19 07:00:00,0.615,0.634,0.614,0.63,696373.7
2025-05-19 08:00:00,0.629,0.631,0.62,0.623,353307.6
2025-05-19 09:00:00,0.623,0.628,0.619,0.623,950292.5
2025-05-19 10:00:00,0.623,0.63,0.619,0.624,694094.4
2025-05-19 11:00:00,0.624,0.629,0.623,0.626,184704.4
2025-05-19 12:00:00,0.625,0.627,0.614,0.618,605509.8
2025-05-19 13:00:00,0.619,0.64,0.618,0.636,1075287.6
2025-05-19 14:00:00,0.636,0.645,0.631,0.642,791511.4
2025-05-19 15:00:00,0.642,0.648,0.637,0.642,769012.4
2025-05-19 16:00:00,0.642,0.649,0.633,0.649,631876.6
2025-05-19 17:00:00,0.649,0.662,0.646,0.648,563788.2
2025-05-19 18:00:00,0.647,0.652,0.636,0.639,849914.3
2025-05-19 19:00:00,0.639,0.643,0.634,0.639,807124.7
2025-05-19 20:00:00,0.64,0.645,0.637,0.641,461105.6
2025-05-19 21:00:00,0.641,0.642,0.631,0.642,353913.5
2025-05-19 22:00:00,0.642,0.642,0.634,0.637,286897.2
2025-05-19 23:00:00,0.637,0.647,0.637,0.645,424112.6
2025-05-20 00:00:00,0.645,0.659,0.637,0.638,582964.4
2025-05-20 01:00:00,0.638,0.661,0.636,0.654,750837.4
2025-05-20 02:00:00,0.655,0.667,0.655,0.656,823357.1
2025-05-20 03:00:00,0.657,0.66,0.647,0.651,827897.5
2025-05-20 04:00:00,0.651,0.655,0.646,0.653,241751.5
2025-05-20 05:00:00,0.654,0.661,0.653,0.653,414797.7
2025-05-20 06:00:00,0.653,0.656,0.646,0.651,425397.4
2025-05-20 07:00:00,0.651,0.652,0.641,0.642,392850.8
2025-05-20 08:00:00,0.642,0.646,0.635,0.64,561936.9
2025-05-20 09:00:00,0.64,0.643,0.637,0.64,252857.5
2025-05-20 10:00:00,0.64,0.644,0.629,0.632,741258.6
2025-05-20 11:00:00,0.633,0.635,0.625,0.631,433229.6
2025-05-20 12:00:00,0.631,0.632,0.62,0.624,395931.8
2025-05-20 13:00:00,0.624,0.628,0.621,0.624,579754.9
2025-05-20 14:00:00,0.624,0.63,0.621,0.623,787113.3
2025-05-20 15:00:00,0.624,0.635,0.623,0.631,402425.6
2025-05-20 16:00:00,0.632,0.635,0.624,0.625,446975.7
2025-05-20 17:00:00,0.626,0.641,0.625,0.637,526964.3
2025-05-20 18:00:00,0.637,0.641,0.623,0.625,707376.9
2025-05-20 19:00:00,0.624,0.649,0.623,0.646,509288.8
2025-05-20 20:00:00,0.645,0.66,0.64,0.656,547365.0
2025-05-20 21:00:00,0.657,0.691,0.654,0.677,1861241.0
2025-05-20 22:00:00,0.677,0.682,0.663,0.682,1173263.3
2025-05-20 23:00:00,0.681,0.681,0.671,0.674,841704.7
2025-05-21 00:00:00,0.675,0.694,0.673,0.674,1926536.3
2025-05-21 01:00:00,0.674,0.677,0.663,0.663,551181.3
2025-05-21 02:00:00,0.664,0.674,0.656,0.673,846520.4
2025-05-21 03:00:00,0.673,0.679,0.669,0.67,469479.4
2025-05-21 04:00:00,0.67,0.678,0.666,0.671,710014.5
2025-05-21 05:00:00,0.67,0.685,0.67,0.682,634578.8
2025-05-21 06:00:00,0.682,0.706,0.674,0.705,1547684.5
2025-05-21 07:00:00,0.705,0.705,0.677,0.682,2124179.5
2025-05-21 08:00:00,0.682,0.69,0.674,0.68,682478.0
2025-05-21 09:00:00,0.681,0.684,0.668,0.673,710460.6
2025-05-21 10:00:00,0.672,0.68,0.67,0.676,653178.2
2025-05-21 11:00:00,0.676,0.692,0.675,0.684,673726.9
2025-05-21 12:00:00,0.684,0.687,0.675,0.677,448344.9
2025-05-21 13:00:00,0.678,0.686,0.67,0.68,675700.2
2025-05-21 14:00:00,0.681,0.691,0.676,0.691,1398047.9
2025-05-21 15:00:00,0.691,0.691,0.676,0.683,1403488.3
2025-05-21 16:00:00,0.683,0.708,0.68,0.691,2203539.4
2025-05-21 17:00:00,0.692,0.698,0.657,0.664,3927027.3
2025-05-21 18:00:00,0.665,0.673,0.658,0.665,1142789.3
2025-05-21 19:00:00,0.665,0.677,0.661,0.675,502459.1
2025-05-21 20:00:00,0.674,0.676,0.663,0.669,437120.8
2025-05-21 21:00:00,0.669,0.675,0.668,0.669,266485.7
2025-05-21 22:00:00,0.668,0.678,0.667,0.678,484535.5
2025-05-21 23:00:00,0.678,0.694,0.675,0.681,908295.1
2025-05-22 00:00:00,0.682,0.707,0.68,0.707,1036167.7
2025-05-22 01:00:00,0.707,0.718,0.702,0.708,2210195.2
2025-05-22 02:00:00,0.708,0.714,0.695,0.707,2570239.9
2025-05-22 03:00:00,0.708,0.715,0.699,0.709,853876.4
2025-05-22 04:00:00,0.709,0.715,0.701,0.709,1716814.4
2025-05-22 05:00:00,0.709,0.719,0.706,0.707,873101.1
2025-05-22 06:00:00,0.707,0.714,0.704,0.709,1616739.9
2025-05-22 07:00:00,0.709,0.719,0.706,0.718,546370.8
2025-05-22 08:00:00,0.718,0.729,0.717,0.722,836140.2
2025-05-22 09:00:00,0.723,0.734,0.719,0.726,792104.8
2025-05-22 10:00:00,0.727,0.729,0.717,0.72,526623.0
2025-05-22 11:00:00,0.72,0.721,0.708,0.715,573773.5
2025-05-22 12:00:00,0.715,0.722,0.71,0.721,562061.7
2025-05-22 13:00:00,0.721,0.721,0.707,0.712,1032994.4
2025-05-22 14:00:00,0.712,0.749,0.712,0.748,1795201.8
2025-05-22 15:00:00,0.748,0.759,0.743,0.746,2304622.4
2025-05-22 16:00:00,0.746,0.78,0.746,0.769,3844592.2
2025-05-22 17:00:00,0.769,0.787,0.765,0.778,2395153.3
2025-05-22 18:00:00,0.778,0.784,0.768,0.78,1339090.8
2025-05-22 19:00:00,0.781,0.787,0.763,0.768,1185814.4
2025-05-22 20:00:00,0.768,0.787,0.765,0.766,1000312.0
2025-05-22 21:00:00,0.766,0.767,0.753,0.757,916839.2
2025-05-22 22:00:00,0.757,0.766,0.755,0.755,1024893.0
2025-05-22 23:00:00,0.756,0.759,0.748,0.748,1037820.0
2025-05-23 00:00:00,0.749,0.758,0.743,0.746,1102245.8
2025-05-23 01:00:00,0.746,0.761,0.744,0.754,1121479.6
2025-05-23 02:00:00,0.754,0.768,0.751,0.76,1548961.5
2025-05-23 03:00:00,0.76,0.771,0.759,0.767,1151255.7
2025-05-23 04:00:00,0.767,0.768,0.739,0.751,1184081.7
2025-05-23 05:00:00,0.75,0.756,0.738,0.748,1138014.6
2025-05-23 06:00:00,0.748,0.749,0.723,0.729,1521296.2
2025-05-23 07:00:00,0.729,0.74,0.727,0.73,893126.9
2025-05-23 08:00:00,0.73,0.74,0.728,0.737,891726.4
2025-05-23 09:00:00,0.737,0.762,0.734,0.755,1900978.7
2025-05-23 10:00:00,0.756,0.757,0.744,0.754,1523013.0
2025-05-23 11:00:00,0.753,0.755,0.702,0.716,5852738.1
2025-05-23 12:00:00,0.717,0.729,0.687,0.718,6453215.0
2025-05-23 13:00:00,0.719,0.732,0.708,0.731,2231059.9
2025-05-23 14:00:00,0.732,0.734,0.72,0.728,1358819.8
2025-05-23 15:00:00,0.728,0.732,0.709,0.709,1183829.8
2025-05-23 16:00:00,0.71,0.73,0.71,0.725,2160129.5
2025-05-23 17:00:00,0.725,0.73,0.716,0.718,965954.7
2025-05-23 18:00:00,0.717,0.722,0.709,0.71,1612478.3
2025-05-23 19:00:00,0.711,0.716,0.703,0.704,1104367.9
2025-05-23 20:00:00,0.703,0.705,0.695,0.697,1416519.9
2025-05-23 21:00:00,0.697,0.701,0.688,0.691,1023742.5
2025-05-23 22:00:00,0.691,0.696,0.683,0.684,627213.3
2025-05-23 23:00:00,0.684,0.687,0.653,0.657,5705323.4
2025-05-24 00:00:00,0.657,0.669,0.652,0.66,1235148.4
2025-05-24 01:00:00,0.659,0.67,0.657,0.659,689389.6
2025-05-24 02:00:00,0.659,0.67,0.657,0.667,467546.5
2025-05-24 03:00:00,0.666,0.675,0.664,0.671,652483.0
2025-05-24 04:00:00,0.672,0.677,0.669,0.673,453519.1
2025-05-24 05:00:00,0.673,0.674,0.664,0.671,372177.7
2025-05-24 06:00:00,0.67,0.675,0.664,0.67,481208.4
2025-05-24 07:00:00,0.67,0.674,0.663,0.668,564319.7
2025-05-24 08:00:00,0.668,0.67,0.662,0.67,543036.4
2025-05-24 09:00:00,0.669,0.682,0.667,0.672,610147.9
2025-05-24 10:00:00,0.673,0.684,0.671,0.682,850594.7
2025-05-24 11:00:00,0.683,0.686,0.673,0.673,1067362.5
2025-05-24 12:00:00,0.674,0.678,0.67,0.677,599895.6
2025-05-24 13:00:00,0.677,0.68,0.669,0.67,859165.3
2025-05-24 14:00:00,0.67,0.68,0.669,0.676,621832.7
2025-05-24 15:00:00,0.676,0.679,0.668,0.673,555329.4
2025-05-24 16:00:00,0.672,0.677,0.667,0.674,1413572.1
2025-05-24 17:00:00,0.674,0.679,0.669,0.671,563480.9
2025-05-24 18:00:00,0.671,0.675,0.666,0.667,456358.5
2025-05-24 19:00:00,0.667,0.674,0.667,0.671,273249.1
2025-05-24 20:00:00,0.672,0.674,0.668,0.669,464447.9
2025-05-24 21:00:00,0.668,0.669,0.659,0.663,806017.7
2025-05-24 22:00:00,0.664,0.665,0.659,0.661,357143.9
2025-05-24 23:00:00,0.66,0.664,0.656,0.661,875166.6
2025-05-25 00:00:00,0.661,0.666,0.644,0.647,1257457.3
2025-05-25 01:00:00,0.647,0.654,0.644,0.648,775424.1
2025-05-25 02:00:00,0.649,0.656,0.643,0.655,670602.0
2025-05-25 03:00:00,0.654,0.662,0.654,0.66,148536.0
2025-05-25 04:00:00,0.659,0.663,0.656,0.661,169580.6
2025-05-25 05:00:00,0.661,0.666,0.66,0.665,173197.3
2025-05-25 06:00:00,0.664,0.665,0.659,0.66,194284.0
2025-05-25 07:00:00,0.66,0.66,0.65,0.653,372998.3
2025-05-25 08:00:00,0.653,0.653,0.636,0.639,699972.6
2025-05-25 09:00:00,0.639,0.644,0.634,0.641,663089.1
2025-05-25 10:00:00,0.641,0.644,0.637,0.638,451487.0
2025-05-25 11:00:00,0.638,0.642,0.635,0.638,337863.5
2025-05-25 12:00:00,0.638,0.646,0.634,0.645,438033.0
2025-05-25 13:00:00,0.645,0.647,0.639,0.642,275087.4
2025-05-25 14:00:00,0.642,0.644,0.635,0.636,370228.2
2025-05-25 15:00:00,0.637,0.639,0.626,0.637,1404781.3
2025-05-25 16:00:00,0.638,0.638,0.628,0.635,489923.5
2025-05-25 17:00:00,0.635,0.638,0.632,0.635,249959.4
2025-05-25 18:00:00,0.635,0.643,0.633,0.638,452837.0
2025-05-25 19:00:00,0.638,0.65,0.637,0.646,575313.2
2025-05-25 20:00:00,0.647,0.65,0.642,0.646,336704.3
2025-05-25 21:00:00,0.646,0.65,0.641,0.643,232530.8
2025-05-25 22:00:00,0.644,0.682,0.643,0.68,2111520.3
2025-05-25 23:00:00,0.681,0.688,0.671,0.683,1094575.3
2025-05-26 00:00:00,0.684,0.697,0.676,0.696,1076139.2
2025-05-26 01:00:00,0.696,0.698,0.686,0.694,564867.8
2025-05-26 02:00:00,0.693,0.693,0.683,0.684,494607.5
2025-05-26 03:00:00,0.684,0.698,0.68,0.689,992757.0
2025-05-26 04:00:00,0.689,0.696,0.687,0.688,588525.2
2025-05-26 05:00:00,0.687,0.694,0.684,0.694,744326.6
2025-05-26 06:00:00,0.694,0.7,0.69,0.698,997684.8
2025-05-26 07:00:00,0.699,0.708,0.695,0.703,1458233.1
2025-05-26 08:00:00,0.704,0.707,0.688,0.689,747187.5
2025-05-26 09:00:00,0.689,0.693,0.683,0.685,516673.0
2025-05-26 10:00:00,0.686,0.687,0.677,0.679,494551.3
2025-05-26 11:00:00,0.68,0.683,0.674,0.679,482303.8
2025-05-26 12:00:00,0.679,0.682,0.674,0.678,545433.5
2025-05-26 13:00:00,0.679,0.682,0.669,0.671,1119257.1
2025-05-26 14:00:00,0.671,0.676,0.666,0.67,916045.6
2025-05-26 15:00:00,0.67,0.685,0.668,0.68,722939.7
2025-05-26 16:00:00,0.68,0.685,0.667,0.67,813087.7
2025-05-26 17:00:00,0.67,0.674,0.662,0.666,808806.6
2025-05-26 18:00:00,0.666,0.674,0.665,0.667,320119.8
2025-05-26 19:00:00,0.667,0.67,0.664,0.667,354878.1
2025-05-26 20:00:00,0.667,0.675,0.663,0.673,530606.9
2025-05-26 21:00:00,0.673,0.675,0.669,0.671,408273.4
2025-05-26 22:00:00,0.672,0.678,0.667,0.668,377078.3
2025-05-26 23:00:00,0.668,0.672,0.665,0.67,595877.5
2025-05-27 00:00:00,0.671,0.677,0.662,0.662,401975.1
2025-05-27 01:00:00,0.662,0.662,0.651,0.66,553504.1
2025-05-27 02:00:00,0.659,0.669,0.658,0.666,350262.4
2025-05-27 03:00:00,0.666,0.678,0.666,0.673,392452.8
2025-05-27 04:00:00,0.672,0.682,0.671,0.675,448710.1
2025-05-27 05:00:00,0.675,0.682,0.668,0.679,346205.4
2025-05-27 06:00:00,0.68,0.697,0.679,0.687,1066790.8
2025-05-27 07:00:00,0.688,0.696,0.685,0.691,615769.2
2025-05-27 08:00:00,0.691,0.699,0.691,0.695,845476.6
2025-05-27 09:00:00,0.696,0.698,0.689,0.692,376558.6
